Department family,Entity,Date,Expense Type,Expense area,Supplier,Transaction number,AP Amount (�)
Department of Health,NHS South West Lincolnshire CCG,9/30/2018,C&M-PMS Baseline Adjustment,PRC DELEGATED CO-COMMISSIONING,DR GALLOP & PARTNERS,23733985,"47,973.78"
Department of Health,NHS South West Lincolnshire CCG,9/30/2018,C&M-PMS GP Statutory Levy,PRC DELEGATED CO-COMMISSIONING,DR GALLOP & PARTNERS,23733985,4.18
Department of Health,NHS South West Lincolnshire CCG,9/30/2018,C&M-PMS Prem Notional Rent,PRC DELEGATED CO-COMMISSIONING,DR GALLOP & PARTNERS,23733985,"4,833.33"
Department of Health,NHS South West Lincolnshire CCG,9/30/2018,C&M-PMS QOF Aspiration,PRC DELEGATED CO-COMMISSIONING,DR GALLOP & PARTNERS,23733985,"4,520.73"
Department of Health,NHS South West Lincolnshire CCG,9/30/2018,C&M-PMS Voluntary Levy,PRC DELEGATED CO-COMMISSIONING,DR GALLOP & PARTNERS,23733985,0.50
Department of Health,NHS South West Lincolnshire CCG,9/30/2018,ME - PMS GP Prior Year ERs,PRC DELEGATED CO-COMMISSIONING,DR GALLOP & PARTNERS,23733985,"1,000.73"
Department of Health,NHS South West Lincolnshire CCG,9/30/2018,ME-PMS GP Pension EEs Adjs - PMS,PRC DELEGATED CO-COMMISSIONING,DR GALLOP & PARTNERS,23733985,"1,960.00"
Department of Health,NHS South West Lincolnshire CCG,9/30/2018,ME-PMS GP Pension ERs Adjs - PMS,PRC DELEGATED CO-COMMISSIONING,DR GALLOP & PARTNERS,23733985,"2,013.20"
Department of Health,NHS South West Lincolnshire CCG,9/30/2018,ME-PMS GP Prior Year EEs,PRC DELEGATED CO-COMMISSIONING,DR GALLOP & PARTNERS,23733985,"3,190.94"
Department of Health,NHS South West Lincolnshire CCG,9/30/2018,Hcare Srv Rec NHS Trust-Non Contract,PROGRAMME PROJECTS,UNITED LINCOLNSHIRE HOSPITALS NHS TRUST,23743095,"62,604.62"
Department of Health,NHS South West Lincolnshire CCG,9/30/2018,Hcare Srv Rec NHS Trust-Non Contract,PROGRAMME PROJECTS,UNITED LINCOLNSHIRE HOSPITALS NHS TRUST,23743099,"60,513.90"
Department of Health,NHS South West Lincolnshire CCG,9/30/2018,Hcare Srv Rec NHS Trust-Non Contract,PROGRAMME PROJECTS,UNITED LINCOLNSHIRE HOSPITALS NHS TRUST,23743104,"61,456.29"
Department of Health,NHS South West Lincolnshire CCG,9/30/2018,Clinical&Medical-Voluntary Sector,HOSPICES,ST BARNABAS HOSPICE TRUST,23760569,"58,403.33"
Department of Health,NHS South West Lincolnshire CCG,9/30/2018,Clinical&Medical-Voluntary Sector,HOSPICES,ST BARNABAS HOSPICE TRUST,23760571,"66,550.27"
Department of Health,NHS South West Lincolnshire CCG,9/30/2018,Hcare Srv Rec NHS Trust-Non Contract,ACUTE COMMISSIONING,UNITED LINCOLNSHIRE HOSPITALS NHS TRUST,23781032,"26,517.26"
Department of Health,NHS South West Lincolnshire CCG,9/30/2018,Hcare Srv Rec Fdtn Trust-Over/ Under Performance,ACUTE COMMISSIONING,CAMBRIDGE UNIVERSITY HOSPITALS NHS FOUNDATION TRUST,23781060,"30,655.07"
Department of Health,NHS South West Lincolnshire CCG,9/30/2018,Hcare Srv Rec NHS Trust-Non Contract,ACUTE COMMISSIONING,UNITED LINCOLNSHIRE HOSPITALS NHS TRUST,23781070,"-26,517.26"
Department of Health,NHS South West Lincolnshire CCG,9/30/2018,Hcare Srv Rec NHS Trust-CQUIN,AMBULANCE SERVICES,EAST MIDLANDS AMBULANCE SERVICE NHS TRUST,23781071,"3,913.00"
Department of Health,NHS South West Lincolnshire CCG,9/30/2018,Hcare Srv Rec NHS Trust-Contract Baseline,AMBULANCE SERVICES,EAST MIDLANDS AMBULANCE SERVICE NHS TRUST,23781071,"313,018.00"
Department of Health,NHS South West Lincolnshire CCG,9/30/2018,Clinical&Medical-Independent Sector,WHEELCHAIR SERVICE,MILLBROOK HEALTHCARE LTD,23831032,"25,382.62"
Department of Health,NHS South West Lincolnshire CCG,9/30/2018,Hcare Srv Rec NHS Trust-CQUIN,ACUTE COMMISSIONING,NOTTINGHAM UNIVERSITY HOSPITALS NHS TRUST,23831034,"14,217.00"
Department of Health,NHS South West Lincolnshire CCG,9/30/2018,Hcare Srv Rec NHS Trust-Contract Baseline,ACUTE COMMISSIONING,NOTTINGHAM UNIVERSITY HOSPITALS NHS TRUST,23831034,"594,417.00"
Department of Health,NHS South West Lincolnshire CCG,9/30/2018,Clinical&Medical-Independent Sector,PROGRAMME PROJECTS,SPECSAVERS HEARCARE LTD,23855200,"31,646.25"
Department of Health,NHS South West Lincolnshire CCG,9/30/2018,Hcare Srv Rec NHS Trust-Contract Baseline,COMMUNITY SERVICES,LINCS COMMUNITY HEALTH SERVICES NHS TRUST,23855217,"784,794.13"
Department of Health,NHS South West Lincolnshire CCG,9/30/2018,Chrgs from SLA,CONTRACT MANAGEMENT,OPTUM HEALTH SOLUTIONS (UK) LTD,23855221,"101,955.26"
Department of Health,NHS South West Lincolnshire CCG,9/30/2018,Chrgs from SLA,NON RECURRENT PROGRAMMES,OPTUM HEALTH SOLUTIONS (UK) LTD,23855221,"23,543.86"
Department of Health,NHS South West Lincolnshire CCG,9/30/2018,Charges from CSU,CONTINUING HEALTHCARE ASSESSMENT & SUPPORT,NHS ARDEN AND GEM CSU,23855231,"28,108.91"
Department of Health,NHS South West Lincolnshire CCG,9/30/2018,Hcare Srv Rec Fdtn Trust-Contract Baseline,MENTAL HEALTH CONTRACTS,LINCOLNSHIRE PARTNERSHIP NHS FOUNDATION TRUST,23855234,"912,712.82"
Department of Health,NHS South West Lincolnshire CCG,9/30/2018,Clinical&Medical-Independent Sector,ACUTE COMMISSIONING,FITZWILLIAM HOSPITAL,23888085,"135,654.83"
Department of Health,NHS South West Lincolnshire CCG,9/30/2018,Clinical&Medical-Independent Sector,ACUTE COMMISSIONING,BOSTON WEST HOSPITAL,23888093,"58,079.37"
Department of Health,NHS South West Lincolnshire CCG,9/30/2018,C&M-GMS Global Sum,PRC DELEGATED CO-COMMISSIONING,DR AJ WATTS & PARTNERS,23898423,"70,727.66"
Department of Health,NHS South West Lincolnshire CCG,9/30/2018,C&M-GMS PCO Seniority,PRC DELEGATED CO-COMMISSIONING,DR AJ WATTS & PARTNERS,23898423,"2,108.84"
Department of Health,NHS South West Lincolnshire CCG,9/30/2018,C&M-GMS Prem Actual Rent,PRC DELEGATED CO-COMMISSIONING,DR AJ WATTS & PARTNERS,23898423,"28,800.00"
Department of Health,NHS South West Lincolnshire CCG,9/30/2018,C&M-GMS Prem Notional Rent,PRC DELEGATED CO-COMMISSIONING,DR AJ WATTS & PARTNERS,23898423,"3,516.67"
Department of Health,NHS South West Lincolnshire CCG,9/30/2018,C&M-GMS QOF Aspiration,PRC DELEGATED CO-COMMISSIONING,DR AJ WATTS & PARTNERS,23898423,"7,501.91"
Department of Health,NHS South West Lincolnshire CCG,9/30/2018,C&M-GMS Global Sum,PRC DELEGATED CO-COMMISSIONING,DR ALLSEBROOK & PARTNERS,23898425,"38,018.40"
Department of Health,NHS South West Lincolnshire CCG,9/30/2018,C&M-GMS MPIG Correction Factor,PRC DELEGATED CO-COMMISSIONING,DR ALLSEBROOK & PARTNERS,23898425,567.73
Department of Health,NHS South West Lincolnshire CCG,9/30/2018,C&M-GMS PCO Seniority,PRC DELEGATED CO-COMMISSIONING,DR ALLSEBROOK & PARTNERS,23898425,"1,002.85"
Department of Health,NHS South West Lincolnshire CCG,9/30/2018,C&M-GMS Prem Water Rates,PRC DELEGATED CO-COMMISSIONING,DR ALLSEBROOK & PARTNERS,23898425,111.01
Department of Health,NHS South West Lincolnshire CCG,9/30/2018,C&M-GMS QOF Aspiration,PRC DELEGATED CO-COMMISSIONING,DR ALLSEBROOK & PARTNERS,23898425,"4,297.80"
Department of Health,NHS South West Lincolnshire CCG,9/30/2018,C&M-GMS Global Sum,PRC DELEGATED CO-COMMISSIONING,DR G ENNIS,23898427,"25,523.14"
Department of Health,NHS South West Lincolnshire CCG,9/30/2018,C&M-GMS MPIG Correction Factor,PRC DELEGATED CO-COMMISSIONING,DR G ENNIS,23898427,582.00
Department of Health,NHS South West Lincolnshire CCG,9/30/2018,C&M-GMS Prem Notional Rent,PRC DELEGATED CO-COMMISSIONING,DR G ENNIS,23898427,"4,750.00"
Department of Health,NHS South West Lincolnshire CCG,9/30/2018,C&M-GMS QOF Aspiration,PRC DELEGATED CO-COMMISSIONING,DR G ENNIS,23898427,"2,416.81"
Department of Health,NHS South West Lincolnshire CCG,9/30/2018,C&M-GMS Global Sum,PRC DELEGATED CO-COMMISSIONING,DR JB ELDER & PARTNERS,23898430,"36,161.65"
Department of Health,NHS South West Lincolnshire CCG,9/30/2018,C&M-GMS MPIG Correction Factor,PRC DELEGATED CO-COMMISSIONING,DR JB ELDER & PARTNERS,23898430,170.58
Department of Health,NHS South West Lincolnshire CCG,9/30/2018,C&M-GMS PCO Seniority,PRC DELEGATED CO-COMMISSIONING,DR JB ELDER & PARTNERS,23898430,"3,764.36"
Department of Health,NHS South West Lincolnshire CCG,9/30/2018,C&M-GMS Prem Actual Rent,PRC DELEGATED CO-COMMISSIONING,DR JB ELDER & PARTNERS,23898430,"22,926.44"
Department of Health,NHS South West Lincolnshire CCG,9/30/2018,C&M-GMS QOF Aspiration,PRC DELEGATED CO-COMMISSIONING,DR JB ELDER & PARTNERS,23898430,"3,811.17"
Department of Health,NHS South West Lincolnshire CCG,9/30/2018,C&M-GMS Global Sum,PRC DELEGATED CO-COMMISSIONING,DR LAWRENSON & PARTNERS,23898432,"46,845.65"
Department of Health,NHS South West Lincolnshire CCG,9/30/2018,C&M-GMS PCO Seniority,PRC DELEGATED CO-COMMISSIONING,DR LAWRENSON & PARTNERS,23898432,"1,353.18"
Department of Health,NHS South West Lincolnshire CCG,9/30/2018,C&M-GMS QOF Aspiration,PRC DELEGATED CO-COMMISSIONING,DR LAWRENSON & PARTNERS,23898432,"5,288.83"
Department of Health,NHS South West Lincolnshire CCG,9/30/2018,C&M-GMS Global Sum,PRC DELEGATED CO-COMMISSIONING,DR LEEPER & PARTNERS,23898434,"44,236.97"
Department of Health,NHS South West Lincolnshire CCG,9/30/2018,C&M-GMS PCO Seniority,PRC DELEGATED CO-COMMISSIONING,DR LEEPER & PARTNERS,23898434,"1,737.47"
Department of Health,NHS South West Lincolnshire CCG,9/30/2018,C&M-GMS Prem Actual Rent,PRC DELEGATED CO-COMMISSIONING,DR LEEPER & PARTNERS,23898434,"15,970.50"
Department of Health,NHS South West Lincolnshire CCG,9/30/2018,C&M-GMS QOF Aspiration,PRC DELEGATED CO-COMMISSIONING,DR LEEPER & PARTNERS,23898434,"4,426.07"
Department of Health,NHS South West Lincolnshire CCG,9/30/2018,C&M-GMS Global Sum,PRC DELEGATED CO-COMMISSIONING,DR PARKIN & PARTNERS GRANTHAM,23898436,"110,799.53"
Department of Health,NHS South West Lincolnshire CCG,9/30/2018,C&M-GMS MPIG Correction Factor,PRC DELEGATED CO-COMMISSIONING,DR PARKIN & PARTNERS GRANTHAM,23898436,"5,183.13"
Department of Health,NHS South West Lincolnshire CCG,9/30/2018,C&M-GMS PCO Seniority,PRC DELEGATED CO-COMMISSIONING,DR PARKIN & PARTNERS GRANTHAM,23898436,"3,640.20"
Department of Health,NHS South West Lincolnshire CCG,9/30/2018,C&M-GMS Prem Notional Rent,PRC DELEGATED CO-COMMISSIONING,DR PARKIN & PARTNERS GRANTHAM,23898436,"7,456.25"
Department of Health,NHS South West Lincolnshire CCG,9/30/2018,C&M-GMS QOF Aspiration,PRC DELEGATED CO-COMMISSIONING,DR PARKIN & PARTNERS GRANTHAM,23898436,"16,675.22"
Department of Health,NHS South West Lincolnshire CCG,9/30/2018,C&M-GMS Global Sum,PRC DELEGATED CO-COMMISSIONING,DR PARRY & PARTNERS SLEAFORD,23898438,"54,925.38"
Department of Health,NHS South West Lincolnshire CCG,9/30/2018,C&M-GMS PCO Seniority,PRC DELEGATED CO-COMMISSIONING,DR PARRY & PARTNERS SLEAFORD,23898438,"2,269.19"
Department of Health,NHS South West Lincolnshire CCG,9/30/2018,C&M-GMS Prem Actual Rent,PRC DELEGATED CO-COMMISSIONING,DR PARRY & PARTNERS SLEAFORD,23898438,"3,899.19"
Department of Health,NHS South West Lincolnshire CCG,9/30/2018,C&M-GMS QOF Aspiration,PRC DELEGATED CO-COMMISSIONING,DR PARRY & PARTNERS SLEAFORD,23898438,"6,695.56"
Department of Health,NHS South West Lincolnshire CCG,9/30/2018,C&M-GMS Global Sum,PRC DELEGATED CO-COMMISSIONING,DR MTC HIGGINS & PARTNERS,23898440,"53,415.31"
Department of Health,NHS South West Lincolnshire CCG,9/30/2018,C&M-GMS MPIG Correction Factor,PRC DELEGATED CO-COMMISSIONING,DR MTC HIGGINS & PARTNERS,23898440,907.41
Department of Health,NHS South West Lincolnshire CCG,9/30/2018,C&M-GMS PCO Seniority,PRC DELEGATED CO-COMMISSIONING,DR MTC HIGGINS & PARTNERS,23898440,"1,085.19"
Department of Health,NHS South West Lincolnshire CCG,9/30/2018,C&M-GMS Prem Notional Rent,PRC DELEGATED CO-COMMISSIONING,DR MTC HIGGINS & PARTNERS,23898440,"5,037.33"
Department of Health,NHS South West Lincolnshire CCG,9/30/2018,C&M-GMS Prem Water Rates,PRC DELEGATED CO-COMMISSIONING,DR MTC HIGGINS & PARTNERS,23898440,165.58
Department of Health,NHS South West Lincolnshire CCG,9/30/2018,C&M-GMS QOF Aspiration,PRC DELEGATED CO-COMMISSIONING,DR MTC HIGGINS & PARTNERS,23898440,"7,251.36"
Department of Health,NHS South West Lincolnshire CCG,9/30/2018,C&M-GMS Global Sum,PRC DELEGATED CO-COMMISSIONING,DR RYDER & PARTNERS,23898442,"63,479.78"
Department of Health,NHS South West Lincolnshire CCG,9/30/2018,C&M-GMS PCO Seniority,PRC DELEGATED CO-COMMISSIONING,DR RYDER & PARTNERS,23898442,"1,132.19"
Department of Health,NHS South West Lincolnshire CCG,9/30/2018,C&M-GMS QOF Aspiration,PRC DELEGATED CO-COMMISSIONING,DR RYDER & PARTNERS,23898442,"6,432.22"
Department of Health,NHS South West Lincolnshire CCG,9/30/2018,C&M-GMS Global Sum,PRC DELEGATED CO-COMMISSIONING,DR WEBSTER & PARTNERS,23898444,"127,453.36"
Department of Health,NHS South West Lincolnshire CCG,9/30/2018,C&M-GMS PCO Seniority,PRC DELEGATED CO-COMMISSIONING,DR WEBSTER & PARTNERS,23898444,"2,220.34"
Department of Health,NHS South West Lincolnshire CCG,9/30/2018,C&M-GMS Prem Notional Rent,PRC DELEGATED CO-COMMISSIONING,DR WEBSTER & PARTNERS,23898444,"12,683.33"
Department of Health,NHS South West Lincolnshire CCG,9/30/2018,C&M-GMS Prem Water Rates,PRC DELEGATED CO-COMMISSIONING,DR WEBSTER & PARTNERS,23898444,369.65
Department of Health,NHS South West Lincolnshire CCG,9/30/2018,C&M-GMS QOF Aspiration,PRC DELEGATED CO-COMMISSIONING,DR WEBSTER & PARTNERS,23898444,"16,479.95"
Department of Health,NHS South West Lincolnshire CCG,9/30/2018,C&M-GMS DES Learn Dsblty Hlth Chk,PRC DELEGATED CO-COMMISSIONING,DRS BAMBER & MCKECHNIE,23898445,140.00
Department of Health,NHS South West Lincolnshire CCG,9/30/2018,C&M-GMS Global Sum,PRC DELEGATED CO-COMMISSIONING,DRS BAMBER & MCKECHNIE,23898445,"17,858.33"
Department of Health,NHS South West Lincolnshire CCG,9/30/2018,C&M-GMS MPIG Correction Factor,PRC DELEGATED CO-COMMISSIONING,DRS BAMBER & MCKECHNIE,23898445,36.19
Department of Health,NHS South West Lincolnshire CCG,9/30/2018,C&M-GMS PCO Locum Sickness,PRC DELEGATED CO-COMMISSIONING,DRS BAMBER & MCKECHNIE,23898445,"17,352.60"
Department of Health,NHS South West Lincolnshire CCG,9/30/2018,C&M-GMS Prem Notional Rent,PRC DELEGATED CO-COMMISSIONING,DRS BAMBER & MCKECHNIE,23898445,"2,783.33"
Department of Health,NHS South West Lincolnshire CCG,9/30/2018,C&M-GMS QOF Aspiration,PRC DELEGATED CO-COMMISSIONING,DRS BAMBER & MCKECHNIE,23898445,"1,847.96"
Department of Health,NHS South West Lincolnshire CCG,9/30/2018,C&M-GMS Global Sum,PRC DELEGATED CO-COMMISSIONING,DR TEDBURY & PARTNERS,23898447,"96,036.63"
Department of Health,NHS South West Lincolnshire CCG,9/30/2018,C&M-GMS MPIG Correction Factor,PRC DELEGATED CO-COMMISSIONING,DR TEDBURY & PARTNERS,23898447,71.53
Department of Health,NHS South West Lincolnshire CCG,9/30/2018,C&M-GMS PCO Seniority,PRC DELEGATED CO-COMMISSIONING,DR TEDBURY & PARTNERS,23898447,"2,340.35"
Department of Health,NHS South West Lincolnshire CCG,9/30/2018,C&M-GMS Prem Notional Rent,PRC DELEGATED CO-COMMISSIONING,DR TEDBURY & PARTNERS,23898447,"6,759.02"
Department of Health,NHS South West Lincolnshire CCG,9/30/2018,C&M-GMS QOF Aspiration,PRC DELEGATED CO-COMMISSIONING,DR TEDBURY & PARTNERS,23898447,"11,329.16"
Department of Health,NHS South West Lincolnshire CCG,9/30/2018,ME - GMS GP Prior Year ERs,PRC DELEGATED CO-COMMISSIONING,DR TEDBURY & PARTNERS,23898447,"11,252.51"
Department of Health,NHS South West Lincolnshire CCG,9/30/2018,ME-GMS GP Prior Year AVCs,PRC DELEGATED CO-COMMISSIONING,DR TEDBURY & PARTNERS,23898447,"6,600.00"
Department of Health,NHS South West Lincolnshire CCG,9/30/2018,ME-GMS GP Prior Year EEs,PRC DELEGATED CO-COMMISSIONING,DR TEDBURY & PARTNERS,23898447,"12,023.91"
Department of Health,NHS South West Lincolnshire CCG,9/30/2018,C&M-GMS Global Sum,PRC DELEGATED CO-COMMISSIONING,DR VIJAYAN & PARTNERS,23898449,"77,814.84"
Department of Health,NHS South West Lincolnshire CCG,9/30/2018,C&M-GMS MPIG Correction Factor,PRC DELEGATED CO-COMMISSIONING,DR VIJAYAN & PARTNERS,23898449,"1,605.94"
Department of Health,NHS South West Lincolnshire CCG,9/30/2018,C&M-GMS PCO Seniority,PRC DELEGATED CO-COMMISSIONING,DR VIJAYAN & PARTNERS,23898449,"3,246.17"
Department of Health,NHS South West Lincolnshire CCG,9/30/2018,C&M-GMS Prem Actual Rent,PRC DELEGATED CO-COMMISSIONING,DR VIJAYAN & PARTNERS,23898449,"2,627.30"
Department of Health,NHS South West Lincolnshire CCG,9/30/2018,C&M-GMS Prem Notional Rent,PRC DELEGATED CO-COMMISSIONING,DR VIJAYAN & PARTNERS,23898449,"4,394.91"
Department of Health,NHS South West Lincolnshire CCG,9/30/2018,C&M-GMS QOF Aspiration,PRC DELEGATED CO-COMMISSIONING,DR VIJAYAN & PARTNERS,23898449,"8,997.27"
Department of Health,NHS South West Lincolnshire CCG,9/30/2018,C&M-GMS Global Sum,PRC DELEGATED CO-COMMISSIONING,GLENSIDE COUNTRY PRACTICE,23898450,"26,266.96"
Department of Health,NHS South West Lincolnshire CCG,9/30/2018,C&M-GMS MPIG Correction Factor,PRC DELEGATED CO-COMMISSIONING,GLENSIDE COUNTRY PRACTICE,23898450,"1,060.30"
Department of Health,NHS South West Lincolnshire CCG,9/30/2018,C&M-GMS Prem Notional Rent,PRC DELEGATED CO-COMMISSIONING,GLENSIDE COUNTRY PRACTICE,23898450,"4,187.50"
Department of Health,NHS South West Lincolnshire CCG,9/30/2018,C&M-GMS QOF Aspiration,PRC DELEGATED CO-COMMISSIONING,GLENSIDE COUNTRY PRACTICE,23898450,"2,708.12"
Department of Health,NHS South West Lincolnshire CCG,9/30/2018,C&M-GMS DES Learn Dsblty Hlth Chk,PRC DELEGATED CO-COMMISSIONING,WELBY PRACTICE (THE),23898452,140.00
Department of Health,NHS South West Lincolnshire CCG,9/30/2018,C&M-GMS Global Sum,PRC DELEGATED CO-COMMISSIONING,WELBY PRACTICE (THE),23898452,"59,948.61"
Department of Health,NHS South West Lincolnshire CCG,9/30/2018,C&M-GMS MPIG Correction Factor,PRC DELEGATED CO-COMMISSIONING,WELBY PRACTICE (THE),23898452,"3,218.70"
Department of Health,NHS South West Lincolnshire CCG,9/30/2018,C&M-GMS PCO Locum Adop/Pat/Mat,PRC DELEGATED CO-COMMISSIONING,WELBY PRACTICE (THE),23898452,"3,400.00"
Department of Health,NHS South West Lincolnshire CCG,9/30/2018,C&M-GMS PCO Seniority,PRC DELEGATED CO-COMMISSIONING,WELBY PRACTICE (THE),23898452,169.17
Department of Health,NHS South West Lincolnshire CCG,9/30/2018,C&M-GMS Prem Notional Rent,PRC DELEGATED CO-COMMISSIONING,WELBY PRACTICE (THE),23898452,"7,954.16"
Department of Health,NHS South West Lincolnshire CCG,9/30/2018,C&M-GMS QOF Aspiration,PRC DELEGATED CO-COMMISSIONING,WELBY PRACTICE (THE),23898452,"5,616.28"
Department of Health,NHS South West Lincolnshire CCG,9/30/2018,Income tax <1Yr,BALANCE SHEET,HMRC,23919654,"26,204.88"
Department of Health,NHS South West Lincolnshire CCG,9/30/2018,Income tax <1Yr-Student Loans,BALANCE SHEET,HMRC,23919654,450.00
Department of Health,NHS South West Lincolnshire CCG,9/30/2018,National Insurance < 1 yr-NI- ERS,BALANCE SHEET,HMRC,23919654,"17,775.18"
Department of Health,NHS South West Lincolnshire CCG,9/30/2018,National Insurance < 1 yr-NI-EES,BALANCE SHEET,HMRC,23919654,"12,794.13"
Department of Health,NHS South West Lincolnshire CCG,9/30/2018,Hcare Srv Rec Fdtn Trust-Contract Baseline,MENTAL HEALTH CONTRACTS,LINCOLNSHIRE PARTNERSHIP NHS FOUNDATION TRUST,23928335,"26,722.00"
Department of Health,NHS South West Lincolnshire CCG,9/30/2018,Clinical&Medical-Independent Sector,ACUTE COMMISSIONING,CIRCLE NOTTINGHAM LTD,23928361,"105,168.45"
Department of Health,NHS South West Lincolnshire CCG,9/30/2018,Hcare Srv Rec NHS Trust-CQUIN,ACUTE COMMISSIONING,UNITED LINCOLNSHIRE HOSPITALS NHS TRUST,23942365,"57,689.76"
Department of Health,NHS South West Lincolnshire CCG,9/30/2018,Hcare Srv Rec NHS Trust-Contract Baseline,ACUTE COMMISSIONING,UNITED LINCOLNSHIRE HOSPITALS NHS TRUST,23942365,"4,822,422.05"
Department of Health,NHS South West Lincolnshire CCG,9/30/2018,C&M-GMS Cost of Drugs -Dispensing,LOCAL ENHANCED SERVICES,DR AJ WATTS & PARTNERS,23973208,"-107,242.96"
Department of Health,NHS South West Lincolnshire CCG,9/30/2018,C&M-GMS PrscChrgsCll&RmttdbyGPCntra,PRC DELEGATED CO-COMMISSIONING,DR AJ WATTS & PARTNERS,23973208,"-6,450.40"
Department of Health,NHS South West Lincolnshire CCG,9/30/2018,C&M-GMS Cost of Drugs -Dispensing,LOCAL ENHANCED SERVICES,DR AJ WATTS & PARTNERS,23973209,"203,922.67"
Department of Health,NHS South West Lincolnshire CCG,9/30/2018,C&M-GMS Prof Fees Dispensing,PRC DELEGATED CO-COMMISSIONING,DR AJ WATTS & PARTNERS,23973209,"40,567.15"
Department of Health,NHS South West Lincolnshire CCG,9/30/2018,C&M-GMS PrscrptnChrgsColl&RmttdbyGP,LOCAL ENHANCED SERVICES,DR AJ WATTS & PARTNERS,23973209,"6,450.40"
Department of Health,NHS South West Lincolnshire CCG,9/30/2018,C&M-GMS Cost of Drugs -Dispensing,LOCAL ENHANCED SERVICES,DR G ENNIS,23973211,"-27,277.20"
Department of Health,NHS South West Lincolnshire CCG,9/30/2018,C&M-GMS PrscChrgsCll&RmttdbyGPCntra,PRC DELEGATED CO-COMMISSIONING,DR G ENNIS,23973211,"-2,200.00"
Department of Health,NHS South West Lincolnshire CCG,9/30/2018,C&M-GMS Cost of Drugs -Dispensing,LOCAL ENHANCED SERVICES,DR G ENNIS,23973212,"56,692.70"
Department of Health,NHS South West Lincolnshire CCG,9/30/2018,C&M-GMS Prof Fees Dispensing,PRC DELEGATED CO-COMMISSIONING,DR G ENNIS,23973212,"9,835.81"
Department of Health,NHS South West Lincolnshire CCG,9/30/2018,C&M-GMS PrscrptnChrgsColl&RmttdbyGP,LOCAL ENHANCED SERVICES,DR G ENNIS,23973212,"2,200.00"
Department of Health,NHS South West Lincolnshire CCG,9/30/2018,C&M-GMS Cost of Drugs -Dispensing,LOCAL ENHANCED SERVICES,DR JB ELDER & PARTNERS,23973214,"-43,724.16"
Department of Health,NHS South West Lincolnshire CCG,9/30/2018,C&M-GMS PrscChrgsCll&RmttdbyGPCntra,PRC DELEGATED CO-COMMISSIONING,DR JB ELDER & PARTNERS,23973214,"-2,798.40"
Department of Health,NHS South West Lincolnshire CCG,9/30/2018,C&M-GMS Cost of Drugs -Dispensing,LOCAL ENHANCED SERVICES,DR JB ELDER & PARTNERS,23973215,"89,717.70"
Department of Health,NHS South West Lincolnshire CCG,9/30/2018,C&M-GMS Prof Fees Dispensing,PRC DELEGATED CO-COMMISSIONING,DR JB ELDER & PARTNERS,23973215,"13,963.15"
Department of Health,NHS South West Lincolnshire CCG,9/30/2018,C&M-GMS PrscrptnChrgsColl&RmttdbyGP,LOCAL ENHANCED SERVICES,DR JB ELDER & PARTNERS,23973215,"2,798.40"
Department of Health,NHS South West Lincolnshire CCG,9/30/2018,C&M-GMS Cost of Drugs -Dispensing,LOCAL ENHANCED SERVICES,DR LAWRENSON & PARTNERS,23973216,"-56,002.10"
Department of Health,NHS South West Lincolnshire CCG,9/30/2018,C&M-GMS PrscChrgsCll&RmttdbyGPCntra,PRC DELEGATED CO-COMMISSIONING,DR LAWRENSON & PARTNERS,23973216,"-3,801.60"
Department of Health,NHS South West Lincolnshire CCG,9/30/2018,C&M-GMS Cost of Drugs -Dispensing,LOCAL ENHANCED SERVICES,DR LAWRENSON & PARTNERS,23973217,"109,661.36"
Department of Health,NHS South West Lincolnshire CCG,9/30/2018,C&M-GMS Prof Fees Dispensing,PRC DELEGATED CO-COMMISSIONING,DR LAWRENSON & PARTNERS,23973217,"19,916.22"
Department of Health,NHS South West Lincolnshire CCG,9/30/2018,C&M-GMS PrscrptnChrgsColl&RmttdbyGP,LOCAL ENHANCED SERVICES,DR LAWRENSON & PARTNERS,23973217,"3,801.60"
Department of Health,NHS South West Lincolnshire CCG,9/30/2018,C&M-GMS Cost of Drugs -Dispensing,LOCAL ENHANCED SERVICES,DR LEEPER & PARTNERS,23973218,"-74,453.63"
Department of Health,NHS South West Lincolnshire CCG,9/30/2018,C&M-GMS PrscChrgsCll&RmttdbyGPCntra,PRC DELEGATED CO-COMMISSIONING,DR LEEPER & PARTNERS,23973218,"-3,115.20"
Department of Health,NHS South West Lincolnshire CCG,9/30/2018,C&M-GMS Cost of Drugs -Dispensing,LOCAL ENHANCED SERVICES,DR LEEPER & PARTNERS,23973219,"144,030.91"
Department of Health,NHS South West Lincolnshire CCG,9/30/2018,C&M-GMS Prof Fees Dispensing,PRC DELEGATED CO-COMMISSIONING,DR LEEPER & PARTNERS,23973219,"25,413.05"
Department of Health,NHS South West Lincolnshire CCG,9/30/2018,C&M-GMS PrscrptnChrgsColl&RmttdbyGP,LOCAL ENHANCED SERVICES,DR LEEPER & PARTNERS,23973219,"3,115.20"
Department of Health,NHS South West Lincolnshire CCG,9/30/2018,C&M-GMS Cost of Drugs -Dispensing,LOCAL ENHANCED SERVICES,DR PARRY & PARTNERS SLEAFORD,23973221,"-92,190.78"
Department of Health,NHS South West Lincolnshire CCG,9/30/2018,C&M-GMS PrscChrgsCll&RmttdbyGPCntra,PRC DELEGATED CO-COMMISSIONING,DR PARRY & PARTNERS SLEAFORD,23973221,"-3,572.80"
Department of Health,NHS South West Lincolnshire CCG,9/30/2018,C&M-GMS Cost of Drugs -Dispensing,LOCAL ENHANCED SERVICES,DR PARRY & PARTNERS SLEAFORD,23973222,"180,093.71"
Department of Health,NHS South West Lincolnshire CCG,9/30/2018,C&M-GMS Prof Fees Dispensing,PRC DELEGATED CO-COMMISSIONING,DR PARRY & PARTNERS SLEAFORD,23973222,"37,086.18"
Department of Health,NHS South West Lincolnshire CCG,9/30/2018,C&M-GMS PrscrptnChrgsColl&RmttdbyGP,LOCAL ENHANCED SERVICES,DR PARRY & PARTNERS SLEAFORD,23973222,"3,572.80"
Department of Health,NHS South West Lincolnshire CCG,9/30/2018,C&M-GMS Cost of Drugs -Dispensing,LOCAL ENHANCED SERVICES,DR RYDER & PARTNERS,23973225,"37,599.41"
Department of Health,NHS South West Lincolnshire CCG,9/30/2018,C&M-GMS Prof Fees Dispensing,PRC DELEGATED CO-COMMISSIONING,DR RYDER & PARTNERS,23973225,"8,393.96"
Department of Health,NHS South West Lincolnshire CCG,9/30/2018,C&M-GMS PrscrptnChrgsColl&RmttdbyGP,LOCAL ENHANCED SERVICES,DR RYDER & PARTNERS,23973225,924.00
Department of Health,NHS South West Lincolnshire CCG,9/30/2018,C&M-GMS Cost of Drugs -Dispensing,LOCAL ENHANCED SERVICES,DR WEBSTER & PARTNERS,23973226,"-41,052.42"
Department of Health,NHS South West Lincolnshire CCG,9/30/2018,C&M-GMS PrscChrgsCll&RmttdbyGPCntra,PRC DELEGATED CO-COMMISSIONING,DR WEBSTER & PARTNERS,23973226,"-2,393.60"
Department of Health,NHS South West Lincolnshire CCG,9/30/2018,C&M-GMS Cost of Drugs -Dispensing,LOCAL ENHANCED SERVICES,DR WEBSTER & PARTNERS,23973227,"70,073.58"
Department of Health,NHS South West Lincolnshire CCG,9/30/2018,C&M-GMS Prof Fees Dispensing,PRC DELEGATED CO-COMMISSIONING,DR WEBSTER & PARTNERS,23973227,"15,352.54"
Department of Health,NHS South West Lincolnshire CCG,9/30/2018,C&M-GMS PrscrptnChrgsColl&RmttdbyGP,LOCAL ENHANCED SERVICES,DR WEBSTER & PARTNERS,23973227,"2,393.60"
Department of Health,NHS South West Lincolnshire CCG,9/30/2018,C&M-GMS Cost of Drugs -Dispensing,LOCAL ENHANCED SERVICES,DR VIJAYAN & PARTNERS,23973231,"34,199.67"
Department of Health,NHS South West Lincolnshire CCG,9/30/2018,C&M-GMS Prof Fees Dispensing,PRC DELEGATED CO-COMMISSIONING,DR VIJAYAN & PARTNERS,23973231,"6,049.41"
Department of Health,NHS South West Lincolnshire CCG,9/30/2018,C&M-GMS PrscrptnChrgsColl&RmttdbyGP,LOCAL ENHANCED SERVICES,DR VIJAYAN & PARTNERS,23973231,783.20
Department of Health,NHS South West Lincolnshire CCG,9/30/2018,C&M-GMS Cost of Drugs -Dispensing,LOCAL ENHANCED SERVICES,GLENSIDE COUNTRY PRACTICE,23973232,"-38,046.80"
Department of Health,NHS South West Lincolnshire CCG,9/30/2018,C&M-GMS PrscChrgsCll&RmttdbyGPCntra,PRC DELEGATED CO-COMMISSIONING,GLENSIDE COUNTRY PRACTICE,23973232,"-1,443.20"
Department of Health,NHS South West Lincolnshire CCG,9/30/2018,C&M-GMS Cost of Drugs -Dispensing,LOCAL ENHANCED SERVICES,GLENSIDE COUNTRY PRACTICE,23973233,"68,624.37"
Department of Health,NHS South West Lincolnshire CCG,9/30/2018,C&M-GMS Prof Fees Dispensing,PRC DELEGATED CO-COMMISSIONING,GLENSIDE COUNTRY PRACTICE,23973233,"14,326.90"
Department of Health,NHS South West Lincolnshire CCG,9/30/2018,C&M-GMS PrscrptnChrgsColl&RmttdbyGP,LOCAL ENHANCED SERVICES,GLENSIDE COUNTRY PRACTICE,23973233,"1,443.20"
Department of Health,NHS South West Lincolnshire CCG,9/30/2018,C&M-GMS Cost of Drugs -Dispensing,LOCAL ENHANCED SERVICES,WELBY PRACTICE (THE),23973234,"-25,877.90"
Department of Health,NHS South West Lincolnshire CCG,9/30/2018,C&M-GMS PrscChrgsCll&RmttdbyGPCntra,PRC DELEGATED CO-COMMISSIONING,WELBY PRACTICE (THE),23973234,"-1,804.00"
Department of Health,NHS South West Lincolnshire CCG,9/30/2018,C&M-GMS Cost of Drugs -Dispensing,LOCAL ENHANCED SERVICES,WELBY PRACTICE (THE),23973235,"53,964.17"
Department of Health,NHS South West Lincolnshire CCG,9/30/2018,C&M-GMS Prof Fees Dispensing,PRC DELEGATED CO-COMMISSIONING,WELBY PRACTICE (THE),23973235,"10,203.56"
Department of Health,NHS South West Lincolnshire CCG,9/30/2018,C&M-GMS PrscrptnChrgsColl&RmttdbyGP,LOCAL ENHANCED SERVICES,WELBY PRACTICE (THE),23973235,"1,804.00"
Department of Health,NHS South West Lincolnshire CCG,9/30/2018,Hcare Srv Rec Fdtn Trust-Contract Baseline,ACUTE COMMISSIONING,UNIVERSITY HOSPITALS OF DERBY & BURTON NHS FOUNDATION TRUST,23979552,"54,360.86"
Department of Health,NHS South West Lincolnshire CCG,9/30/2018,C&M-GMS Cost of Drugs -Dispensing,LOCAL ENHANCED SERVICES,DRS BAMBER & MCKECHNIE,23988983,"35,712.81"
Department of Health,NHS South West Lincolnshire CCG,9/30/2018,C&M-GMS Cost of Drugs -Prescribing,LOCAL ENHANCED SERVICES,DRS BAMBER & MCKECHNIE,23988983,13.97
Department of Health,NHS South West Lincolnshire CCG,9/30/2018,C&M-GMS Prof Fees Dispensing,PRC DELEGATED CO-COMMISSIONING,DRS BAMBER & MCKECHNIE,23988983,"7,254.72"
Department of Health,NHS South West Lincolnshire CCG,9/30/2018,C&M-GMS Prof Fees Prescribing,PRC DELEGATED CO-COMMISSIONING,DRS BAMBER & MCKECHNIE,23988983,4.60
Department of Health,NHS South West Lincolnshire CCG,9/30/2018,C&M-GMS PrscrptnChrgsColl&RmttdbyGP,LOCAL ENHANCED SERVICES,DRS BAMBER & MCKECHNIE,23988983,774.40
Department of Health,NHS South West Lincolnshire CCG,9/30/2018,Hcare Srv Rec NHS Trust-Contract Baseline,ACUTE COMMISSIONING,UNIVERSITY HOSPITALS OF LEICESTER NHS TRUST,24059127,"119,285.00"
Department of Health,NHS South West Lincolnshire CCG,9/30/2018,Clinical&Medical-Independent Sector,PATIENT TRANSPORT,THAMES AMBULANCE SERVICE LTD,24059189,"56,386.00"
Department of Health,NHS South West Lincolnshire CCG,9/30/2018,Hcare Srv Rec Fdtn Trust-Contract Baseline,ACUTE COMMISSIONING,NORTHERN LINCOLNSHIRE AND GOOLE HOSPITALS NHS FOUNDATION TRUST,24059198,"235,168.00"
Department of Health,NHS South West Lincolnshire CCG,9/30/2018,Hcare Srv Rec Fdtn Trust-CQUIN,ACUTE COMMISSIONING,CAMBRIDGE UNIVERSITY HOSPITALS NHS FOUNDATION TRUST,24059276,308.08
Department of Health,NHS South West Lincolnshire CCG,9/30/2018,Hcare Srv Rec Fdtn Trust-Contract Baseline,ACUTE COMMISSIONING,CAMBRIDGE UNIVERSITY HOSPITALS NHS FOUNDATION TRUST,24059276,"25,820.83"
Department of Health,NHS South West Lincolnshire CCG,9/30/2018,Clinical&Medical-Independent Sector,ACUTE COMMISSIONING,NOTTINGHAM WOODTHORPE HOSPITAL,24059305,"104,129.36"
Department of Health,NHS South West Lincolnshire CCG,9/30/2018,Hcare Srv Rec Fdtn Trust-Contract Baseline,ACUTE COMMISSIONING,SHERWOOD FOREST HOSPITALS NHS FOUNDATION TRUST,24059319,"96,972.42"
Department of Health,NHS South West Lincolnshire CCG,9/30/2018,Clinical&Medical-Othe Public Sector,CARERS,LINCOLNSHIRE COUNTY COUNCIL,24059322,"146,487.00"
Department of Health,NHS South West Lincolnshire CCG,9/30/2018,Clinical&Medical-Othe Public Sector,CHILD AND ADOLESCENT MENTAL HEALTH,LINCOLNSHIRE COUNTY COUNCIL,24059322,"93,396.00"
Department of Health,NHS South West Lincolnshire CCG,9/30/2018,Clinical&Medical-Othe Public Sector,COMMUNITY SERVICES,LINCOLNSHIRE COUNTY COUNCIL,24059322,"42,982.00"
Department of Health,NHS South West Lincolnshire CCG,9/30/2018,Clinical&Medical-Othe Public Sector,LEARNING DIFFICULTIES,LINCOLNSHIRE COUNTY COUNCIL,24059322,"265,254.00"
,,,,,,,
,,,,,,,"11,818,249.94"
