Department family,Entity,Date,Expense Type,Expense area,Supplier,Transaction number,AP Amount (�),VAT registration number,Purchase invoice number
Department of Health,NHS South West Lincolnshire CCG,6/30/2018,Clinical&Medical-Independent Sector - Prior Year,PROGRAMME PROJECTS,SPECSAVERS HEARCARE LTD,22448060,"42,431.00",242964687,21560069
Department of Health,NHS South West Lincolnshire CCG,6/30/2018,Hcare Srv Rec Fdtn Trust-Contract Baseline,ACUTE COMMISSIONING,SHERWOOD FOREST HOSPITALS NHS FOUNDATION TRUST,22465698,"96,972.42",,164713
Department of Health,NHS South West Lincolnshire CCG,6/30/2018,Clinical&Medical-Independent Sector,ACUTE COMMISSIONING,ORTHOPAEDICS & SPINE SPECIALIST HOSPITAL,22465709,"62,723.00",,M03SLA54SW
Department of Health,NHS South West Lincolnshire CCG,6/30/2018,Clinical&Medical-Othe Public Sector,CARERS,LINCOLNSHIRE COUNTY COUNCIL,22475810,"292,974.00",,10058999
Department of Health,NHS South West Lincolnshire CCG,6/30/2018,Clinical&Medical-Othe Public Sector,CHILD AND ADOLESCENT MENTAL HEALTH,LINCOLNSHIRE COUNTY COUNCIL,22475810,"186,793.00",,10058999
Department of Health,NHS South West Lincolnshire CCG,6/30/2018,Clinical&Medical-Othe Public Sector,COMMUNITY SERVICES,LINCOLNSHIRE COUNTY COUNCIL,22475810,"85,964.00",,10058999
Department of Health,NHS South West Lincolnshire CCG,6/30/2018,Clinical&Medical-Othe Public Sector,LEARNING DIFFICULTIES,LINCOLNSHIRE COUNTY COUNCIL,22475810,"516,785.00",,10058999
Department of Health,NHS South West Lincolnshire CCG,6/30/2018,C&M-PMS Baseline Adjustment,PRC DELEGATED CO-COMMISSIONING,DR GALLOP & PARTNERS,22481872,"44,951.35",,LL000033781
Department of Health,NHS South West Lincolnshire CCG,6/30/2018,C&M-PMS GP Statutory Levy,PRC DELEGATED CO-COMMISSIONING,DR GALLOP & PARTNERS,22481872,4.18,,LL000033781
Department of Health,NHS South West Lincolnshire CCG,6/30/2018,C&M-PMS PCO Seniority,PRC DELEGATED CO-COMMISSIONING,DR GALLOP & PARTNERS,22481872,198.99,,LL000033781
Department of Health,NHS South West Lincolnshire CCG,6/30/2018,C&M-PMS Prem Notional Rent,PRC DELEGATED CO-COMMISSIONING,DR GALLOP & PARTNERS,22481872,"4,833.33",,LL000033781
Department of Health,NHS South West Lincolnshire CCG,6/30/2018,C&M-PMS Prem Rates,PRC DELEGATED CO-COMMISSIONING,DR GALLOP & PARTNERS,22481872,"4,789.15",,LL000033781
Department of Health,NHS South West Lincolnshire CCG,6/30/2018,C&M-PMS QOF Aspiration,PRC DELEGATED CO-COMMISSIONING,DR GALLOP & PARTNERS,22481872,"4,520.73",,LL000033781
Department of Health,NHS South West Lincolnshire CCG,6/30/2018,C&M-PMS Voluntary Levy,PRC DELEGATED CO-COMMISSIONING,DR GALLOP & PARTNERS,22481872,0.50,,LL000033781
Department of Health,NHS South West Lincolnshire CCG,6/30/2018,ME - PMS GP Prior Year ERs,PRC DELEGATED CO-COMMISSIONING,DR GALLOP & PARTNERS,22481872,"1,294.00",,LL000033781
Department of Health,NHS South West Lincolnshire CCG,6/30/2018,ME-PMS GP Prior Year EEs,PRC DELEGATED CO-COMMISSIONING,DR GALLOP & PARTNERS,22481872,"1,125.00",,LL000033781
Department of Health,NHS South West Lincolnshire CCG,6/30/2018,Clinical&Medical-Independent Sector,ACUTE COMMISSIONING,NOTTINGHAM WOODTHORPE HOSPITAL,22501286,"66,356.76",,04QNWH1712
Department of Health,NHS South West Lincolnshire CCG,6/30/2018,Clinical&Medical-Independent Sector,ACUTE COMMISSIONING,NOTTINGHAM WOODTHORPE HOSPITAL,22501299,"104,129.36",,3JUNE1804QSWL
Department of Health,NHS South West Lincolnshire CCG,6/30/2018,Hcare Srv Rec Fdtn Trust-CQUIN,ACUTE COMMISSIONING,NORTH WEST ANGLIA NHS FOUNDATION TRUST,22501307,"4,297.25",,17440073
Department of Health,NHS South West Lincolnshire CCG,6/30/2018,Hcare Srv Rec Fdtn Trust-Contract Baseline,ACUTE COMMISSIONING,NORTH WEST ANGLIA NHS FOUNDATION TRUST,22501307,"368,357.92",,17440073
Department of Health,NHS South West Lincolnshire CCG,6/30/2018,Charges from CSU,COMMISSIONING - NON ACUTE,NHS ARDEN AND GEM CSU,22501435,"3,063.00",GB526164259,7312610918
Department of Health,NHS South West Lincolnshire CCG,6/30/2018,Charges from CSU,CONTINUING HEALTHCARE ASSESSMENT & SUPPORT,NHS ARDEN AND GEM CSU,22501435,"28,108.91",GB526164259,7312610918
Department of Health,NHS South West Lincolnshire CCG,6/30/2018,Hcare Srv Rec NHS Trust-CQUIN,ACUTE COMMISSIONING,NOTTINGHAM UNIVERSITY HOSPITALS NHS TRUST,22512683,"14,217.00",,2000093660
Department of Health,NHS South West Lincolnshire CCG,6/30/2018,Hcare Srv Rec NHS Trust-Contract Baseline,ACUTE COMMISSIONING,NOTTINGHAM UNIVERSITY HOSPITALS NHS TRUST,22512683,"594,417.00",,2000093660
Department of Health,NHS South West Lincolnshire CCG,6/30/2018,Hcare Srv Rec NHS Trust-Non Contract,ACUTE COMMISSIONING,UNITED LINCOLNSHIRE HOSPITALS NHS TRUST,22533984,"139,015.15",,192402
Department of Health,NHS South West Lincolnshire CCG,6/30/2018,Hcare Srv Rec Fdtn Trust-Contract Baseline,MENTAL HEALTH CONTRACTS,LINCOLNSHIRE PARTNERSHIP NHS FOUNDATION TRUST,22533988,"912,712.82",654402453,2000017861
Department of Health,NHS South West Lincolnshire CCG,6/30/2018,Hcare Srv Rec NHS Trust-CQUIN,AMBULANCE SERVICES,EAST MIDLANDS AMBULANCE SERVICE NHS TRUST,22547548,"3,913.00",,11311790
Department of Health,NHS South West Lincolnshire CCG,6/30/2018,Hcare Srv Rec NHS Trust-Contract Baseline,AMBULANCE SERVICES,EAST MIDLANDS AMBULANCE SERVICE NHS TRUST,22547548,"313,018.00",,11311790
Department of Health,NHS South West Lincolnshire CCG,6/30/2018,Clinical&Medical-Independent Sector,ACUTE COMMISSIONING,FITZWILLIAM HOSPITAL,22547561,"135,654.83",,JUNE18FW04QSC01
Department of Health,NHS South West Lincolnshire CCG,6/30/2018,Clinical&Medical-Independent Sector,ACUTE COMMISSIONING,BOSTON WEST HOSPITAL,22547563,"58,079.37",426505170GB,JUNE1804QBWH01
Department of Health,NHS South West Lincolnshire CCG,6/30/2018,Clinical&Medical-Independent Sector,WHEELCHAIR SERVICE,MILLBROOK HEALTHCARE LTD,22547573,"25,382.62",GB675991080,17939
Department of Health,NHS South West Lincolnshire CCG,6/30/2018,Hcare Srv Rec NHS Trust-Contract Baseline,COMMUNITY SERVICES,LINCS COMMUNITY HEALTH SERVICES NHS TRUST,22547590,"784,794.13",654440975,4000039304
Department of Health,NHS South West Lincolnshire CCG,6/30/2018,Clinical&Medical-Voluntary Sector,HOSPICES,ST BARNABAS HOSPICE TRUST,22604131,"66,550.27",,SIN001597
Department of Health,NHS South West Lincolnshire CCG,6/30/2018,Clinical&Medical-Voluntary Sector,HOSPICES,ST BARNABAS HOSPICE TRUST,22604136,"58,403.33",,SIN001598
Department of Health,NHS South West Lincolnshire CCG,6/30/2018,Clinical&Medical-Voluntary Sector,HOSPICES,ST BARNABAS HOSPICE TRUST,22604174,"66,550.27",,SIN001607
Department of Health,NHS South West Lincolnshire CCG,6/30/2018,Clinical&Medical-Independent Sector,Winter Resilience,SLEAFORD MEDICAL GROUP,22611405,"71,000.00",,106028-06-JUN-2018
Department of Health,NHS South West Lincolnshire CCG,6/30/2018,Income tax <1Yr,BALANCE SHEET,HMRC,22621875,"29,158.40",,120PB005700771902
Department of Health,NHS South West Lincolnshire CCG,6/30/2018,Income tax <1Yr-Student Loans,BALANCE SHEET,HMRC,22621875,405.00,,120PB005700771902
Department of Health,NHS South West Lincolnshire CCG,6/30/2018,National Insurance < 1 yr-NI- ERS,BALANCE SHEET,HMRC,22621875,"17,920.83",,120PB005700771902
Department of Health,NHS South West Lincolnshire CCG,6/30/2018,National Insurance < 1 yr-NI-EES,BALANCE SHEET,HMRC,22621875,"12,936.47",,120PB005700771902
Department of Health,NHS South West Lincolnshire CCG,6/30/2018,Statutory Mat Pay < 1 yr,BALANCE SHEET,HMRC,22621875,-534.28,,120PB005700771902
Department of Health,NHS South West Lincolnshire CCG,6/30/2018,C&M-GMS Global Sum,PRC DELEGATED CO-COMMISSIONING,DR JB ELDER & PARTNERS,22634142,"36,202.90",,LL000033920
Department of Health,NHS South West Lincolnshire CCG,6/30/2018,C&M-GMS MPIG Correction Factor,PRC DELEGATED CO-COMMISSIONING,DR JB ELDER & PARTNERS,22634142,170.58,,LL000033920
Department of Health,NHS South West Lincolnshire CCG,6/30/2018,C&M-GMS PCO Seniority,PRC DELEGATED CO-COMMISSIONING,DR JB ELDER & PARTNERS,22634142,"3,689.43",,LL000033920
Department of Health,NHS South West Lincolnshire CCG,6/30/2018,C&M-GMS Prem Actual Rent,PRC DELEGATED CO-COMMISSIONING,DR JB ELDER & PARTNERS,22634142,"23,134.86",,LL000033920
Department of Health,NHS South West Lincolnshire CCG,6/30/2018,C&M-GMS QOF Achievement,PRC DELEGATED CO-COMMISSIONING,DR JB ELDER & PARTNERS,22634142,"17,656.11",,LL000033920
Department of Health,NHS South West Lincolnshire CCG,6/30/2018,C&M-GMS QOF Aspiration,PRC DELEGATED CO-COMMISSIONING,DR JB ELDER & PARTNERS,22634142,"3,811.17",,LL000033920
Department of Health,NHS South West Lincolnshire CCG,6/30/2018,C&M-GMS DES Learn Dsblty Hlth Chk,PRC DELEGATED CO-COMMISSIONING,DR PARKIN & PARTNERS GRANTHAM,22634146,"4,480.00",,LL000033926
Department of Health,NHS South West Lincolnshire CCG,6/30/2018,C&M-GMS Global Sum,PRC DELEGATED CO-COMMISSIONING,DR PARKIN & PARTNERS GRANTHAM,22634146,"111,163.86",,LL000033926
Department of Health,NHS South West Lincolnshire CCG,6/30/2018,C&M-GMS MPIG Correction Factor,PRC DELEGATED CO-COMMISSIONING,DR PARKIN & PARTNERS GRANTHAM,22634146,"5,183.13",,LL000033926
Department of Health,NHS South West Lincolnshire CCG,6/30/2018,C&M-GMS PCO Seniority,PRC DELEGATED CO-COMMISSIONING,DR PARKIN & PARTNERS GRANTHAM,22634146,"3,579.33",,LL000033926
Department of Health,NHS South West Lincolnshire CCG,6/30/2018,C&M-GMS Prem Notional Rent,PRC DELEGATED CO-COMMISSIONING,DR PARKIN & PARTNERS GRANTHAM,22634146,"7,456.25",,LL000033926
Department of Health,NHS South West Lincolnshire CCG,6/30/2018,C&M-GMS Prem Rates,PRC DELEGATED CO-COMMISSIONING,DR PARKIN & PARTNERS GRANTHAM,22634146,"12,000.00",,LL000033926
Department of Health,NHS South West Lincolnshire CCG,6/30/2018,C&M-GMS QOF Achievement,PRC DELEGATED CO-COMMISSIONING,DR PARKIN & PARTNERS GRANTHAM,22634146,"48,243.06",,LL000033926
Department of Health,NHS South West Lincolnshire CCG,6/30/2018,C&M-GMS QOF Aspiration,PRC DELEGATED CO-COMMISSIONING,DR PARKIN & PARTNERS GRANTHAM,22634146,"16,675.22",,LL000033926
Department of Health,NHS South West Lincolnshire CCG,6/30/2018,C&M-GMS Global Sum,PRC DELEGATED CO-COMMISSIONING,DR PARRY & PARTNERS SLEAFORD,22634148,"54,591.71",,LL000033928
Department of Health,NHS South West Lincolnshire CCG,6/30/2018,C&M-GMS PCO Seniority,PRC DELEGATED CO-COMMISSIONING,DR PARRY & PARTNERS SLEAFORD,22634148,"2,244.83",,LL000033928
Department of Health,NHS South West Lincolnshire CCG,6/30/2018,C&M-GMS Prem Actual Rent,PRC DELEGATED CO-COMMISSIONING,DR PARRY & PARTNERS SLEAFORD,22634148,"3,899.19",,LL000033928
Department of Health,NHS South West Lincolnshire CCG,6/30/2018,C&M-GMS Prem Rates,PRC DELEGATED CO-COMMISSIONING,DR PARRY & PARTNERS SLEAFORD,22634148,"6,301.41",,LL000033928
Department of Health,NHS South West Lincolnshire CCG,6/30/2018,C&M-GMS QOF Achievement,PRC DELEGATED CO-COMMISSIONING,DR PARRY & PARTNERS SLEAFORD,22634148,"29,390.93",,LL000033928
Department of Health,NHS South West Lincolnshire CCG,6/30/2018,C&M-GMS QOF Aspiration,PRC DELEGATED CO-COMMISSIONING,DR PARRY & PARTNERS SLEAFORD,22634148,"6,695.56",,LL000033928
Department of Health,NHS South West Lincolnshire CCG,6/30/2018,C&M-GMS Global Sum,PRC DELEGATED CO-COMMISSIONING,DR MTC HIGGINS & PARTNERS,22634150,"53,019.49",,LL000033930
Department of Health,NHS South West Lincolnshire CCG,6/30/2018,C&M-GMS MPIG Correction Factor,PRC DELEGATED CO-COMMISSIONING,DR MTC HIGGINS & PARTNERS,22634150,907.41,,LL000033930
Department of Health,NHS South West Lincolnshire CCG,6/30/2018,C&M-GMS PCO Seniority,PRC DELEGATED CO-COMMISSIONING,DR MTC HIGGINS & PARTNERS,22634150,"1,053.32",,LL000033930
Department of Health,NHS South West Lincolnshire CCG,6/30/2018,C&M-GMS Prem Notional Rent,PRC DELEGATED CO-COMMISSIONING,DR MTC HIGGINS & PARTNERS,22634150,"5,037.33",,LL000033930
Department of Health,NHS South West Lincolnshire CCG,6/30/2018,C&M-GMS QOF Achievement,PRC DELEGATED CO-COMMISSIONING,DR MTC HIGGINS & PARTNERS,22634150,"31,650.17",,LL000033930
Department of Health,NHS South West Lincolnshire CCG,6/30/2018,C&M-GMS QOF Aspiration,PRC DELEGATED CO-COMMISSIONING,DR MTC HIGGINS & PARTNERS,22634150,"7,251.36",,LL000033930
Department of Health,NHS South West Lincolnshire CCG,6/30/2018,C&M-GMS Global Sum,PRC DELEGATED CO-COMMISSIONING,DR S GLENCROSS & PARTNERS,22634152,"25,932.24",,LL000033932
Department of Health,NHS South West Lincolnshire CCG,6/30/2018,C&M-GMS Prem Notional Rent,PRC DELEGATED CO-COMMISSIONING,DR S GLENCROSS & PARTNERS,22634152,"2,500.00",,LL000033932
Department of Health,NHS South West Lincolnshire CCG,6/30/2018,C&M-GMS Prem Water Rates,PRC DELEGATED CO-COMMISSIONING,DR S GLENCROSS & PARTNERS,22634152,102.37,,LL000033932
Department of Health,NHS South West Lincolnshire CCG,6/30/2018,C&M-GMS QOF Achievement,PRC DELEGATED CO-COMMISSIONING,DR S GLENCROSS & PARTNERS,22634152,"11,346.75",,LL000033932
Department of Health,NHS South West Lincolnshire CCG,6/30/2018,C&M-GMS QOF Aspiration,PRC DELEGATED CO-COMMISSIONING,DR S GLENCROSS & PARTNERS,22634152,"2,486.66",,LL000033932
Department of Health,NHS South West Lincolnshire CCG,6/30/2018,C&M-GMS Global Sum,PRC DELEGATED CO-COMMISSIONING,DR RYDER & PARTNERS,22634154,"62,977.73",,LL000033934
Department of Health,NHS South West Lincolnshire CCG,6/30/2018,C&M-GMS PCO Seniority,PRC DELEGATED CO-COMMISSIONING,DR RYDER & PARTNERS,22634154,"1,111.54",,LL000033934
Department of Health,NHS South West Lincolnshire CCG,6/30/2018,C&M-GMS QOF Achievement,PRC DELEGATED CO-COMMISSIONING,DR RYDER & PARTNERS,22634154,"18,444.02",,LL000033934
Department of Health,NHS South West Lincolnshire CCG,6/30/2018,C&M-GMS QOF Aspiration,PRC DELEGATED CO-COMMISSIONING,DR RYDER & PARTNERS,22634154,"6,432.22",,LL000033934
Department of Health,NHS South West Lincolnshire CCG,6/30/2018,C&M-GMS Global Sum,PRC DELEGATED CO-COMMISSIONING,DR VIJAYAN & PARTNERS,22634158,"76,610.72",,LL000033942
Department of Health,NHS South West Lincolnshire CCG,6/30/2018,C&M-GMS MPIG Correction Factor,PRC DELEGATED CO-COMMISSIONING,DR VIJAYAN & PARTNERS,22634158,"1,605.94",,LL000033942
Department of Health,NHS South West Lincolnshire CCG,6/30/2018,C&M-GMS PCO Seniority,PRC DELEGATED CO-COMMISSIONING,DR VIJAYAN & PARTNERS,22634158,"3,209.47",,LL000033942
Department of Health,NHS South West Lincolnshire CCG,6/30/2018,C&M-GMS Prem Actual Rent,PRC DELEGATED CO-COMMISSIONING,DR VIJAYAN & PARTNERS,22634158,"5,254.60",,LL000033942
Department of Health,NHS South West Lincolnshire CCG,6/30/2018,C&M-GMS Prem Notional Rent,PRC DELEGATED CO-COMMISSIONING,DR VIJAYAN & PARTNERS,22634158,"4,394.91",,LL000033942
Department of Health,NHS South West Lincolnshire CCG,6/30/2018,C&M-GMS QOF Achievement,PRC DELEGATED CO-COMMISSIONING,DR VIJAYAN & PARTNERS,22634158,"36,427.43",,LL000033942
Department of Health,NHS South West Lincolnshire CCG,6/30/2018,C&M-GMS QOF Aspiration,PRC DELEGATED CO-COMMISSIONING,DR VIJAYAN & PARTNERS,22634158,"8,997.27",,LL000033942
Department of Health,NHS South West Lincolnshire CCG,6/30/2018,C&M-GMS Global Sum,PRC DELEGATED CO-COMMISSIONING,GLENSIDE COUNTRY PRACTICE,22634160,"26,617.43",,LL000033944
Department of Health,NHS South West Lincolnshire CCG,6/30/2018,C&M-GMS MPIG Correction Factor,PRC DELEGATED CO-COMMISSIONING,GLENSIDE COUNTRY PRACTICE,22634160,"1,060.30",,LL000033944
Department of Health,NHS South West Lincolnshire CCG,6/30/2018,C&M-GMS Prem Notional Rent,PRC DELEGATED CO-COMMISSIONING,GLENSIDE COUNTRY PRACTICE,22634160,"4,187.50",,LL000033944
Department of Health,NHS South West Lincolnshire CCG,6/30/2018,C&M-GMS QOF Achievement,PRC DELEGATED CO-COMMISSIONING,GLENSIDE COUNTRY PRACTICE,22634160,"6,425.84",,LL000033944
Department of Health,NHS South West Lincolnshire CCG,6/30/2018,C&M-GMS QOF Aspiration,PRC DELEGATED CO-COMMISSIONING,GLENSIDE COUNTRY PRACTICE,22634160,"2,708.12",,LL000033944
Department of Health,NHS South West Lincolnshire CCG,6/30/2018,C&M-GMS Global Sum,PRC DELEGATED CO-COMMISSIONING,WELBY PRACTICE (THE),22634162,"34,198.08",,LL000033946
Department of Health,NHS South West Lincolnshire CCG,6/30/2018,C&M-GMS MPIG Correction Factor,PRC DELEGATED CO-COMMISSIONING,WELBY PRACTICE (THE),22634162,"3,218.70",,LL000033946
Department of Health,NHS South West Lincolnshire CCG,6/30/2018,C&M-GMS PCO Seniority,PRC DELEGATED CO-COMMISSIONING,WELBY PRACTICE (THE),22634162,946.22,,LL000033946
Department of Health,NHS South West Lincolnshire CCG,6/30/2018,C&M-GMS Prem Notional Rent,PRC DELEGATED CO-COMMISSIONING,WELBY PRACTICE (THE),22634162,"5,454.16",,LL000033946
Department of Health,NHS South West Lincolnshire CCG,6/30/2018,C&M-GMS QOF Achievement,PRC DELEGATED CO-COMMISSIONING,WELBY PRACTICE (THE),22634162,"16,878.87",,LL000033946
Department of Health,NHS South West Lincolnshire CCG,6/30/2018,C&M-GMS QOF Aspiration,PRC DELEGATED CO-COMMISSIONING,WELBY PRACTICE (THE),22634162,"3,129.62",,LL000033946
Department of Health,NHS South West Lincolnshire CCG,6/30/2018,Hcare Srv Rec NHS Trust-CQUIN,AMBULANCE SERVICES,EAST MIDLANDS AMBULANCE SERVICE NHS TRUST,22645267,"3,913.00",,11311812
Department of Health,NHS South West Lincolnshire CCG,6/30/2018,Hcare Srv Rec NHS Trust-Contract Baseline,AMBULANCE SERVICES,EAST MIDLANDS AMBULANCE SERVICE NHS TRUST,22645267,"313,018.00",,11311812
Department of Health,NHS South West Lincolnshire CCG,6/30/2018,Hcare Srv Rec NHS Trust-CQUIN,AMBULANCE SERVICES,EAST MIDLANDS AMBULANCE SERVICE NHS TRUST,22645269,"3,913.00",,11311834
Department of Health,NHS South West Lincolnshire CCG,6/30/2018,Hcare Srv Rec NHS Trust-Contract Baseline,AMBULANCE SERVICES,EAST MIDLANDS AMBULANCE SERVICE NHS TRUST,22645269,"313,018.00",,11311834
Department of Health,NHS South West Lincolnshire CCG,6/30/2018,Hcare Srv Rec NHS Trust-Contract Baseline,AMBULANCE SERVICES,EAST MIDLANDS AMBULANCE SERVICE NHS TRUST,22645270,"-320,274.00",,11311906
Department of Health,NHS South West Lincolnshire CCG,6/30/2018,Hcare Srv Rec NHS Trust-Contract Baseline,AMBULANCE SERVICES,EAST MIDLANDS AMBULANCE SERVICE NHS TRUST,22645271,"-320,274.00",,11311921
Department of Health,NHS South West Lincolnshire CCG,6/30/2018,Clinical&Medical-Voluntary Sector,HOSPICES,ST BARNABAS HOSPICE TRUST,22645275,"66,550.27",,SIN001612
Department of Health,NHS South West Lincolnshire CCG,6/30/2018,C&M-GMS Global Sum,PRC DELEGATED CO-COMMISSIONING,DR AJ WATTS & PARTNERS,22651805,"70,551.21",,LL000033913
Department of Health,NHS South West Lincolnshire CCG,6/30/2018,C&M-GMS PCO Other,PRC DELEGATED CO-COMMISSIONING,DR AJ WATTS & PARTNERS,22651805,"5,643.00",,LL000033913
Department of Health,NHS South West Lincolnshire CCG,6/30/2018,C&M-GMS PCO Seniority,PRC DELEGATED CO-COMMISSIONING,DR AJ WATTS & PARTNERS,22651805,"2,659.66",,LL000033913
Department of Health,NHS South West Lincolnshire CCG,6/30/2018,C&M-GMS Prem Actual Rent,PRC DELEGATED CO-COMMISSIONING,DR AJ WATTS & PARTNERS,22651805,"28,800.00",,LL000033913
Department of Health,NHS South West Lincolnshire CCG,6/30/2018,C&M-GMS Prem Notional Rent,PRC DELEGATED CO-COMMISSIONING,DR AJ WATTS & PARTNERS,22651805,"3,516.67",,LL000033913
Department of Health,NHS South West Lincolnshire CCG,6/30/2018,C&M-GMS QOF Achievement,PRC DELEGATED CO-COMMISSIONING,DR AJ WATTS & PARTNERS,22651805,"26,402.17",,LL000033913
Department of Health,NHS South West Lincolnshire CCG,6/30/2018,C&M-GMS QOF Aspiration,PRC DELEGATED CO-COMMISSIONING,DR AJ WATTS & PARTNERS,22651805,"7,501.91",,LL000033913
Department of Health,NHS South West Lincolnshire CCG,6/30/2018,C&M-GMS Global Sum,PRC DELEGATED CO-COMMISSIONING,DR ALLSEBROOK & PARTNERS,22651806,"37,690.52",,LL000033915
Department of Health,NHS South West Lincolnshire CCG,6/30/2018,C&M-GMS MPIG Correction Factor,PRC DELEGATED CO-COMMISSIONING,DR ALLSEBROOK & PARTNERS,22651806,567.73,,LL000033915
Department of Health,NHS South West Lincolnshire CCG,6/30/2018,C&M-GMS PCO Other,PRC DELEGATED CO-COMMISSIONING,DR ALLSEBROOK & PARTNERS,22651806,"3,774.00",,LL000033915
Department of Health,NHS South West Lincolnshire CCG,6/30/2018,C&M-GMS PCO Seniority,PRC DELEGATED CO-COMMISSIONING,DR ALLSEBROOK & PARTNERS,22651806,992.79,,LL000033915
Department of Health,NHS South West Lincolnshire CCG,6/30/2018,C&M-GMS QOF Achievement,PRC DELEGATED CO-COMMISSIONING,DR ALLSEBROOK & PARTNERS,22651806,"25,931.44",,LL000033915
Department of Health,NHS South West Lincolnshire CCG,6/30/2018,C&M-GMS QOF Aspiration,PRC DELEGATED CO-COMMISSIONING,DR ALLSEBROOK & PARTNERS,22651806,"4,297.80",,LL000033915
Department of Health,NHS South West Lincolnshire CCG,6/30/2018,C&M-GMS Global Sum,PRC DELEGATED CO-COMMISSIONING,DR G ENNIS,22651807,"25,026.56",,LL000033917
Department of Health,NHS South West Lincolnshire CCG,6/30/2018,C&M-GMS MPIG Correction Factor,PRC DELEGATED CO-COMMISSIONING,DR G ENNIS,22651807,952.73,,LL000033917
Department of Health,NHS South West Lincolnshire CCG,6/30/2018,C&M-GMS PCO Other,PRC DELEGATED CO-COMMISSIONING,DR G ENNIS,22651807,"1,533.00",,LL000033917
Department of Health,NHS South West Lincolnshire CCG,6/30/2018,C&M-GMS Prem Notional Rent,PRC DELEGATED CO-COMMISSIONING,DR G ENNIS,22651807,"3,250.00",,LL000033917
Department of Health,NHS South West Lincolnshire CCG,6/30/2018,C&M-GMS Prem Rates,PRC DELEGATED CO-COMMISSIONING,DR G ENNIS,22651807,"4,909.64",,LL000033917
Department of Health,NHS South West Lincolnshire CCG,6/30/2018,C&M-GMS QOF Achievement,PRC DELEGATED CO-COMMISSIONING,DR G ENNIS,22651807,"12,279.10",,LL000033917
Department of Health,NHS South West Lincolnshire CCG,6/30/2018,C&M-GMS QOF Aspiration,PRC DELEGATED CO-COMMISSIONING,DR G ENNIS,22651807,"1,299.96",,LL000033917
Department of Health,NHS South West Lincolnshire CCG,6/30/2018,C&M-GMS Global Sum,PRC DELEGATED CO-COMMISSIONING,DR LAWRENSON & PARTNERS,22651808,"46,711.28",,LL000033922
Department of Health,NHS South West Lincolnshire CCG,6/30/2018,C&M-GMS PCO Other,PRC DELEGATED CO-COMMISSIONING,DR LAWRENSON & PARTNERS,22651808,"3,862.00",,LL000033922
Department of Health,NHS South West Lincolnshire CCG,6/30/2018,C&M-GMS PCO Seniority,PRC DELEGATED CO-COMMISSIONING,DR LAWRENSON & PARTNERS,22651808,"1,335.06",,LL000033922
Department of Health,NHS South West Lincolnshire CCG,6/30/2018,C&M-GMS QOF Achievement,PRC DELEGATED CO-COMMISSIONING,DR LAWRENSON & PARTNERS,22651808,"15,894.57",,LL000033922
Department of Health,NHS South West Lincolnshire CCG,6/30/2018,C&M-GMS QOF Aspiration,PRC DELEGATED CO-COMMISSIONING,DR LAWRENSON & PARTNERS,22651808,"5,288.83",,LL000033922
Department of Health,NHS South West Lincolnshire CCG,6/30/2018,C&M-GMS Global Sum,PRC DELEGATED CO-COMMISSIONING,DR LEEPER & PARTNERS,22651809,"44,170.70",,LL000033924
Department of Health,NHS South West Lincolnshire CCG,6/30/2018,C&M-GMS PCO Other,PRC DELEGATED CO-COMMISSIONING,DR LEEPER & PARTNERS,22651809,"3,218.00",,LL000033924
Department of Health,NHS South West Lincolnshire CCG,6/30/2018,C&M-GMS PCO Seniority,PRC DELEGATED CO-COMMISSIONING,DR LEEPER & PARTNERS,22651809,"1,699.83",,LL000033924
Department of Health,NHS South West Lincolnshire CCG,6/30/2018,C&M-GMS Prem Actual Rent,PRC DELEGATED CO-COMMISSIONING,DR LEEPER & PARTNERS,22651809,"15,970.50",,LL000033924
Department of Health,NHS South West Lincolnshire CCG,6/30/2018,C&M-GMS QOF Achievement,PRC DELEGATED CO-COMMISSIONING,DR LEEPER & PARTNERS,22651809,"14,874.37",,LL000033924
Department of Health,NHS South West Lincolnshire CCG,6/30/2018,C&M-GMS QOF Aspiration,PRC DELEGATED CO-COMMISSIONING,DR LEEPER & PARTNERS,22651809,"4,426.07",,LL000033924
Department of Health,NHS South West Lincolnshire CCG,6/30/2018,C&M-GMS Global Sum,PRC DELEGATED CO-COMMISSIONING,DR WEBSTER & PARTNERS,22651810,"129,378.07",,LL000033936
Department of Health,NHS South West Lincolnshire CCG,6/30/2018,C&M-GMS PCO Other,PRC DELEGATED CO-COMMISSIONING,DR WEBSTER & PARTNERS,22651810,"16,769.00",,LL000033936
Department of Health,NHS South West Lincolnshire CCG,6/30/2018,C&M-GMS PCO Seniority,PRC DELEGATED CO-COMMISSIONING,DR WEBSTER & PARTNERS,22651810,"1,867.34",,LL000033936
Department of Health,NHS South West Lincolnshire CCG,6/30/2018,C&M-GMS Prem Notional Rent,PRC DELEGATED CO-COMMISSIONING,DR WEBSTER & PARTNERS,22651810,"12,683.33",,LL000033936
Department of Health,NHS South West Lincolnshire CCG,6/30/2018,C&M-GMS Prem Rates,PRC DELEGATED CO-COMMISSIONING,DR WEBSTER & PARTNERS,22651810,"11,961.60",,LL000033936
Department of Health,NHS South West Lincolnshire CCG,6/30/2018,C&M-GMS Prem Water Rates,PRC DELEGATED CO-COMMISSIONING,DR WEBSTER & PARTNERS,22651810,381.54,,LL000033936
Department of Health,NHS South West Lincolnshire CCG,6/30/2018,C&M-GMS QOF Achievement,PRC DELEGATED CO-COMMISSIONING,DR WEBSTER & PARTNERS,22651810,"68,900.25",,LL000033936
Department of Health,NHS South West Lincolnshire CCG,6/30/2018,C&M-GMS QOF Aspiration,PRC DELEGATED CO-COMMISSIONING,DR WEBSTER & PARTNERS,22651810,"16,479.95",,LL000033936
Department of Health,NHS South West Lincolnshire CCG,6/30/2018,C&M-GMS Global Sum,PRC DELEGATED CO-COMMISSIONING,DRS BAMBER & MCKECHNIE,22651811,"17,812.61",,LL000033938
Department of Health,NHS South West Lincolnshire CCG,6/30/2018,C&M-GMS MPIG Correction Factor,PRC DELEGATED CO-COMMISSIONING,DRS BAMBER & MCKECHNIE,22651811,36.19,,LL000033938
Department of Health,NHS South West Lincolnshire CCG,6/30/2018,C&M-GMS PCO Other,PRC DELEGATED CO-COMMISSIONING,DRS BAMBER & MCKECHNIE,22651811,"4,526.00",,LL000033938
Department of Health,NHS South West Lincolnshire CCG,6/30/2018,C&M-GMS Prem Notional Rent,PRC DELEGATED CO-COMMISSIONING,DRS BAMBER & MCKECHNIE,22651811,"2,783.33",,LL000033938
Department of Health,NHS South West Lincolnshire CCG,6/30/2018,C&M-GMS Prem Water Rates,PRC DELEGATED CO-COMMISSIONING,DRS BAMBER & MCKECHNIE,22651811,298.92,,LL000033938
Department of Health,NHS South West Lincolnshire CCG,6/30/2018,C&M-GMS QOF Achievement,PRC DELEGATED CO-COMMISSIONING,DRS BAMBER & MCKECHNIE,22651811,"12,893.55",,LL000033938
Department of Health,NHS South West Lincolnshire CCG,6/30/2018,C&M-GMS QOF Aspiration,PRC DELEGATED CO-COMMISSIONING,DRS BAMBER & MCKECHNIE,22651811,"1,847.96",,LL000033938
Department of Health,NHS South West Lincolnshire CCG,6/30/2018,C&M-GMS Global Sum,PRC DELEGATED CO-COMMISSIONING,DR TEDBURY & PARTNERS,22651813,"97,154.45",,LL000033940
Department of Health,NHS South West Lincolnshire CCG,6/30/2018,C&M-GMS MPIG Correction Factor,PRC DELEGATED CO-COMMISSIONING,DR TEDBURY & PARTNERS,22651813,71.53,,LL000033940
Department of Health,NHS South West Lincolnshire CCG,6/30/2018,C&M-GMS PCO Other,PRC DELEGATED CO-COMMISSIONING,DR TEDBURY & PARTNERS,22651813,"9,081.00",,LL000033940
Department of Health,NHS South West Lincolnshire CCG,6/30/2018,C&M-GMS PCO Seniority,PRC DELEGATED CO-COMMISSIONING,DR TEDBURY & PARTNERS,22651813,"2,185.84",,LL000033940
Department of Health,NHS South West Lincolnshire CCG,6/30/2018,C&M-GMS Prem Notional Rent,PRC DELEGATED CO-COMMISSIONING,DR TEDBURY & PARTNERS,22651813,"6,759.02",,LL000033940
Department of Health,NHS South West Lincolnshire CCG,6/30/2018,C&M-GMS Prem Rates,PRC DELEGATED CO-COMMISSIONING,DR TEDBURY & PARTNERS,22651813,"12,120.00",,LL000033940
Department of Health,NHS South West Lincolnshire CCG,6/30/2018,C&M-GMS QOF Achievement,PRC DELEGATED CO-COMMISSIONING,DR TEDBURY & PARTNERS,22651813,"61,082.02",,LL000033940
Department of Health,NHS South West Lincolnshire CCG,6/30/2018,C&M-GMS QOF Aspiration,PRC DELEGATED CO-COMMISSIONING,DR TEDBURY & PARTNERS,22651813,"11,329.16",,LL000033940
Department of Health,NHS South West Lincolnshire CCG,6/30/2018,Clinical&Medical-Othe Public Sector,CARERS,LINCOLNSHIRE COUNTY COUNCIL,22661563,"146,487.00",,10060647
Department of Health,NHS South West Lincolnshire CCG,6/30/2018,Clinical&Medical-Othe Public Sector,CHILD AND ADOLESCENT MENTAL HEALTH,LINCOLNSHIRE COUNTY COUNCIL,22661563,"93,396.00",,10060647
Department of Health,NHS South West Lincolnshire CCG,6/30/2018,Clinical&Medical-Othe Public Sector,COMMUNITY SERVICES,LINCOLNSHIRE COUNTY COUNCIL,22661563,"42,982.00",,10060647
Department of Health,NHS South West Lincolnshire CCG,6/30/2018,Clinical&Medical-Othe Public Sector,LEARNING DIFFICULTIES,LINCOLNSHIRE COUNTY COUNCIL,22661563,"265,254.00",,10060647
Department of Health,NHS South West Lincolnshire CCG,6/30/2018,Clinical&Medical-Voluntary Sector,HOSPICES,ST BARNABAS HOSPICE TRUST,22687093,"58,403.33",,SIN001608
Department of Health,NHS South West Lincolnshire CCG,6/30/2018,Clinical&Medical-Voluntary Sector,HOSPICES,ST BARNABAS HOSPICE TRUST,22687419,"58,403.33",,SIN001613
Department of Health,NHS South West Lincolnshire CCG,6/30/2018,Hcare Srv Rec NHS Trust-CQUIN,ACUTE COMMISSIONING,UNITED LINCOLNSHIRE HOSPITALS NHS TRUST,22687615,"57,689.76",,192669
Department of Health,NHS South West Lincolnshire CCG,6/30/2018,Hcare Srv Rec NHS Trust-Contract Baseline,ACUTE COMMISSIONING,UNITED LINCOLNSHIRE HOSPITALS NHS TRUST,22687615,"4,822,422.05",,192669
Department of Health,NHS South West Lincolnshire CCG,6/30/2018,Clinical&Medical-Independent Sector,PATIENT TRANSPORT,THAMES AMBULANCE SERVICE LTD,22690338,"56,386.00",809846883,20125
Department of Health,NHS South West Lincolnshire CCG,6/30/2018,Hcare Srv Rec NHS Trust-CQUIN,COMMUNITY SERVICES,LINCS COMMUNITY HEALTH SERVICES NHS TRUST,22709657,"57,883.52",654440975,4000037310
Department of Health,NHS South West Lincolnshire CCG,6/30/2018,Clinical&Medical-Independent Sector,ACUTE COMMISSIONING,CIRCLE NOTTINGHAM LTD,22710046,"105,168.45",157231127,7807
Department of Health,NHS South West Lincolnshire CCG,6/30/2018,Clinical&Medical-Independent Sector,OUT OF HOURS,DHU 111 (EAST MIDLANDS) CIC,22710072,"35,172.97",GB257028406,651
Department of Health,NHS South West Lincolnshire CCG,6/30/2018,C&M-GMS Cost of Drugs -Dispensing,LOCAL ENHANCED SERVICES,DR AJ WATTS & PARTNERS,22723462,"-103,526.68",,LL000034146
Department of Health,NHS South West Lincolnshire CCG,6/30/2018,C&M-GMS PrscChrgsCll&RmttdbyGPCntra,PRC DELEGATED CO-COMMISSIONING,DR AJ WATTS & PARTNERS,22723462,"-5,964.40",,LL000034146
Department of Health,NHS South West Lincolnshire CCG,6/30/2018,C&M-GMS Cost of Drugs -Dispensing,LOCAL ENHANCED SERVICES,DR AJ WATTS & PARTNERS,22723463,"199,810.53",,LL000034147
Department of Health,NHS South West Lincolnshire CCG,6/30/2018,C&M-GMS Prof Fees Dispensing,PRC DELEGATED CO-COMMISSIONING,DR AJ WATTS & PARTNERS,22723463,"38,733.18",,LL000034147
Department of Health,NHS South West Lincolnshire CCG,6/30/2018,C&M-GMS PrscrptnChrgsColl&RmttdbyGP,LOCAL ENHANCED SERVICES,DR AJ WATTS & PARTNERS,22723463,"5,964.40",,LL000034147
Department of Health,NHS South West Lincolnshire CCG,6/30/2018,C&M-GMS Cost of Drugs -Dispensing,LOCAL ENHANCED SERVICES,DR G ENNIS,22723466,"44,647.51",,LL000034150
Department of Health,NHS South West Lincolnshire CCG,6/30/2018,C&M-GMS Prof Fees Dispensing,PRC DELEGATED CO-COMMISSIONING,DR G ENNIS,22723466,"5,262.45",,LL000034150
Department of Health,NHS South West Lincolnshire CCG,6/30/2018,C&M-GMS PrscrptnChrgsColl&RmttdbyGP,LOCAL ENHANCED SERVICES,DR G ENNIS,22723466,"1,378.40",,LL000034150
Department of Health,NHS South West Lincolnshire CCG,6/30/2018,C&M-GMS Cost of Drugs -Dispensing,LOCAL ENHANCED SERVICES,DR JB ELDER & PARTNERS,22723468,"-47,494.78",,LL000034152
Department of Health,NHS South West Lincolnshire CCG,6/30/2018,C&M-GMS PrscChrgsCll&RmttdbyGPCntra,PRC DELEGATED CO-COMMISSIONING,DR JB ELDER & PARTNERS,22723468,"-2,986.80",,LL000034152
Department of Health,NHS South West Lincolnshire CCG,6/30/2018,C&M-GMS Cost of Drugs -Dispensing,LOCAL ENHANCED SERVICES,DR JB ELDER & PARTNERS,22723469,"91,013.33",,LL000034153
Department of Health,NHS South West Lincolnshire CCG,6/30/2018,C&M-GMS Prof Fees Dispensing,PRC DELEGATED CO-COMMISSIONING,DR JB ELDER & PARTNERS,22723469,"15,134.84",,LL000034153
Department of Health,NHS South West Lincolnshire CCG,6/30/2018,C&M-GMS PrscrptnChrgsColl&RmttdbyGP,LOCAL ENHANCED SERVICES,DR JB ELDER & PARTNERS,22723469,"2,986.80",,LL000034153
Department of Health,NHS South West Lincolnshire CCG,6/30/2018,C&M-GMS Cost of Drugs -Dispensing,LOCAL ENHANCED SERVICES,DR LAWRENSON & PARTNERS,22723470,"-52,576.37",,LL000034154
Department of Health,NHS South West Lincolnshire CCG,6/30/2018,C&M-GMS PrscChrgsCll&RmttdbyGPCntra,PRC DELEGATED CO-COMMISSIONING,DR LAWRENSON & PARTNERS,22723470,"-3,678.40",,LL000034154
Department of Health,NHS South West Lincolnshire CCG,6/30/2018,C&M-GMS Cost of Drugs -Dispensing,LOCAL ENHANCED SERVICES,DR LAWRENSON & PARTNERS,22723471,"106,382.91",,LL000034155
Department of Health,NHS South West Lincolnshire CCG,6/30/2018,C&M-GMS Prof Fees Dispensing,PRC DELEGATED CO-COMMISSIONING,DR LAWRENSON & PARTNERS,22723471,"18,589.09",,LL000034155
Department of Health,NHS South West Lincolnshire CCG,6/30/2018,C&M-GMS PrscrptnChrgsColl&RmttdbyGP,LOCAL ENHANCED SERVICES,DR LAWRENSON & PARTNERS,22723471,"3,678.40",,LL000034155
Department of Health,NHS South West Lincolnshire CCG,6/30/2018,C&M-GMS Cost of Drugs -Dispensing,LOCAL ENHANCED SERVICES,DR LEEPER & PARTNERS,22723472,"-74,122.75",,LL000034156
Department of Health,NHS South West Lincolnshire CCG,6/30/2018,C&M-GMS PrscChrgsCll&RmttdbyGPCntra,PRC DELEGATED CO-COMMISSIONING,DR LEEPER & PARTNERS,22723472,"-3,009.60",,LL000034156
Department of Health,NHS South West Lincolnshire CCG,6/30/2018,C&M-GMS Cost of Drugs -Dispensing,LOCAL ENHANCED SERVICES,DR LEEPER & PARTNERS,22723473,"154,409.84",,LL000034157
Department of Health,NHS South West Lincolnshire CCG,6/30/2018,C&M-GMS Prof Fees Dispensing,PRC DELEGATED CO-COMMISSIONING,DR LEEPER & PARTNERS,22723473,"25,737.58",,LL000034157
Department of Health,NHS South West Lincolnshire CCG,6/30/2018,C&M-GMS PrscrptnChrgsColl&RmttdbyGP,LOCAL ENHANCED SERVICES,DR LEEPER & PARTNERS,22723473,"3,009.60",,LL000034157
Department of Health,NHS South West Lincolnshire CCG,6/30/2018,C&M-GMS Cost of Drugs -Dispensing,LOCAL ENHANCED SERVICES,DR PARRY & PARTNERS SLEAFORD,22723475,"-89,453.18",,LL000034159
Department of Health,NHS South West Lincolnshire CCG,6/30/2018,C&M-GMS PrscChrgsCll&RmttdbyGPCntra,PRC DELEGATED CO-COMMISSIONING,DR PARRY & PARTNERS SLEAFORD,22723475,"-3,902.00",,LL000034159
Department of Health,NHS South West Lincolnshire CCG,6/30/2018,C&M-GMS Cost of Drugs -Dispensing,LOCAL ENHANCED SERVICES,DR PARRY & PARTNERS SLEAFORD,22723476,"166,091.19",,LL000034160
Department of Health,NHS South West Lincolnshire CCG,6/30/2018,C&M-GMS Prof Fees Dispensing,PRC DELEGATED CO-COMMISSIONING,DR PARRY & PARTNERS SLEAFORD,22723476,"37,076.47",,LL000034160
Department of Health,NHS South West Lincolnshire CCG,6/30/2018,C&M-GMS PrscrptnChrgsColl&RmttdbyGP,LOCAL ENHANCED SERVICES,DR PARRY & PARTNERS SLEAFORD,22723476,"3,902.00",,LL000034160
Department of Health,NHS South West Lincolnshire CCG,6/30/2018,C&M-GMS Cost of Drugs -Dispensing,LOCAL ENHANCED SERVICES,DR RYDER & PARTNERS,22723480,"-23,739.40",,LL000034164
Department of Health,NHS South West Lincolnshire CCG,6/30/2018,C&M-GMS PrscChrgsCll&RmttdbyGPCntra,PRC DELEGATED CO-COMMISSIONING,DR RYDER & PARTNERS,22723480,"-1,317.60",,LL000034164
Department of Health,NHS South West Lincolnshire CCG,6/30/2018,C&M-GMS Cost of Drugs -Dispensing,LOCAL ENHANCED SERVICES,DR RYDER & PARTNERS,22723481,"35,372.32",,LL000034165
Department of Health,NHS South West Lincolnshire CCG,6/30/2018,C&M-GMS Prof Fees Dispensing,PRC DELEGATED CO-COMMISSIONING,DR RYDER & PARTNERS,22723481,"9,294.60",,LL000034165
Department of Health,NHS South West Lincolnshire CCG,6/30/2018,C&M-GMS PrscrptnChrgsColl&RmttdbyGP,LOCAL ENHANCED SERVICES,DR RYDER & PARTNERS,22723481,"1,317.60",,LL000034165
Department of Health,NHS South West Lincolnshire CCG,6/30/2018,C&M-GMS Cost of Drugs -Dispensing,LOCAL ENHANCED SERVICES,DR WEBSTER & PARTNERS,22723482,"-33,089.37",,LL000034166
Department of Health,NHS South West Lincolnshire CCG,6/30/2018,C&M-GMS PrscChrgsCll&RmttdbyGPCntra,PRC DELEGATED CO-COMMISSIONING,DR WEBSTER & PARTNERS,22723482,"-2,020.60",,LL000034166
Department of Health,NHS South West Lincolnshire CCG,6/30/2018,C&M-GMS Cost of Drugs -Dispensing,LOCAL ENHANCED SERVICES,DR WEBSTER & PARTNERS,22723483,"71,230.88",,LL000034167
Department of Health,NHS South West Lincolnshire CCG,6/30/2018,C&M-GMS Prof Fees Dispensing,PRC DELEGATED CO-COMMISSIONING,DR WEBSTER & PARTNERS,22723483,"12,392.60",,LL000034167
Department of Health,NHS South West Lincolnshire CCG,6/30/2018,C&M-GMS PrscrptnChrgsColl&RmttdbyGP,LOCAL ENHANCED SERVICES,DR WEBSTER & PARTNERS,22723483,"2,020.60",,LL000034167
Department of Health,NHS South West Lincolnshire CCG,6/30/2018,C&M-GMS Cost of Drugs -Dispensing,LOCAL ENHANCED SERVICES,DRS BAMBER & MCKECHNIE,22723485,"39,724.43",,LL000034169
Department of Health,NHS South West Lincolnshire CCG,6/30/2018,C&M-GMS Prof Fees Dispensing,PRC DELEGATED CO-COMMISSIONING,DRS BAMBER & MCKECHNIE,22723485,"8,552.79",,LL000034169
Department of Health,NHS South West Lincolnshire CCG,6/30/2018,C&M-GMS PrscrptnChrgsColl&RmttdbyGP,LOCAL ENHANCED SERVICES,DRS BAMBER & MCKECHNIE,22723485,"1,130.80",,LL000034169
Department of Health,NHS South West Lincolnshire CCG,6/30/2018,C&M-GMS Cost of Drugs -Dispensing,LOCAL ENHANCED SERVICES,DR VIJAYAN & PARTNERS,22723488,"31,199.02",,LL000034172
Department of Health,NHS South West Lincolnshire CCG,6/30/2018,C&M-GMS Prof Fees Dispensing,PRC DELEGATED CO-COMMISSIONING,DR VIJAYAN & PARTNERS,22723488,"5,317.19",,LL000034172
Department of Health,NHS South West Lincolnshire CCG,6/30/2018,C&M-GMS PrscrptnChrgsColl&RmttdbyGP,LOCAL ENHANCED SERVICES,DR VIJAYAN & PARTNERS,22723488,"1,091.60",,LL000034172
Department of Health,NHS South West Lincolnshire CCG,6/30/2018,C&M-GMS Cost of Drugs -Dispensing,LOCAL ENHANCED SERVICES,GLENSIDE COUNTRY PRACTICE,22723489,"-34,923.14",,LL000034173
Department of Health,NHS South West Lincolnshire CCG,6/30/2018,C&M-GMS PrscChrgsCll&RmttdbyGPCntra,PRC DELEGATED CO-COMMISSIONING,GLENSIDE COUNTRY PRACTICE,22723489,"-1,434.40",,LL000034173
Department of Health,NHS South West Lincolnshire CCG,6/30/2018,C&M-GMS Cost of Drugs -Dispensing,LOCAL ENHANCED SERVICES,GLENSIDE COUNTRY PRACTICE,22723490,"67,237.38",,LL000034174
Department of Health,NHS South West Lincolnshire CCG,6/30/2018,C&M-GMS Prof Fees Dispensing,PRC DELEGATED CO-COMMISSIONING,GLENSIDE COUNTRY PRACTICE,22723490,"13,540.56",,LL000034174
Department of Health,NHS South West Lincolnshire CCG,6/30/2018,C&M-GMS PrscrptnChrgsColl&RmttdbyGP,LOCAL ENHANCED SERVICES,GLENSIDE COUNTRY PRACTICE,22723490,"1,434.40",,LL000034174
Department of Health,NHS South West Lincolnshire CCG,6/30/2018,C&M-GMS Cost of Drugs -Dispensing,LOCAL ENHANCED SERVICES,WELBY PRACTICE (THE),22723492,"47,610.74",,LL000034176
Department of Health,NHS South West Lincolnshire CCG,6/30/2018,C&M-GMS Prof Fees Dispensing,PRC DELEGATED CO-COMMISSIONING,WELBY PRACTICE (THE),22723492,"7,609.12",,LL000034176
Department of Health,NHS South West Lincolnshire CCG,6/30/2018,C&M-GMS PrscrptnChrgsColl&RmttdbyGP,LOCAL ENHANCED SERVICES,WELBY PRACTICE (THE),22723492,"1,015.20",,LL000034176
Department of Health,NHS South West Lincolnshire CCG,6/30/2018,Hcare Srv Rec NHS Trust-Non Contract,ACUTE COMMISSIONING,UNITED LINCOLNSHIRE HOSPITALS NHS TRUST,22727063,"37,492.53",,185424
Department of Health,NHS South West Lincolnshire CCG,6/30/2018,Hcare Srv Rec NHS CCG-Prior Year,LEARNING DIFFICULTIES,NHS WEST NORFOLK CCG,22727068,"46,263.48",,7022100357
Department of Health,NHS South West Lincolnshire CCG,6/30/2018,Clinical&Medical-Othe Public Sector,LEARNING DIFFICULTIES,LINCOLNSHIRE COUNTY COUNCIL,22757902,"82,341.00",,10055546
Department of Health,NHS South West Lincolnshire CCG,6/30/2018,Clinical&Medical-Independent Sector,MENTAL HEALTH SERVICES - ADULTS,ELYSIUM HEALTHCARE LTD,22757922,"39,319.47",GB257732580,HLH00160
Department of Health,NHS South West Lincolnshire CCG,6/30/2018,Clinical&Medical-Independent Sector,MENTAL HEALTH SERVICES - ADULTS,NOTTINGHAM PRIORY,22758108,"27,098.00",626524835,316CBSWMAY18
Department of Health,NHS South West Lincolnshire CCG,6/30/2018,Cont Care- Prior Year Payments,Children's Continuing Care,LINCOLNSHIRE COUNTY COUNCIL,22792166,"34,787.40",,10053302
Department of Health,NHS South West Lincolnshire CCG,6/30/2018,Hcare Srv Rec NHS Trust-Contract Baseline,ACUTE COMMISSIONING,UNIVERSITY HOSPITALS OF LEICESTER NHS TRUST,22792266,"119,285.00",654972400,L0210902
Department of Health,NHS South West Lincolnshire CCG,6/30/2018,Hcare Srv Rec Fdtn Trust-Contract Baseline,ACUTE COMMISSIONING,DERBY TEACHING HOSPITALS NHS FT,22792291,"54,360.86",GB654967976,800001545
Department of Health,NHS South West Lincolnshire CCG,6/30/2018,Hcare Srv Rec Fdtn Trust-CQUIN,ACUTE COMMISSIONING,CAMBRIDGE UNIVERSITY HOSPITALS NHS FOUNDATION TRUST,22792299,308.08,,70022053
Department of Health,NHS South West Lincolnshire CCG,6/30/2018,Hcare Srv Rec Fdtn Trust-Contract Baseline,ACUTE COMMISSIONING,CAMBRIDGE UNIVERSITY HOSPITALS NHS FOUNDATION TRUST,22792299,"25,820.83",,70022053
Department of Health,NHS South West Lincolnshire CCG,6/30/2018,Hcare Srv Rec Fdtn Trust-Contract Baseline,ACUTE COMMISSIONING,NORTHERN LINCOLNSHIRE AND GOOLE HOSPITALS NHS FOUNDATION TRUST,22792307,"238,414.00",654977580,2400020062
Department of Health,NHS South West Lincolnshire CCG,6/30/2018,Hcare Srv Rec NHS Trust-Non Contract,MENTAL HEALTH SERVICES - COLLABORATIVE COMMISSIONING,UNITED LINCOLNSHIRE HOSPITALS NHS TRUST,22824302,"65,375.00",,191695
Department of Health,NHS South West Lincolnshire CCG,6/30/2018,Chrgs from SLA,CONTRACT MANAGEMENT,OPTUM HEALTH SOLUTIONS (UK) LTD,22824343,"101,955.26",GB108297604,1087688
Department of Health,NHS South West Lincolnshire CCG,6/30/2018,Chrgs from SLA,NON RECURRENT PROGRAMMES,OPTUM HEALTH SOLUTIONS (UK) LTD,22824343,"23,543.86",GB108297604,1087688
Department of Health,NHS South West Lincolnshire CCG,6/30/2018,Hcare Srv Rec NHS Trust-Non Contract,MENTAL HEALTH SERVICES - COLLABORATIVE COMMISSIONING,UNITED LINCOLNSHIRE HOSPITALS NHS TRUST,22824365,"-65,375.00",,209572
Department of Health,NHS South West Lincolnshire CCG,6/30/2018,Hcare Srv Rec Fdtn Trust-Contract Baseline,ACUTE COMMISSIONING,SHERWOOD FOREST HOSPITALS NHS FOUNDATION TRUST,22841571,"96,972.42",,165555
Department of Health,NHS South West Lincolnshire CCG,6/30/2018,Clinical&Medical-Independent Sector,ACUTE COMMISSIONING,NOTTINGHAM WOODTHORPE HOSPITAL,22841573,"104,129.36",,4JULY1804QSWL
Department of Health,NHS South West Lincolnshire CCG,6/30/2018,Clinical&Medical-Independent Sector,PATIENT TRANSPORT,THAMES AMBULANCE SERVICE LTD,22845769,"56,386.00",809846883,20243
,,,,,,,,,
,,,,,,,"14,761,499.25",,
