Department family,Entity,Date,Expense Type,Expense area,Supplier,Transaction number,AP Amount (�)
Department of Health,NHS South West Lincolnshire CCG,4/30/2018,Chrgs from SLA,NON RECURRENT PROGRAMMES,NHS ARDEN AND GEM CSU,21568297,"35,646.55"
Department of Health,NHS South West Lincolnshire CCG,4/30/2018,Clinical&Medical-Independent Sector,ACUTE COMMISSIONING,ORTHOPAEDICS & SPINE SPECIALIST HOSPITAL,21573796,"60,878.80"
Department of Health,NHS South West Lincolnshire CCG,4/30/2018,C&M-PMS Baseline Adjustment,PRC DELEGATED CO-COMMISSIONING,DR GALLOP & PARTNERS,21582799,"43,936.69"
Department of Health,NHS South West Lincolnshire CCG,4/30/2018,C&M-PMS Prem Notional Rent,PRC DELEGATED CO-COMMISSIONING,DR GALLOP & PARTNERS,21582799,"4,833.33"
Department of Health,NHS South West Lincolnshire CCG,4/30/2018,C&M-PMS Prem Rates,PRC DELEGATED CO-COMMISSIONING,DR GALLOP & PARTNERS,21582799,"4,789.15"
Department of Health,NHS South West Lincolnshire CCG,4/30/2018,Hcare Srv Rec Fdtn Trust-Prior Year,ACUTE COMMISSIONING,NORTH WEST ANGLIA NHS FOUNDATION TRUST,21604874,"460,123.72"
Department of Health,NHS South West Lincolnshire CCG,4/30/2018,Cont Care-Funded Nursing Care Allow,FUNDED NURSING CARE,LINCOLNSHIRE COUNTY COUNCIL,21623512,"506,982.43"
Department of Health,NHS South West Lincolnshire CCG,4/30/2018,Services From Local Authorities,QUALITY ASSURANCE,LINCOLNSHIRE COUNTY COUNCIL,21623528,"40,000.00"
Department of Health,NHS South West Lincolnshire CCG,4/30/2018,Hcare Srv Rec Fdtn Trust-Contract Baseline,ACUTE COMMISSIONING,NORTHERN LINCOLNSHIRE AND GOOLE HOSPITALS NHS FOUNDATION TRUST,21623545,"238,414.00"
Department of Health,NHS South West Lincolnshire CCG,4/30/2018,Clinical&Medical-Independent Sector,PROGRAMME PROJECTS,SPECSAVERS HEARCARE LTD,21636116,"32,895.50"
Department of Health,NHS South West Lincolnshire CCG,4/30/2018,Hcare Srv Rec Fdtn Trust-Contract Baseline,ACUTE COMMISSIONING,DERBY TEACHING HOSPITALS NHS FT,21636141,"52,537.89"
Department of Health,NHS South West Lincolnshire CCG,4/30/2018,Hcare Srv Rec Fdtn Trust-Contract Baseline,ACUTE COMMISSIONING,CAMBRIDGE UNIVERSITY HOSPITALS NHS FOUNDATION TRUST,21636146,"52,927.35"
Department of Health,NHS South West Lincolnshire CCG,4/30/2018,Hcare Srv Rec NHS Trust-CQUIN,AMBULANCE SERVICES,EAST MIDLANDS AMBULANCE SERVICE NHS TRUST,21636148,"3,956.00"
Department of Health,NHS South West Lincolnshire CCG,4/30/2018,Hcare Srv Rec NHS Trust-Contract Baseline,AMBULANCE SERVICES,EAST MIDLANDS AMBULANCE SERVICE NHS TRUST,21636148,"316,318.00"
Department of Health,NHS South West Lincolnshire CCG,4/30/2018,Clinical&Medical-Independent Sector,PATIENT TRANSPORT,THAMES AMBULANCE SERVICE LTD,21692809,"56,386.00"
Department of Health,NHS South West Lincolnshire CCG,4/30/2018,Charges from CSU,COMMISSIONING - NON ACUTE,NHS ARDEN AND GEM CSU,21692832,"3,063.00"
Department of Health,NHS South West Lincolnshire CCG,4/30/2018,Charges from CSU,CONTINUING HEALTHCARE ASSESSMENT & SUPPORT,NHS ARDEN AND GEM CSU,21692832,"28,108.91"
Department of Health,NHS South West Lincolnshire CCG,4/30/2018,Income tax <1Yr,BALANCE SHEET,HMRC,21719139,"24,818.05"
Department of Health,NHS South West Lincolnshire CCG,4/30/2018,Income tax <1Yr-Student Loans,BALANCE SHEET,HMRC,21719139,419.00
Department of Health,NHS South West Lincolnshire CCG,4/30/2018,National Insurance < 1 yr-NI- ERS,BALANCE SHEET,HMRC,21719139,"17,141.64"
Department of Health,NHS South West Lincolnshire CCG,4/30/2018,National Insurance < 1 yr-NI-EES,BALANCE SHEET,HMRC,21719139,"12,746.65"
Department of Health,NHS South West Lincolnshire CCG,4/30/2018,Statutory Mat Pay < 1 yr,BALANCE SHEET,HMRC,21719139,-518.80
Department of Health,NHS South West Lincolnshire CCG,4/30/2018,Clinical&Medical-Independent Sector,ACUTE COMMISSIONING,NOTTINGHAM WOODTHORPE HOSPITAL,21730214,"104,129.36"
Department of Health,NHS South West Lincolnshire CCG,4/30/2018,Hcare Srv Rec Fdtn Trust-CQUIN,ACUTE COMMISSIONING,NORTH WEST ANGLIA NHS FOUNDATION TRUST,21730220,"4,297.25"
Department of Health,NHS South West Lincolnshire CCG,4/30/2018,Hcare Srv Rec Fdtn Trust-Contract Baseline,ACUTE COMMISSIONING,NORTH WEST ANGLIA NHS FOUNDATION TRUST,21730220,"368,357.92"
Department of Health,NHS South West Lincolnshire CCG,4/30/2018,Hcare Srv Rec NHS Trust-CQUIN,ACUTE COMMISSIONING,NOTTINGHAM UNIVERSITY HOSPITALS NHS TRUST,21730221,"14,217.00"
Department of Health,NHS South West Lincolnshire CCG,4/30/2018,Hcare Srv Rec NHS Trust-Contract Baseline,ACUTE COMMISSIONING,NOTTINGHAM UNIVERSITY HOSPITALS NHS TRUST,21730221,"594,417.00"
Department of Health,NHS South West Lincolnshire CCG,4/30/2018,Clinical&Medical-Independent Sector,ACUTE COMMISSIONING,BMI HEALTHCARE COLLECTIONS,21730224,"36,515.16"
Department of Health,NHS South West Lincolnshire CCG,4/30/2018,Hcare Srv Rec NHS Trust-Contract Baseline,ACUTE COMMISSIONING,UNIVERSITY HOSPITALS OF LEICESTER NHS TRUST,21730227,"116,792.00"
Department of Health,NHS South West Lincolnshire CCG,4/30/2018,Clinical&Medical-Independent Sector,ACUTE COMMISSIONING,FITZWILLIAM HOSPITAL,21730235,"135,654.83"
Department of Health,NHS South West Lincolnshire CCG,4/30/2018,Hcare Srv Rec Fdtn Trust-Contract Baseline,MENTAL HEALTH CONTRACTS,LINCOLNSHIRE PARTNERSHIP NHS FOUNDATION TRUST,21731055,"912,712.82"
Department of Health,NHS South West Lincolnshire CCG,4/30/2018,C&M-GMS DES Extended Hours Access,PRC DELEGATED CO-COMMISSIONING,DR AJ WATTS & PARTNERS,21764384,"4,248.40"
Department of Health,NHS South West Lincolnshire CCG,4/30/2018,C&M-GMS DES Minor Surgery,PRC DELEGATED CO-COMMISSIONING,DR AJ WATTS & PARTNERS,21764384,"1,044.96"
Department of Health,NHS South West Lincolnshire CCG,4/30/2018,C&M-GMS Global Sum,PRC DELEGATED CO-COMMISSIONING,DR AJ WATTS & PARTNERS,21764384,"70,551.21"
Department of Health,NHS South West Lincolnshire CCG,4/30/2018,C&M-GMS Prem Notional Rent,PRC DELEGATED CO-COMMISSIONING,DR AJ WATTS & PARTNERS,21764384,"3,516.67"
Department of Health,NHS South West Lincolnshire CCG,4/30/2018,C&M-GMS Prem Rates,PRC DELEGATED CO-COMMISSIONING,DR AJ WATTS & PARTNERS,21764384,"12,805.73"
Department of Health,NHS South West Lincolnshire CCG,4/30/2018,C&M-GMS Prem Water Rates,PRC DELEGATED CO-COMMISSIONING,DR AJ WATTS & PARTNERS,21764384,254.51
Department of Health,NHS South West Lincolnshire CCG,4/30/2018,C&M-GMS QOF Aspiration,PRC DELEGATED CO-COMMISSIONING,DR AJ WATTS & PARTNERS,21764384,"7,501.85"
Department of Health,NHS South West Lincolnshire CCG,4/30/2018,ME - GMS GP Prior Year ERs,PRC DELEGATED CO-COMMISSIONING,DR AJ WATTS & PARTNERS,21764384,404.66
Department of Health,NHS South West Lincolnshire CCG,4/30/2018,ME-GMS GP Prior Year EEs,PRC DELEGATED CO-COMMISSIONING,DR AJ WATTS & PARTNERS,21764384,410.35
Department of Health,NHS South West Lincolnshire CCG,4/30/2018,C&M-GMS Global Sum,PRC DELEGATED CO-COMMISSIONING,DR ALLSEBROOK & PARTNERS,21764386,"37,690.52"
Department of Health,NHS South West Lincolnshire CCG,4/30/2018,C&M-GMS MPIG Correction Factor,PRC DELEGATED CO-COMMISSIONING,DR ALLSEBROOK & PARTNERS,21764386,567.73
Department of Health,NHS South West Lincolnshire CCG,4/30/2018,C&M-GMS Prem Rates,PRC DELEGATED CO-COMMISSIONING,DR ALLSEBROOK & PARTNERS,21764386,"7,225.73"
Department of Health,NHS South West Lincolnshire CCG,4/30/2018,C&M-GMS QOF Aspiration,PRC DELEGATED CO-COMMISSIONING,DR ALLSEBROOK & PARTNERS,21764386,"4,297.76"
Department of Health,NHS South West Lincolnshire CCG,4/30/2018,C&M-GMS DES Extended Hours Access,PRC DELEGATED CO-COMMISSIONING,DR JB ELDER & PARTNERS,21764391,"2,155.08"
Department of Health,NHS South West Lincolnshire CCG,4/30/2018,C&M-GMS Global Sum,PRC DELEGATED CO-COMMISSIONING,DR JB ELDER & PARTNERS,21764391,"36,202.90"
Department of Health,NHS South West Lincolnshire CCG,4/30/2018,C&M-GMS MPIG Correction Factor,PRC DELEGATED CO-COMMISSIONING,DR JB ELDER & PARTNERS,21764391,170.58
Department of Health,NHS South West Lincolnshire CCG,4/30/2018,C&M-GMS QOF Aspiration,PRC DELEGATED CO-COMMISSIONING,DR JB ELDER & PARTNERS,21764391,"3,811.20"
Department of Health,NHS South West Lincolnshire CCG,4/30/2018,C&M-GMS DES Minor Surgery,PRC DELEGATED CO-COMMISSIONING,DR LAWRENSON & PARTNERS,21764393,"2,091.39"
Department of Health,NHS South West Lincolnshire CCG,4/30/2018,C&M-GMS Global Sum,PRC DELEGATED CO-COMMISSIONING,DR LAWRENSON & PARTNERS,21764393,"46,711.28"
Department of Health,NHS South West Lincolnshire CCG,4/30/2018,C&M-GMS PCO Seniority,PRC DELEGATED CO-COMMISSIONING,DR LAWRENSON & PARTNERS,21764393,"7,617.22"
Department of Health,NHS South West Lincolnshire CCG,4/30/2018,C&M-GMS Prem Actual Rent,PRC DELEGATED CO-COMMISSIONING,DR LAWRENSON & PARTNERS,21764393,"27,240.00"
Department of Health,NHS South West Lincolnshire CCG,4/30/2018,C&M-GMS Prem Rates,PRC DELEGATED CO-COMMISSIONING,DR LAWRENSON & PARTNERS,21764393,"6,637.59"
Department of Health,NHS South West Lincolnshire CCG,4/30/2018,C&M-GMS Prem Water Rates,PRC DELEGATED CO-COMMISSIONING,DR LAWRENSON & PARTNERS,21764393,226.98
Department of Health,NHS South West Lincolnshire CCG,4/30/2018,C&M-GMS QOF Aspiration,PRC DELEGATED CO-COMMISSIONING,DR LAWRENSON & PARTNERS,21764393,"5,288.85"
Department of Health,NHS South West Lincolnshire CCG,4/30/2018,C&M-GMS GP Statutory Levy,PRC DELEGATED CO-COMMISSIONING,DR LEEPER & PARTNERS,21764394,-164.18
Department of Health,NHS South West Lincolnshire CCG,4/30/2018,C&M-GMS Voluntary Levy,PRC DELEGATED CO-COMMISSIONING,DR LEEPER & PARTNERS,21764394,-23.25
Department of Health,NHS South West Lincolnshire CCG,4/30/2018,ME-GMS GP Pension EEs,PRC DELEGATED CO-COMMISSIONING,DR LEEPER & PARTNERS,21764394,"-17,341.94"
Department of Health,NHS South West Lincolnshire CCG,4/30/2018,ME-GMS GP Pension ERs Adjustments,PRC DELEGATED CO-COMMISSIONING,DR LEEPER & PARTNERS,21764394,"-17,276.34"
Department of Health,NHS South West Lincolnshire CCG,4/30/2018,C&M-GMS DES Extended Hours Access,PRC DELEGATED CO-COMMISSIONING,DR LEEPER & PARTNERS,21764395,"2,284.28"
Department of Health,NHS South West Lincolnshire CCG,4/30/2018,C&M-GMS DES Minor Surgery,PRC DELEGATED CO-COMMISSIONING,DR LEEPER & PARTNERS,21764395,914.83
Department of Health,NHS South West Lincolnshire CCG,4/30/2018,C&M-GMS Global Sum,PRC DELEGATED CO-COMMISSIONING,DR LEEPER & PARTNERS,21764395,"44,170.70"
Department of Health,NHS South West Lincolnshire CCG,4/30/2018,C&M-GMS Prem Rates,PRC DELEGATED CO-COMMISSIONING,DR LEEPER & PARTNERS,21764395,"5,293.27"
Department of Health,NHS South West Lincolnshire CCG,4/30/2018,C&M-GMS Prem Water Rates,PRC DELEGATED CO-COMMISSIONING,DR LEEPER & PARTNERS,21764395,147.39
Department of Health,NHS South West Lincolnshire CCG,4/30/2018,C&M-GMS QOF Aspiration,PRC DELEGATED CO-COMMISSIONING,DR LEEPER & PARTNERS,21764395,"4,426.11"
Department of Health,NHS South West Lincolnshire CCG,4/30/2018,C&M-GMS DES Extended Hours Access,PRC DELEGATED CO-COMMISSIONING,DR PARKIN & PARTNERS GRANTHAM,21764398,"7,546.33"
Department of Health,NHS South West Lincolnshire CCG,4/30/2018,C&M-GMS DES Minor Surgery,PRC DELEGATED CO-COMMISSIONING,DR PARKIN & PARTNERS GRANTHAM,21764398,"9,041.69"
Department of Health,NHS South West Lincolnshire CCG,4/30/2018,C&M-GMS Global Sum,PRC DELEGATED CO-COMMISSIONING,DR PARKIN & PARTNERS GRANTHAM,21764398,"111,163.86"
Department of Health,NHS South West Lincolnshire CCG,4/30/2018,C&M-GMS MPIG Correction Factor,PRC DELEGATED CO-COMMISSIONING,DR PARKIN & PARTNERS GRANTHAM,21764398,"5,183.13"
Department of Health,NHS South West Lincolnshire CCG,4/30/2018,C&M-GMS Prem Notional Rent,PRC DELEGATED CO-COMMISSIONING,DR PARKIN & PARTNERS GRANTHAM,21764398,"7,456.25"
Department of Health,NHS South West Lincolnshire CCG,4/30/2018,C&M-GMS QOF Aspiration,PRC DELEGATED CO-COMMISSIONING,DR PARKIN & PARTNERS GRANTHAM,21764398,"16,675.25"
Department of Health,NHS South West Lincolnshire CCG,4/30/2018,ME-GMS GP Prior Year EEs,PRC DELEGATED CO-COMMISSIONING,DR PARKIN & PARTNERS GRANTHAM,21764398,"1,250.79"
Department of Health,NHS South West Lincolnshire CCG,4/30/2018,C&M-GMS DES Extended Hours Access,PRC DELEGATED CO-COMMISSIONING,DR PARRY & PARTNERS SLEAFORD,21764400,"3,007.70"
Department of Health,NHS South West Lincolnshire CCG,4/30/2018,C&M-GMS DES Minor Surgery,PRC DELEGATED CO-COMMISSIONING,DR PARRY & PARTNERS SLEAFORD,21764400,827.75
Department of Health,NHS South West Lincolnshire CCG,4/30/2018,C&M-GMS Global Sum,PRC DELEGATED CO-COMMISSIONING,DR PARRY & PARTNERS SLEAFORD,21764400,"54,591.71"
Department of Health,NHS South West Lincolnshire CCG,4/30/2018,C&M-GMS Prem Actual Rent,PRC DELEGATED CO-COMMISSIONING,DR PARRY & PARTNERS SLEAFORD,21764400,"3,899.19"
Department of Health,NHS South West Lincolnshire CCG,4/30/2018,C&M-GMS Prem Rates,PRC DELEGATED CO-COMMISSIONING,DR PARRY & PARTNERS SLEAFORD,21764400,"6,301.41"
Department of Health,NHS South West Lincolnshire CCG,4/30/2018,C&M-GMS QOF Aspiration,PRC DELEGATED CO-COMMISSIONING,DR PARRY & PARTNERS SLEAFORD,21764400,"6,695.57"
Department of Health,NHS South West Lincolnshire CCG,4/30/2018,C&M-GMS DES Minor Surgery,PRC DELEGATED CO-COMMISSIONING,DR MTC HIGGINS & PARTNERS,21764402,"1,047.41"
Department of Health,NHS South West Lincolnshire CCG,4/30/2018,C&M-GMS DES Violent Patients,PRC DELEGATED CO-COMMISSIONING,DR MTC HIGGINS & PARTNERS,21764402,660.00
Department of Health,NHS South West Lincolnshire CCG,4/30/2018,C&M-GMS Global Sum,PRC DELEGATED CO-COMMISSIONING,DR MTC HIGGINS & PARTNERS,21764402,"53,019.49"
Department of Health,NHS South West Lincolnshire CCG,4/30/2018,C&M-GMS MPIG Correction Factor,PRC DELEGATED CO-COMMISSIONING,DR MTC HIGGINS & PARTNERS,21764402,907.41
Department of Health,NHS South West Lincolnshire CCG,4/30/2018,C&M-GMS Prem Notional Rent,PRC DELEGATED CO-COMMISSIONING,DR MTC HIGGINS & PARTNERS,21764402,"5,037.33"
Department of Health,NHS South West Lincolnshire CCG,4/30/2018,C&M-GMS QOF Aspiration,PRC DELEGATED CO-COMMISSIONING,DR MTC HIGGINS & PARTNERS,21764402,"7,251.40"
Department of Health,NHS South West Lincolnshire CCG,4/30/2018,C&M-GMS DES Extended Hours Access,PRC DELEGATED CO-COMMISSIONING,DR S GLENCROSS & PARTNERS,21764404,"1,601.23"
Department of Health,NHS South West Lincolnshire CCG,4/30/2018,C&M-GMS Global Sum,PRC DELEGATED CO-COMMISSIONING,DR S GLENCROSS & PARTNERS,21764404,"25,932.24"
Department of Health,NHS South West Lincolnshire CCG,4/30/2018,C&M-GMS PCO Locum Adop/Pat/Mat,PRC DELEGATED CO-COMMISSIONING,DR S GLENCROSS & PARTNERS,21764404,"4,666.70"
Department of Health,NHS South West Lincolnshire CCG,4/30/2018,C&M-GMS Prem Notional Rent,PRC DELEGATED CO-COMMISSIONING,DR S GLENCROSS & PARTNERS,21764404,"2,500.00"
Department of Health,NHS South West Lincolnshire CCG,4/30/2018,C&M-GMS Prem Rates,PRC DELEGATED CO-COMMISSIONING,DR S GLENCROSS & PARTNERS,21764404,"1,807.40"
Department of Health,NHS South West Lincolnshire CCG,4/30/2018,C&M-GMS QOF Aspiration,PRC DELEGATED CO-COMMISSIONING,DR S GLENCROSS & PARTNERS,21764404,"2,486.64"
Department of Health,NHS South West Lincolnshire CCG,4/30/2018,C&M-GMS DES Extended Hours Access,PRC DELEGATED CO-COMMISSIONING,DR RYDER & PARTNERS,21764406,"3,616.18"
Department of Health,NHS South West Lincolnshire CCG,4/30/2018,C&M-GMS DES Minor Surgery,PRC DELEGATED CO-COMMISSIONING,DR RYDER & PARTNERS,21764406,435.89
Department of Health,NHS South West Lincolnshire CCG,4/30/2018,C&M-GMS Global Sum,PRC DELEGATED CO-COMMISSIONING,DR RYDER & PARTNERS,21764406,"62,977.73"
Department of Health,NHS South West Lincolnshire CCG,4/30/2018,C&M-GMS QOF Aspiration,PRC DELEGATED CO-COMMISSIONING,DR RYDER & PARTNERS,21764406,"6,432.22"
Department of Health,NHS South West Lincolnshire CCG,4/30/2018,ME-GMS GP Pension EEs,PRC DELEGATED CO-COMMISSIONING,DR RYDER & PARTNERS,21764406,"4,439.37"
Department of Health,NHS South West Lincolnshire CCG,4/30/2018,ME-GMS GP Pension ERs Adjustments,PRC DELEGATED CO-COMMISSIONING,DR RYDER & PARTNERS,21764406,"4,289.21"
Department of Health,NHS South West Lincolnshire CCG,4/30/2018,C&M-GMS DES Extended Hours Access,PRC DELEGATED CO-COMMISSIONING,DR WEBSTER & PARTNERS,21764408,"8,722.43"
Department of Health,NHS South West Lincolnshire CCG,4/30/2018,C&M-GMS DES Learn Dsblty Hlth Chk,PRC DELEGATED CO-COMMISSIONING,DR WEBSTER & PARTNERS,21764408,"1,680.00"
Department of Health,NHS South West Lincolnshire CCG,4/30/2018,C&M-GMS Global Sum,PRC DELEGATED CO-COMMISSIONING,DR WEBSTER & PARTNERS,21764408,"129,378.07"
Department of Health,NHS South West Lincolnshire CCG,4/30/2018,C&M-GMS Prem Notional Rent,PRC DELEGATED CO-COMMISSIONING,DR WEBSTER & PARTNERS,21764408,"12,683.33"
Department of Health,NHS South West Lincolnshire CCG,4/30/2018,C&M-GMS Prem Rates,PRC DELEGATED CO-COMMISSIONING,DR WEBSTER & PARTNERS,21764408,"11,961.60"
Department of Health,NHS South West Lincolnshire CCG,4/30/2018,C&M-GMS QOF Aspiration,PRC DELEGATED CO-COMMISSIONING,DR WEBSTER & PARTNERS,21764408,"16,479.94"
Department of Health,NHS South West Lincolnshire CCG,4/30/2018,C&M-GMS DES Extended Hours Access,PRC DELEGATED CO-COMMISSIONING,DR TEDBURY & PARTNERS,21764412,"7,185.80"
Department of Health,NHS South West Lincolnshire CCG,4/30/2018,C&M-GMS Global Sum,PRC DELEGATED CO-COMMISSIONING,DR TEDBURY & PARTNERS,21764412,"97,154.45"
Department of Health,NHS South West Lincolnshire CCG,4/30/2018,C&M-GMS MPIG Correction Factor,PRC DELEGATED CO-COMMISSIONING,DR TEDBURY & PARTNERS,21764412,71.53
Department of Health,NHS South West Lincolnshire CCG,4/30/2018,C&M-GMS Prem Notional Rent,PRC DELEGATED CO-COMMISSIONING,DR TEDBURY & PARTNERS,21764412,"6,759.02"
Department of Health,NHS South West Lincolnshire CCG,4/30/2018,C&M-GMS Prem Rates,PRC DELEGATED CO-COMMISSIONING,DR TEDBURY & PARTNERS,21764412,"12,120.00"
Department of Health,NHS South West Lincolnshire CCG,4/30/2018,C&M-GMS Prem Water Rates,PRC DELEGATED CO-COMMISSIONING,DR TEDBURY & PARTNERS,21764412,177.48
Department of Health,NHS South West Lincolnshire CCG,4/30/2018,C&M-GMS QOF Aspiration,PRC DELEGATED CO-COMMISSIONING,DR TEDBURY & PARTNERS,21764412,"11,329.11"
Department of Health,NHS South West Lincolnshire CCG,4/30/2018,C&M-GMS DES Extended Hours Access,PRC DELEGATED CO-COMMISSIONING,DR VIJAYAN & PARTNERS,21764414,"4,476.88"
Department of Health,NHS South West Lincolnshire CCG,4/30/2018,C&M-GMS DES Minor Surgery,PRC DELEGATED CO-COMMISSIONING,DR VIJAYAN & PARTNERS,21764414,"6,108.83"
Department of Health,NHS South West Lincolnshire CCG,4/30/2018,C&M-GMS Global Sum,PRC DELEGATED CO-COMMISSIONING,DR VIJAYAN & PARTNERS,21764414,"76,610.72"
Department of Health,NHS South West Lincolnshire CCG,4/30/2018,C&M-GMS MPIG Correction Factor,PRC DELEGATED CO-COMMISSIONING,DR VIJAYAN & PARTNERS,21764414,"1,605.94"
Department of Health,NHS South West Lincolnshire CCG,4/30/2018,C&M-GMS Prem Actual Rent,PRC DELEGATED CO-COMMISSIONING,DR VIJAYAN & PARTNERS,21764414,"2,627.30"
Department of Health,NHS South West Lincolnshire CCG,4/30/2018,C&M-GMS Prem Notional Rent,PRC DELEGATED CO-COMMISSIONING,DR VIJAYAN & PARTNERS,21764414,"4,394.91"
Department of Health,NHS South West Lincolnshire CCG,4/30/2018,C&M-GMS Prem Rates,PRC DELEGATED CO-COMMISSIONING,DR VIJAYAN & PARTNERS,21764414,"8,720.43"
Department of Health,NHS South West Lincolnshire CCG,4/30/2018,C&M-GMS QOF Aspiration,PRC DELEGATED CO-COMMISSIONING,DR VIJAYAN & PARTNERS,21764414,"8,997.24"
Department of Health,NHS South West Lincolnshire CCG,4/30/2018,C&M-GMS DES Extended Hours Access,PRC DELEGATED CO-COMMISSIONING,GLENSIDE COUNTRY PRACTICE,21764416,"1,686.25"
Department of Health,NHS South West Lincolnshire CCG,4/30/2018,C&M-GMS Global Sum,PRC DELEGATED CO-COMMISSIONING,GLENSIDE COUNTRY PRACTICE,21764416,"26,617.43"
Department of Health,NHS South West Lincolnshire CCG,4/30/2018,C&M-GMS MPIG Correction Factor,PRC DELEGATED CO-COMMISSIONING,GLENSIDE COUNTRY PRACTICE,21764416,"1,060.30"
Department of Health,NHS South West Lincolnshire CCG,4/30/2018,C&M-GMS Prem Notional Rent,PRC DELEGATED CO-COMMISSIONING,GLENSIDE COUNTRY PRACTICE,21764416,"4,187.50"
Department of Health,NHS South West Lincolnshire CCG,4/30/2018,C&M-GMS QOF Aspiration,PRC DELEGATED CO-COMMISSIONING,GLENSIDE COUNTRY PRACTICE,21764416,"2,708.11"
Department of Health,NHS South West Lincolnshire CCG,4/30/2018,C&M-GMS DES Extended Hours Access,PRC DELEGATED CO-COMMISSIONING,WELBY PRACTICE (THE),21764420,"2,181.20"
Department of Health,NHS South West Lincolnshire CCG,4/30/2018,C&M-GMS Global Sum,PRC DELEGATED CO-COMMISSIONING,WELBY PRACTICE (THE),21764420,"34,198.08"
Department of Health,NHS South West Lincolnshire CCG,4/30/2018,C&M-GMS MPIG Correction Factor,PRC DELEGATED CO-COMMISSIONING,WELBY PRACTICE (THE),21764420,"3,218.70"
Department of Health,NHS South West Lincolnshire CCG,4/30/2018,C&M-GMS Prem Notional Rent,PRC DELEGATED CO-COMMISSIONING,WELBY PRACTICE (THE),21764420,"5,454.16"
Department of Health,NHS South West Lincolnshire CCG,4/30/2018,C&M-GMS Prem Rates,PRC DELEGATED CO-COMMISSIONING,WELBY PRACTICE (THE),21764420,"4,842.49"
Department of Health,NHS South West Lincolnshire CCG,4/30/2018,C&M-GMS QOF Aspiration,PRC DELEGATED CO-COMMISSIONING,WELBY PRACTICE (THE),21764420,"3,129.63"
Department of Health,NHS South West Lincolnshire CCG,4/30/2018,Recharge : Received,NON RECURRENT PROGRAMMES,NHS SOUTH LINCOLNSHIRE CCG,21771923,"161,673.84"
Department of Health,NHS South West Lincolnshire CCG,4/30/2018,Clinical&Medical-Independent Sector,ACUTE COMMISSIONING,BOSTON WEST HOSPITAL,21786768,"58,079.37"
Department of Health,NHS South West Lincolnshire CCG,4/30/2018,Hcare Srv Rec NHS Trust-CQUIN,ACUTE COMMISSIONING,UNITED LINCOLNSHIRE HOSPITALS NHS TRUST,21786774,"-34,290.86"
Department of Health,NHS South West Lincolnshire CCG,4/30/2018,Hcare Srv Rec NHS Trust-Contract Baseline,ACUTE COMMISSIONING,UNITED LINCOLNSHIRE HOSPITALS NHS TRUST,21786774,"-4,745,808.74"
Department of Health,NHS South West Lincolnshire CCG,4/30/2018,Hcare Srv Rec NHS Trust-CQUIN,ACUTE COMMISSIONING,UNITED LINCOLNSHIRE HOSPITALS NHS TRUST,21786777,"57,689.76"
Department of Health,NHS South West Lincolnshire CCG,4/30/2018,Hcare Srv Rec NHS Trust-Contract Baseline,ACUTE COMMISSIONING,UNITED LINCOLNSHIRE HOSPITALS NHS TRUST,21786777,"4,822,422.05"
Department of Health,NHS South West Lincolnshire CCG,4/30/2018,Hcare Srv Rec NHS Trust-Contract Baseline,COMMUNITY SERVICES,LINCS COMMUNITY HEALTH SERVICES NHS TRUST,21786780,"798,307.79"
Department of Health,NHS South West Lincolnshire CCG,4/30/2018,Clinical&Medical-Independent Sector - Prior Year,PROGRAMME PROJECTS,SPECSAVERS HEARCARE LTD,21808196,"33,062.80"
Department of Health,NHS South West Lincolnshire CCG,4/30/2018,Clinical&Medical-Independent Sector - Prior Year,PROGRAMME PROJECTS,HS PHYSIOTHERAPY LTD,21808474,"25,924.55"
Department of Health,NHS South West Lincolnshire CCG,4/30/2018,Clinical&Medical-Independent Sector,ACUTE COMMISSIONING,CIRCLE NOTTINGHAM LTD,21823163,"105,168.45"
Department of Health,NHS South West Lincolnshire CCG,4/30/2018,C&M-GMS Cost of Drugs -Dispensing,LOCAL ENHANCED SERVICES,DR AJ WATTS & PARTNERS,21843965,"-107,412.80"
Department of Health,NHS South West Lincolnshire CCG,4/30/2018,C&M-GMS PrscChrgsCll&RmttdbyGPCntra,PRC DELEGATED CO-COMMISSIONING,DR AJ WATTS & PARTNERS,21843965,"-4,979.40"
Department of Health,NHS South West Lincolnshire CCG,4/30/2018,C&M-GMS Cost of Drugs -Dispensing,LOCAL ENHANCED SERVICES,DR AJ WATTS & PARTNERS,21843966,"197,126.97"
Department of Health,NHS South West Lincolnshire CCG,4/30/2018,C&M-GMS Prof Fees Dispensing,PRC DELEGATED CO-COMMISSIONING,DR AJ WATTS & PARTNERS,21843966,"37,954.97"
Department of Health,NHS South West Lincolnshire CCG,4/30/2018,C&M-GMS PrscrptnChrgsColl&RmttdbyGP,LOCAL ENHANCED SERVICES,DR AJ WATTS & PARTNERS,21843966,"4,979.40"
Department of Health,NHS South West Lincolnshire CCG,4/30/2018,C&M-GMS Cost of Drugs -Dispensing,LOCAL ENHANCED SERVICES,DR G ENNIS,21843969,"43,451.52"
Department of Health,NHS South West Lincolnshire CCG,4/30/2018,C&M-GMS Prof Fees Dispensing,PRC DELEGATED CO-COMMISSIONING,DR G ENNIS,21843969,"8,666.62"
Department of Health,NHS South West Lincolnshire CCG,4/30/2018,C&M-GMS PrscrptnChrgsColl&RmttdbyGP,LOCAL ENHANCED SERVICES,DR G ENNIS,21843969,"1,367.40"
Department of Health,NHS South West Lincolnshire CCG,4/30/2018,C&M-GMS Cost of Drugs -Dispensing,LOCAL ENHANCED SERVICES,DR JB ELDER & PARTNERS,21843971,"-43,144.46"
Department of Health,NHS South West Lincolnshire CCG,4/30/2018,C&M-GMS PrscChrgsCll&RmttdbyGPCntra,PRC DELEGATED CO-COMMISSIONING,DR JB ELDER & PARTNERS,21843971,"-2,863.80"
Department of Health,NHS South West Lincolnshire CCG,4/30/2018,C&M-GMS Cost of Drugs -Dispensing,LOCAL ENHANCED SERVICES,DR JB ELDER & PARTNERS,21843972,"94,265.90"
Department of Health,NHS South West Lincolnshire CCG,4/30/2018,C&M-GMS Prof Fees Dispensing,PRC DELEGATED CO-COMMISSIONING,DR JB ELDER & PARTNERS,21843972,"13,264.20"
Department of Health,NHS South West Lincolnshire CCG,4/30/2018,C&M-GMS PrscrptnChrgsColl&RmttdbyGP,LOCAL ENHANCED SERVICES,DR JB ELDER & PARTNERS,21843972,"2,863.80"
Department of Health,NHS South West Lincolnshire CCG,4/30/2018,C&M-GMS Cost of Drugs -Dispensing,LOCAL ENHANCED SERVICES,DR LAWRENSON & PARTNERS,21843973,"-51,552.56"
Department of Health,NHS South West Lincolnshire CCG,4/30/2018,C&M-GMS PrscChrgsCll&RmttdbyGPCntra,PRC DELEGATED CO-COMMISSIONING,DR LAWRENSON & PARTNERS,21843973,"-3,061.60"
Department of Health,NHS South West Lincolnshire CCG,4/30/2018,C&M-GMS Cost of Drugs -Dispensing,LOCAL ENHANCED SERVICES,DR LAWRENSON & PARTNERS,21843974,"94,504.04"
Department of Health,NHS South West Lincolnshire CCG,4/30/2018,C&M-GMS Prof Fees Dispensing,PRC DELEGATED CO-COMMISSIONING,DR LAWRENSON & PARTNERS,21843974,"16,948.30"
Department of Health,NHS South West Lincolnshire CCG,4/30/2018,C&M-GMS PrscrptnChrgsColl&RmttdbyGP,LOCAL ENHANCED SERVICES,DR LAWRENSON & PARTNERS,21843974,"3,061.60"
Department of Health,NHS South West Lincolnshire CCG,4/30/2018,C&M-GMS Cost of Drugs -Dispensing,LOCAL ENHANCED SERVICES,DR LEEPER & PARTNERS,21843975,"-70,299.40"
Department of Health,NHS South West Lincolnshire CCG,4/30/2018,C&M-GMS PrscChrgsCll&RmttdbyGPCntra,PRC DELEGATED CO-COMMISSIONING,DR LEEPER & PARTNERS,21843975,"-3,405.60"
Department of Health,NHS South West Lincolnshire CCG,4/30/2018,C&M-GMS Cost of Drugs -Dispensing,LOCAL ENHANCED SERVICES,DR LEEPER & PARTNERS,21843976,"144,775.91"
Department of Health,NHS South West Lincolnshire CCG,4/30/2018,C&M-GMS Prof Fees Dispensing,PRC DELEGATED CO-COMMISSIONING,DR LEEPER & PARTNERS,21843976,"24,149.48"
Department of Health,NHS South West Lincolnshire CCG,4/30/2018,C&M-GMS PrscrptnChrgsColl&RmttdbyGP,LOCAL ENHANCED SERVICES,DR LEEPER & PARTNERS,21843976,"3,405.60"
Department of Health,NHS South West Lincolnshire CCG,4/30/2018,C&M-GMS Cost of Drugs -Dispensing,LOCAL ENHANCED SERVICES,DR PARRY & PARTNERS SLEAFORD,21843978,"-85,034.54"
Department of Health,NHS South West Lincolnshire CCG,4/30/2018,C&M-GMS PrscChrgsCll&RmttdbyGPCntra,PRC DELEGATED CO-COMMISSIONING,DR PARRY & PARTNERS SLEAFORD,21843978,"-3,637.80"
Department of Health,NHS South West Lincolnshire CCG,4/30/2018,C&M-GMS Cost of Drugs -Dispensing,LOCAL ENHANCED SERVICES,DR PARRY & PARTNERS SLEAFORD,21843979,"162,523.56"
Department of Health,NHS South West Lincolnshire CCG,4/30/2018,C&M-GMS Prof Fees Dispensing,PRC DELEGATED CO-COMMISSIONING,DR PARRY & PARTNERS SLEAFORD,21843979,"34,301.98"
Department of Health,NHS South West Lincolnshire CCG,4/30/2018,C&M-GMS PrscrptnChrgsColl&RmttdbyGP,LOCAL ENHANCED SERVICES,DR PARRY & PARTNERS SLEAFORD,21843979,"3,637.80"
Department of Health,NHS South West Lincolnshire CCG,4/30/2018,C&M-GMS Cost of Drugs -Dispensing,LOCAL ENHANCED SERVICES,DR RYDER & PARTNERS,21843984,"34,333.95"
Department of Health,NHS South West Lincolnshire CCG,4/30/2018,C&M-GMS Prof Fees Dispensing,PRC DELEGATED CO-COMMISSIONING,DR RYDER & PARTNERS,21843984,"6,231.51"
Department of Health,NHS South West Lincolnshire CCG,4/30/2018,C&M-GMS PrscrptnChrgsColl&RmttdbyGP,LOCAL ENHANCED SERVICES,DR RYDER & PARTNERS,21843984,275.20
Department of Health,NHS South West Lincolnshire CCG,4/30/2018,C&M-GMS Cost of Drugs -Dispensing,LOCAL ENHANCED SERVICES,DR WEBSTER & PARTNERS,21843985,"-39,298.28"
Department of Health,NHS South West Lincolnshire CCG,4/30/2018,C&M-GMS PrscChrgsCll&RmttdbyGPCntra,PRC DELEGATED CO-COMMISSIONING,DR WEBSTER & PARTNERS,21843985,"-1,788.80"
Department of Health,NHS South West Lincolnshire CCG,4/30/2018,C&M-GMS Cost of Drugs -Dispensing,LOCAL ENHANCED SERVICES,DR WEBSTER & PARTNERS,21843986,"65,524.47"
Department of Health,NHS South West Lincolnshire CCG,4/30/2018,C&M-GMS Prof Fees Dispensing,PRC DELEGATED CO-COMMISSIONING,DR WEBSTER & PARTNERS,21843986,"13,805.79"
Department of Health,NHS South West Lincolnshire CCG,4/30/2018,C&M-GMS PrscrptnChrgsColl&RmttdbyGP,LOCAL ENHANCED SERVICES,DR WEBSTER & PARTNERS,21843986,"1,788.80"
Department of Health,NHS South West Lincolnshire CCG,4/30/2018,C&M-GMS Cost of Drugs -Dispensing,LOCAL ENHANCED SERVICES,DRS BAMBER & MCKECHNIE,21843988,"35,136.85"
Department of Health,NHS South West Lincolnshire CCG,4/30/2018,C&M-GMS Prof Fees Dispensing,PRC DELEGATED CO-COMMISSIONING,DRS BAMBER & MCKECHNIE,21843988,"6,863.86"
Department of Health,NHS South West Lincolnshire CCG,4/30/2018,C&M-GMS PrscrptnChrgsColl&RmttdbyGP,LOCAL ENHANCED SERVICES,DRS BAMBER & MCKECHNIE,21843988,"1,255.60"
Department of Health,NHS South West Lincolnshire CCG,4/30/2018,C&M-GMS Cost of Drugs -Dispensing,LOCAL ENHANCED SERVICES,DR VIJAYAN & PARTNERS,21843991,"34,094.10"
Department of Health,NHS South West Lincolnshire CCG,4/30/2018,C&M-GMS Prof Fees Dispensing,PRC DELEGATED CO-COMMISSIONING,DR VIJAYAN & PARTNERS,21843991,"5,632.23"
Department of Health,NHS South West Lincolnshire CCG,4/30/2018,C&M-GMS PrscrptnChrgsColl&RmttdbyGP,LOCAL ENHANCED SERVICES,DR VIJAYAN & PARTNERS,21843991,860.00
Department of Health,NHS South West Lincolnshire CCG,4/30/2018,C&M-GMS Cost of Drugs -Dispensing,LOCAL ENHANCED SERVICES,GLENSIDE COUNTRY PRACTICE,21843992,"-34,008.34"
Department of Health,NHS South West Lincolnshire CCG,4/30/2018,C&M-GMS PrscChrgsCll&RmttdbyGPCntra,PRC DELEGATED CO-COMMISSIONING,GLENSIDE COUNTRY PRACTICE,21843992,"-1,539.40"
Department of Health,NHS South West Lincolnshire CCG,4/30/2018,C&M-GMS Cost of Drugs -Dispensing,LOCAL ENHANCED SERVICES,GLENSIDE COUNTRY PRACTICE,21843993,"67,082.98"
Department of Health,NHS South West Lincolnshire CCG,4/30/2018,C&M-GMS Prof Fees Dispensing,PRC DELEGATED CO-COMMISSIONING,GLENSIDE COUNTRY PRACTICE,21843993,"12,243.06"
Department of Health,NHS South West Lincolnshire CCG,4/30/2018,C&M-GMS PrscrptnChrgsColl&RmttdbyGP,LOCAL ENHANCED SERVICES,GLENSIDE COUNTRY PRACTICE,21843993,"1,539.40"
Department of Health,NHS South West Lincolnshire CCG,4/30/2018,C&M-GMS Cost of Drugs -Dispensing,LOCAL ENHANCED SERVICES,WELBY PRACTICE (THE),21843994,"-25,088.46"
Department of Health,NHS South West Lincolnshire CCG,4/30/2018,C&M-GMS PrscChrgsCll&RmttdbyGPCntra,PRC DELEGATED CO-COMMISSIONING,WELBY PRACTICE (THE),21843994,-825.60
Department of Health,NHS South West Lincolnshire CCG,4/30/2018,C&M-GMS Cost of Drugs -Dispensing,LOCAL ENHANCED SERVICES,WELBY PRACTICE (THE),21843995,"43,958.48"
Department of Health,NHS South West Lincolnshire CCG,4/30/2018,C&M-GMS Prof Fees Dispensing,PRC DELEGATED CO-COMMISSIONING,WELBY PRACTICE (THE),21843995,"7,512.16"
Department of Health,NHS South West Lincolnshire CCG,4/30/2018,C&M-GMS PrscrptnChrgsColl&RmttdbyGP,LOCAL ENHANCED SERVICES,WELBY PRACTICE (THE),21843995,825.60
Department of Health,NHS South West Lincolnshire CCG,4/30/2018,Hcare Srv Rec NHS Trust-Prior Year,MENTAL HEALTH SERVICES - ADULTS,LINCOLNSHIRE PARTNERSHIP NHS FOUNDATION TRUST,21894146,"76,914.43"
Department of Health,NHS South West Lincolnshire CCG,4/30/2018,Hcare Srv Rec NHS Trust-Prior Year,PROGRAMME PROJECTS,UNITED LINCOLNSHIRE HOSPITALS NHS TRUST,21894156,"51,369.08"
Department of Health,NHS South West Lincolnshire CCG,4/30/2018,Hcare Srv Rec NHS Trust-Prior Year,PROGRAMME PROJECTS,UNITED LINCOLNSHIRE HOSPITALS NHS TRUST,21894169,"50,506.28"
Department of Health,NHS South West Lincolnshire CCG,4/30/2018,Hcare Srv Rec NHS Trust-Non Contract,ACUTE COMMISSIONING,UNITED LINCOLNSHIRE HOSPITALS NHS TRUST,21894173,"135,221.00"
Department of Health,NHS South West Lincolnshire CCG,4/30/2018,Hcare Srv Rec NHS Trust-Non Contract,ACUTE COMMISSIONING,UNITED LINCOLNSHIRE HOSPITALS NHS TRUST,21894195,"135,221.00"
Department of Health,NHS South West Lincolnshire CCG,4/30/2018,Hcare Srv Rec NHS Trust-Non Contract,ACUTE COMMISSIONING,UNITED LINCOLNSHIRE HOSPITALS NHS TRUST,21894197,"-135,221.00"
Department of Health,NHS South West Lincolnshire CCG,4/30/2018,Hcare Srv Rec NHS Trust-CQUIN,ACUTE COMMISSIONING,UNITED LINCOLNSHIRE HOSPITALS NHS TRUST,21894333,"57,689.76"
Department of Health,NHS South West Lincolnshire CCG,4/30/2018,Hcare Srv Rec NHS Trust-Contract Baseline,ACUTE COMMISSIONING,UNITED LINCOLNSHIRE HOSPITALS NHS TRUST,21894333,"4,822,422.05"
Department of Health,NHS South West Lincolnshire CCG,4/30/2018,Sterile Products,PRESCRIBING,LINCS COMMUNITY HEALTH SERVICES NHS TRUST,21894337,"34,740.40"
Department of Health,NHS South West Lincolnshire CCG,4/30/2018,Chrgs from SLA,CONTRACT MANAGEMENT,OPTUM HEALTH SOLUTIONS (UK) LTD,21894342,"84,962.72"
Department of Health,NHS South West Lincolnshire CCG,4/30/2018,Chrgs from SLA,NON RECURRENT PROGRAMMES,OPTUM HEALTH SOLUTIONS (UK) LTD,21894342,"40,536.40"
Department of Health,NHS South West Lincolnshire CCG,4/30/2018,Clinical&Medical-Othe Public Sector,CHILD AND ADOLESCENT MENTAL HEALTH,LINCOLNSHIRE COUNTY COUNCIL,21894349,"77,798.00"
Department of Health,NHS South West Lincolnshire CCG,4/30/2018,Hcare Srv Rec NHS Trust-Non Contract,ACUTE COMMISSIONING,UNITED LINCOLNSHIRE HOSPITALS NHS TRUST,21894368,"-135,221.00"
Department of Health,NHS South West Lincolnshire CCG,4/30/2018,Hcare Srv Rec NHS Trust-Over/ Under Performance,ACUTE COMMISSIONING,NOTTINGHAM UNIVERSITY HOSPITALS NHS TRUST,21972009,"209,689.00"
Department of Health,NHS South West Lincolnshire CCG,4/30/2018,Hcare Srv Rec NHS Trust-Over/ Under Performance,ACUTE COMMISSIONING,NOTTINGHAM UNIVERSITY HOSPITALS NHS TRUST,21972019,"-43,818.00"
Department of Health,NHS South West Lincolnshire CCG,4/30/2018,Hcare Srv Rec NHS Trust-Over/ Under Performance,ACUTE COMMISSIONING,NOTTINGHAM UNIVERSITY HOSPITALS NHS TRUST,21972022,"257,401.00"
Department of Health,NHS South West Lincolnshire CCG,4/30/2018,Hcare Srv Rec NHS Trust-Non Contract,NCAS/OATS,UNIVERSITY HOSPITALS OF LEICESTER NHS TRUST,21972061,"39,891.89"
Department of Health,NHS South West Lincolnshire CCG,4/30/2018,Hcare Srv Rec NHS Trust-Non Contract,ACUTE COMMISSIONING,UNITED LINCOLNSHIRE HOSPITALS NHS TRUST,21972120,"129,626.71"
