Department family,Entity,Date,Expense Type,Expense area,Supplier,Transaction number,AP Amount (�)
Department of Health,NHS South West Lincolnshire CCG,12/31/2018,Hcare Srv Rec Fdtn Trust-CQUIN,ACUTE COMMISSIONING,NORTH WEST ANGLIA NHS FOUNDATION TRUST,25007477,"4,297.25"
Department of Health,NHS South West Lincolnshire CCG,12/31/2018,Hcare Srv Rec Fdtn Trust-Contract Baseline,ACUTE COMMISSIONING,NORTH WEST ANGLIA NHS FOUNDATION TRUST,25007477,"368,357.92"
Department of Health,NHS South West Lincolnshire CCG,12/31/2018,C&M-PMS Baseline Adjustment,PRC DELEGATED CO-COMMISSIONING,DR GALLOP & PARTNERS,25015029,"45,455.09"
Department of Health,NHS South West Lincolnshire CCG,12/31/2018,C&M-PMS GP Statutory Levy,PRC DELEGATED CO-COMMISSIONING,DR GALLOP & PARTNERS,25015029,4.18
Department of Health,NHS South West Lincolnshire CCG,12/31/2018,C&M-PMS Prem Notional Rent,PRC DELEGATED CO-COMMISSIONING,DR GALLOP & PARTNERS,25015029,"4,833.33"
Department of Health,NHS South West Lincolnshire CCG,12/31/2018,C&M-PMS QOF Aspiration,PRC DELEGATED CO-COMMISSIONING,DR GALLOP & PARTNERS,25015029,"4,520.73"
Department of Health,NHS South West Lincolnshire CCG,12/31/2018,C&M-PMS Voluntary Levy,PRC DELEGATED CO-COMMISSIONING,DR GALLOP & PARTNERS,25015029,0.50
Department of Health,NHS South West Lincolnshire CCG,12/31/2018,Clinical&Medical-Voluntary Sector,HOSPICES,ST BARNABAS HOSPICE TRUST,25023225,"66,550.27"
Department of Health,NHS South West Lincolnshire CCG,12/31/2018,Clinical&Medical-Voluntary Sector,HOSPICES,ST BARNABAS HOSPICE TRUST,25023234,"58,403.33"
Department of Health,NHS South West Lincolnshire CCG,12/31/2018,Hcare Srv Rec Fdtn Trust-Over/ Under Performance,ACUTE COMMISSIONING,NORTHERN LINCOLNSHIRE AND GOOLE HOSPITALS NHS FOUNDATION TRUST,25048043,"66,865.00"
Department of Health,NHS South West Lincolnshire CCG,12/31/2018,Hcare Srv Rec NHS Trust-Prior Year,ACUTE COMMISSIONING,UNIVERSITY HOSPITALS OF LEICESTER NHS TRUST,25048051,"-31,737.67"
Department of Health,NHS South West Lincolnshire CCG,12/31/2018,Hcare Srv Rec Fdtn Trust-Non Contract,NCAS/OATS,ROYAL MARSDEN NHS FOUNDATION TRUST (THE),25048072,"93,654.00"
Department of Health,NHS South West Lincolnshire CCG,12/31/2018,Clinical&Medical-Independent Sector,ACUTE COMMISSIONING,NOTTINGHAM WOODTHORPE HOSPITAL,25048075,"30,470.89"
Department of Health,NHS South West Lincolnshire CCG,12/31/2018,C&M-GMS Prem Improvement Grant,GP FORWARD VIEW,K2 HEALTHCARE LTD,25048087,"71,087.63"
Department of Health,NHS South West Lincolnshire CCG,12/31/2018,C&M-GMS Prem Improvement Grant,GP FORWARD VIEW,K2 HEALTHCARE LTD,25048095,"71,087.63"
Department of Health,NHS South West Lincolnshire CCG,12/31/2018,Clinical&Medical-Independent Sector,ACUTE COMMISSIONING,NOTTINGHAM WOODTHORPE HOSPITAL,25048107,"-32,848.46"
Department of Health,NHS South West Lincolnshire CCG,12/31/2018,Hcare Srv Rec NHS Trust-Over/ Under Performance,ACUTE COMMISSIONING,UNITED LINCOLNSHIRE HOSPITALS NHS TRUST,25064256,"754,446.07"
Department of Health,NHS South West Lincolnshire CCG,12/31/2018,Clinical&Medical-Independent Sector,OUT OF HOURS,DHU 111 (EAST MIDLANDS) CIC,25064265,"-47,135.18"
Department of Health,NHS South West Lincolnshire CCG,12/31/2018,Hcare Srv Rec NHS Trust-Non Contract,PROGRAMME PROJECTS,UNITED LINCOLNSHIRE HOSPITALS NHS TRUST,25081230,"61,310.19"
Department of Health,NHS South West Lincolnshire CCG,12/31/2018,Hcare Srv Rec NHS Trust-Non Contract,PROGRAMME PROJECTS,UNITED LINCOLNSHIRE HOSPITALS NHS TRUST,25081237,"58,973.24"
Department of Health,NHS South West Lincolnshire CCG,12/31/2018,Clinical&Medical-Independent Sector,OUT OF HOURS,DHU 111 (EAST MIDLANDS) CIC,25081260,"43,782.74"
Department of Health,NHS South West Lincolnshire CCG,12/31/2018,Clinical&Medical-Independent Sector,OUT OF HOURS,DHU 111 (EAST MIDLANDS) CIC,25081273,"43,782.74"
Department of Health,NHS South West Lincolnshire CCG,12/31/2018,Hcare Srv Rec NHS Trust-Non Contract,PROGRAMME PROJECTS,UNITED LINCOLNSHIRE HOSPITALS NHS TRUST,25081277,"55,284.72"
Department of Health,NHS South West Lincolnshire CCG,12/31/2018,Clinical&Medical-Independent Sector,OUT OF HOURS,DHU 111 (EAST MIDLANDS) CIC,25081309,"47,135.18"
Department of Health,NHS South West Lincolnshire CCG,12/31/2018,Clinical&Medical-Independent Sector,OUT OF HOURS,DHU 111 (EAST MIDLANDS) CIC,25081321,"53,884.27"
Department of Health,NHS South West Lincolnshire CCG,12/31/2018,Clinical&Medical-Independent Sector,WHEELCHAIR SERVICE,MILLBROOK HEALTHCARE LTD,25081375,"25,382.62"
Department of Health,NHS South West Lincolnshire CCG,12/31/2018,Clinical&Medical-Independent Sector,ACUTE COMMISSIONING,FITZWILLIAM HOSPITAL,25081382,"135,654.83"
Department of Health,NHS South West Lincolnshire CCG,12/31/2018,Clinical&Medical-Independent Sector,ACUTE COMMISSIONING,BOSTON WEST HOSPITAL,25081391,"58,079.37"
Department of Health,NHS South West Lincolnshire CCG,12/31/2018,Chrgs from SLA,CONTRACT MANAGEMENT,OPTUM HEALTH SOLUTIONS (UK) LTD,25126294,"91,718.78"
Department of Health,NHS South West Lincolnshire CCG,12/31/2018,Chrgs from SLA,PRIMARY CARE IT,OPTUM HEALTH SOLUTIONS (UK) LTD,25126294,"33,780.34"
Department of Health,NHS South West Lincolnshire CCG,12/31/2018,Clinical&Medical-Independent Sector,LEARNING DIFFICULTIES,ELYSIUM HEALTHCARE LTD,25126391,"-25,520.00"
Department of Health,NHS South West Lincolnshire CCG,12/31/2018,Clinical&Medical-Independent Sector,LEARNING DIFFICULTIES,ELYSIUM HEALTHCARE LTD,25126395,"25,520.00"
Department of Health,NHS South West Lincolnshire CCG,12/31/2018,Hcare Srv Rec NHS Trust-Contract Baseline,ACUTE COMMISSIONING,NOTTINGHAM UNIVERSITY HOSPITALS NHS TRUST,25126398,"608,634.00"
Department of Health,NHS South West Lincolnshire CCG,12/31/2018,Hcare Srv Rec NHS Trust-Contract Baseline,COMMUNITY SERVICES,LINCS COMMUNITY HEALTH SERVICES NHS TRUST,25126412,"784,794.13"
Department of Health,NHS South West Lincolnshire CCG,12/31/2018,Hcare Srv Rec Fdtn Trust-Contract Baseline,MENTAL HEALTH CONTRACTS,LINCOLNSHIRE PARTNERSHIP NHS FOUNDATION TRUST,25126419,"921,768.11"
Department of Health,NHS South West Lincolnshire CCG,12/31/2018,Hcare Srv Rec NHS Trust-CQUIN,AMBULANCE SERVICES,EAST MIDLANDS AMBULANCE SERVICE NHS TRUST,25158313,"3,913.00"
Department of Health,NHS South West Lincolnshire CCG,12/31/2018,Hcare Srv Rec NHS Trust-Contract Baseline,AMBULANCE SERVICES,EAST MIDLANDS AMBULANCE SERVICE NHS TRUST,25158313,"313,018.00"
Department of Health,NHS South West Lincolnshire CCG,12/31/2018,Clinical&Medical-Independent Sector,MENTAL HEALTH SERVICES - ADULTS,NOTTINGHAM PRIORY,25158316,"32,774.00"
Department of Health,NHS South West Lincolnshire CCG,12/31/2018,Clinical&Medical-Independent Sector,ACUTE COMMISSIONING,CIRCLE NOTTINGHAM LTD,25196479,"111,029.59"
Department of Health,NHS South West Lincolnshire CCG,12/31/2018,Income tax <1Yr,BALANCE SHEET,HMRC,25206138,"25,805.11"
Department of Health,NHS South West Lincolnshire CCG,12/31/2018,Income tax <1Yr-Student Loans,BALANCE SHEET,HMRC,25206138,437.00
Department of Health,NHS South West Lincolnshire CCG,12/31/2018,National Insurance < 1 yr-NI- ERS,BALANCE SHEET,HMRC,25206138,"19,643.45"
Department of Health,NHS South West Lincolnshire CCG,12/31/2018,National Insurance < 1 yr-NI-EES,BALANCE SHEET,HMRC,25206138,"13,248.79"
Department of Health,NHS South West Lincolnshire CCG,12/31/2018,C&M-GMS GP Statutory Levy,PRC DELEGATED CO-COMMISSIONING,DR AJ WATTS & PARTNERS,25206166,-314.06
Department of Health,NHS South West Lincolnshire CCG,12/31/2018,C&M-GMS Voluntary Levy,PRC DELEGATED CO-COMMISSIONING,DR AJ WATTS & PARTNERS,25206166,-44.48
Department of Health,NHS South West Lincolnshire CCG,12/31/2018,ME - GMS GP Prior Year ERs,PRC DELEGATED CO-COMMISSIONING,DR AJ WATTS & PARTNERS,25206166,-617.79
Department of Health,NHS South West Lincolnshire CCG,12/31/2018,ME-GMS GP Pension EEs,PRC DELEGATED CO-COMMISSIONING,DR AJ WATTS & PARTNERS,25206166,"-6,720.95"
Department of Health,NHS South West Lincolnshire CCG,12/31/2018,ME-GMS GP Pension EEs Adjustments,PRC DELEGATED CO-COMMISSIONING,DR AJ WATTS & PARTNERS,25206166,"-7,620.58"
Department of Health,NHS South West Lincolnshire CCG,12/31/2018,ME-GMS GP Pension ERs Adjustments,PRC DELEGATED CO-COMMISSIONING,DR AJ WATTS & PARTNERS,25206166,"-15,019.41"
Department of Health,NHS South West Lincolnshire CCG,12/31/2018,ME-GMS GP Prior Year EEs,PRC DELEGATED CO-COMMISSIONING,DR AJ WATTS & PARTNERS,25206166,"-1,030.93"
Department of Health,NHS South West Lincolnshire CCG,12/31/2018,C&M-GMS Global Sum,PRC DELEGATED CO-COMMISSIONING,DR AJ WATTS & PARTNERS,25206167,"71,788.23"
Department of Health,NHS South West Lincolnshire CCG,12/31/2018,C&M-GMS PCO Seniority,PRC DELEGATED CO-COMMISSIONING,DR AJ WATTS & PARTNERS,25206167,"2,171.71"
Department of Health,NHS South West Lincolnshire CCG,12/31/2018,C&M-GMS Prem Actual Rent,PRC DELEGATED CO-COMMISSIONING,DR AJ WATTS & PARTNERS,25206167,"28,800.00"
Department of Health,NHS South West Lincolnshire CCG,12/31/2018,C&M-GMS Prem Notional Rent,PRC DELEGATED CO-COMMISSIONING,DR AJ WATTS & PARTNERS,25206167,"3,516.67"
Department of Health,NHS South West Lincolnshire CCG,12/31/2018,C&M-GMS QOF Aspiration,PRC DELEGATED CO-COMMISSIONING,DR AJ WATTS & PARTNERS,25206167,"7,501.91"
Department of Health,NHS South West Lincolnshire CCG,12/31/2018,ME - GMS GP Prior Year ERs,PRC DELEGATED CO-COMMISSIONING,DR AJ WATTS & PARTNERS,25206167,371.20
Department of Health,NHS South West Lincolnshire CCG,12/31/2018,ME-GMS GP Pension EEs Adjustments,PRC DELEGATED CO-COMMISSIONING,DR AJ WATTS & PARTNERS,25206167,"1,733.33"
Department of Health,NHS South West Lincolnshire CCG,12/31/2018,ME-GMS GP Pension ERs Adjustments,PRC DELEGATED CO-COMMISSIONING,DR AJ WATTS & PARTNERS,25206167,"1,993.99"
Department of Health,NHS South West Lincolnshire CCG,12/31/2018,ME-GMS GP Prior Year EEs,PRC DELEGATED CO-COMMISSIONING,DR AJ WATTS & PARTNERS,25206167,324.47
Department of Health,NHS South West Lincolnshire CCG,12/31/2018,C&M-GMS Global Sum,PRC DELEGATED CO-COMMISSIONING,DR ALLSEBROOK & PARTNERS,25206169,"38,359.54"
Department of Health,NHS South West Lincolnshire CCG,12/31/2018,C&M-GMS MPIG Correction Factor,PRC DELEGATED CO-COMMISSIONING,DR ALLSEBROOK & PARTNERS,25206169,567.73
Department of Health,NHS South West Lincolnshire CCG,12/31/2018,C&M-GMS PCO Seniority,PRC DELEGATED CO-COMMISSIONING,DR ALLSEBROOK & PARTNERS,25206169,"1,022.65"
Department of Health,NHS South West Lincolnshire CCG,12/31/2018,C&M-GMS Prem Actual Rent,PRC DELEGATED CO-COMMISSIONING,DR ALLSEBROOK & PARTNERS,25206169,"27,986.60"
Department of Health,NHS South West Lincolnshire CCG,12/31/2018,C&M-GMS Prem Water Rates,PRC DELEGATED CO-COMMISSIONING,DR ALLSEBROOK & PARTNERS,25206169,135.95
Department of Health,NHS South West Lincolnshire CCG,12/31/2018,C&M-GMS QOF Aspiration,PRC DELEGATED CO-COMMISSIONING,DR ALLSEBROOK & PARTNERS,25206169,"4,297.80"
Department of Health,NHS South West Lincolnshire CCG,12/31/2018,C&M-GMS Global Sum,PRC DELEGATED CO-COMMISSIONING,DR G ENNIS,25206171,"26,466.65"
Department of Health,NHS South West Lincolnshire CCG,12/31/2018,C&M-GMS MPIG Correction Factor,PRC DELEGATED CO-COMMISSIONING,DR G ENNIS,25206171,"2,806.38"
Department of Health,NHS South West Lincolnshire CCG,12/31/2018,C&M-GMS Prem Notional Rent,PRC DELEGATED CO-COMMISSIONING,DR G ENNIS,25206171,"4,750.00"
Department of Health,NHS South West Lincolnshire CCG,12/31/2018,C&M-GMS QOF Aspiration,PRC DELEGATED CO-COMMISSIONING,DR G ENNIS,25206171,"2,416.81"
Department of Health,NHS South West Lincolnshire CCG,12/31/2018,C&M-GMS Global Sum,PRC DELEGATED CO-COMMISSIONING,DR JB ELDER & PARTNERS,25206173,"36,695.91"
Department of Health,NHS South West Lincolnshire CCG,12/31/2018,C&M-GMS MPIG Correction Factor,PRC DELEGATED CO-COMMISSIONING,DR JB ELDER & PARTNERS,25206173,170.58
Department of Health,NHS South West Lincolnshire CCG,12/31/2018,C&M-GMS PCO Seniority,PRC DELEGATED CO-COMMISSIONING,DR JB ELDER & PARTNERS,25206173,"3,811.29"
Department of Health,NHS South West Lincolnshire CCG,12/31/2018,C&M-GMS Prem Actual Rent,PRC DELEGATED CO-COMMISSIONING,DR JB ELDER & PARTNERS,25206173,"22,926.44"
Department of Health,NHS South West Lincolnshire CCG,12/31/2018,C&M-GMS QOF Aspiration,PRC DELEGATED CO-COMMISSIONING,DR JB ELDER & PARTNERS,25206173,"3,811.17"
Department of Health,NHS South West Lincolnshire CCG,12/31/2018,C&M-GMS Global Sum,PRC DELEGATED CO-COMMISSIONING,DR LAWRENSON & PARTNERS,25206175,"47,397.22"
Department of Health,NHS South West Lincolnshire CCG,12/31/2018,C&M-GMS PCO Seniority,PRC DELEGATED CO-COMMISSIONING,DR LAWRENSON & PARTNERS,25206175,"1,362.38"
Department of Health,NHS South West Lincolnshire CCG,12/31/2018,C&M-GMS QOF Aspiration,PRC DELEGATED CO-COMMISSIONING,DR LAWRENSON & PARTNERS,25206175,"5,288.83"
Department of Health,NHS South West Lincolnshire CCG,12/31/2018,C&M-GMS Global Sum,PRC DELEGATED CO-COMMISSIONING,DR LEEPER & PARTNERS,25206177,"43,479.14"
Department of Health,NHS South West Lincolnshire CCG,12/31/2018,C&M-GMS PCO Seniority,PRC DELEGATED CO-COMMISSIONING,DR LEEPER & PARTNERS,25206177,"1,756.60"
Department of Health,NHS South West Lincolnshire CCG,12/31/2018,C&M-GMS Prem Water Rates,PRC DELEGATED CO-COMMISSIONING,DR LEEPER & PARTNERS,25206177,"15,970.50"
Department of Health,NHS South West Lincolnshire CCG,12/31/2018,C&M-GMS QOF Aspiration,PRC DELEGATED CO-COMMISSIONING,DR LEEPER & PARTNERS,25206177,"4,426.07"
Department of Health,NHS South West Lincolnshire CCG,12/31/2018,C&M-GMS DES Learn Dsblty Hlth Chk,PRC DELEGATED CO-COMMISSIONING,DR PARKIN & PARTNERS GRANTHAM,25206179,"1,960.00"
Department of Health,NHS South West Lincolnshire CCG,12/31/2018,C&M-GMS Global Sum,PRC DELEGATED CO-COMMISSIONING,DR PARKIN & PARTNERS GRANTHAM,25206179,"112,241.01"
Department of Health,NHS South West Lincolnshire CCG,12/31/2018,C&M-GMS MPIG Correction Factor,PRC DELEGATED CO-COMMISSIONING,DR PARKIN & PARTNERS GRANTHAM,25206179,"5,183.13"
Department of Health,NHS South West Lincolnshire CCG,12/31/2018,C&M-GMS PCO Seniority,PRC DELEGATED CO-COMMISSIONING,DR PARKIN & PARTNERS GRANTHAM,25206179,"3,654.88"
Department of Health,NHS South West Lincolnshire CCG,12/31/2018,C&M-GMS Prem Notional Rent,PRC DELEGATED CO-COMMISSIONING,DR PARKIN & PARTNERS GRANTHAM,25206179,"7,456.25"
Department of Health,NHS South West Lincolnshire CCG,12/31/2018,C&M-GMS QOF Aspiration,PRC DELEGATED CO-COMMISSIONING,DR PARKIN & PARTNERS GRANTHAM,25206179,"16,675.22"
Department of Health,NHS South West Lincolnshire CCG,12/31/2018,C&M-GMS Global Sum,PRC DELEGATED CO-COMMISSIONING,DR PARRY & PARTNERS SLEAFORD,25206181,"55,705.20"
Department of Health,NHS South West Lincolnshire CCG,12/31/2018,C&M-GMS PCO Seniority,PRC DELEGATED CO-COMMISSIONING,DR PARRY & PARTNERS SLEAFORD,25206181,"2,282.19"
Department of Health,NHS South West Lincolnshire CCG,12/31/2018,C&M-GMS Prem Actual Rent,PRC DELEGATED CO-COMMISSIONING,DR PARRY & PARTNERS SLEAFORD,25206181,"3,899.19"
Department of Health,NHS South West Lincolnshire CCG,12/31/2018,C&M-GMS QOF Aspiration,PRC DELEGATED CO-COMMISSIONING,DR PARRY & PARTNERS SLEAFORD,25206181,"6,695.56"
Department of Health,NHS South West Lincolnshire CCG,12/31/2018,C&M-GMS DES Learn Dsblty Hlth Chk,PRC DELEGATED CO-COMMISSIONING,DR MTC HIGGINS & PARTNERS,25206183,140.00
Department of Health,NHS South West Lincolnshire CCG,12/31/2018,C&M-GMS DES Violent Patients,PRC DELEGATED CO-COMMISSIONING,DR MTC HIGGINS & PARTNERS,25206183,544.50
Department of Health,NHS South West Lincolnshire CCG,12/31/2018,C&M-GMS Global Sum,PRC DELEGATED CO-COMMISSIONING,DR MTC HIGGINS & PARTNERS,25206183,"54,404.61"
Department of Health,NHS South West Lincolnshire CCG,12/31/2018,C&M-GMS MPIG Correction Factor,PRC DELEGATED CO-COMMISSIONING,DR MTC HIGGINS & PARTNERS,25206183,907.41
Department of Health,NHS South West Lincolnshire CCG,12/31/2018,C&M-GMS PCO Seniority,PRC DELEGATED CO-COMMISSIONING,DR MTC HIGGINS & PARTNERS,25206183,"1,101.39"
Department of Health,NHS South West Lincolnshire CCG,12/31/2018,C&M-GMS Prem Notional Rent,PRC DELEGATED CO-COMMISSIONING,DR MTC HIGGINS & PARTNERS,25206183,"5,037.33"
Department of Health,NHS South West Lincolnshire CCG,12/31/2018,C&M-GMS Prem Water Rates,PRC DELEGATED CO-COMMISSIONING,DR MTC HIGGINS & PARTNERS,25206183,104.91
Department of Health,NHS South West Lincolnshire CCG,12/31/2018,C&M-GMS QOF Aspiration,PRC DELEGATED CO-COMMISSIONING,DR MTC HIGGINS & PARTNERS,25206183,"7,251.36"
Department of Health,NHS South West Lincolnshire CCG,12/31/2018,C&M-GMS DES Learn Dsblty Hlth Chk,PRC DELEGATED CO-COMMISSIONING,DR RYDER & PARTNERS,25206185,140.00
Department of Health,NHS South West Lincolnshire CCG,12/31/2018,C&M-GMS Global Sum,PRC DELEGATED CO-COMMISSIONING,DR RYDER & PARTNERS,25206185,"64,748.22"
Department of Health,NHS South West Lincolnshire CCG,12/31/2018,C&M-GMS PCO Seniority,PRC DELEGATED CO-COMMISSIONING,DR RYDER & PARTNERS,25206185,"1,132.19"
Department of Health,NHS South West Lincolnshire CCG,12/31/2018,C&M-GMS QOF Aspiration,PRC DELEGATED CO-COMMISSIONING,DR RYDER & PARTNERS,25206185,"6,432.22"
Department of Health,NHS South West Lincolnshire CCG,12/31/2018,C&M-GMS Global Sum,PRC DELEGATED CO-COMMISSIONING,DR TEDBURY & PARTNERS,25206190,"97,296.84"
Department of Health,NHS South West Lincolnshire CCG,12/31/2018,C&M-GMS MPIG Correction Factor,PRC DELEGATED CO-COMMISSIONING,DR TEDBURY & PARTNERS,25206190,71.53
Department of Health,NHS South West Lincolnshire CCG,12/31/2018,C&M-GMS PCO Seniority,PRC DELEGATED CO-COMMISSIONING,DR TEDBURY & PARTNERS,25206190,"2,395.88"
Department of Health,NHS South West Lincolnshire CCG,12/31/2018,C&M-GMS Prem Notional Rent,PRC DELEGATED CO-COMMISSIONING,DR TEDBURY & PARTNERS,25206190,"12,225.85"
Department of Health,NHS South West Lincolnshire CCG,12/31/2018,C&M-GMS QOF Aspiration,PRC DELEGATED CO-COMMISSIONING,DR TEDBURY & PARTNERS,25206190,"11,329.16"
Department of Health,NHS South West Lincolnshire CCG,12/31/2018,C&M-GMS Global Sum,PRC DELEGATED CO-COMMISSIONING,DR VIJAYAN & PARTNERS,25206192,"80,106.12"
Department of Health,NHS South West Lincolnshire CCG,12/31/2018,C&M-GMS MPIG Correction Factor,PRC DELEGATED CO-COMMISSIONING,DR VIJAYAN & PARTNERS,25206192,"1,605.94"
Department of Health,NHS South West Lincolnshire CCG,12/31/2018,C&M-GMS PCO Seniority,PRC DELEGATED CO-COMMISSIONING,DR VIJAYAN & PARTNERS,25206192,"3,263.13"
Department of Health,NHS South West Lincolnshire CCG,12/31/2018,C&M-GMS Prem Actual Rent,PRC DELEGATED CO-COMMISSIONING,DR VIJAYAN & PARTNERS,25206192,"5,254.60"
Department of Health,NHS South West Lincolnshire CCG,12/31/2018,C&M-GMS Prem Notional Rent,PRC DELEGATED CO-COMMISSIONING,DR VIJAYAN & PARTNERS,25206192,"4,394.91"
Department of Health,NHS South West Lincolnshire CCG,12/31/2018,C&M-GMS QOF Aspiration,PRC DELEGATED CO-COMMISSIONING,DR VIJAYAN & PARTNERS,25206192,"8,997.27"
Department of Health,NHS South West Lincolnshire CCG,12/31/2018,C&M-GMS Global Sum,PRC DELEGATED CO-COMMISSIONING,GLENSIDE COUNTRY PRACTICE,25206194,"26,634.49"
Department of Health,NHS South West Lincolnshire CCG,12/31/2018,C&M-GMS MPIG Correction Factor,PRC DELEGATED CO-COMMISSIONING,GLENSIDE COUNTRY PRACTICE,25206194,"1,060.30"
Department of Health,NHS South West Lincolnshire CCG,12/31/2018,C&M-GMS Prem Notional Rent,PRC DELEGATED CO-COMMISSIONING,GLENSIDE COUNTRY PRACTICE,25206194,"4,187.50"
Department of Health,NHS South West Lincolnshire CCG,12/31/2018,C&M-GMS QOF Aspiration,PRC DELEGATED CO-COMMISSIONING,GLENSIDE COUNTRY PRACTICE,25206194,"2,708.12"
Department of Health,NHS South West Lincolnshire CCG,12/31/2018,C&M-GMS Global Sum,PRC DELEGATED CO-COMMISSIONING,WELBY PRACTICE (THE),25206196,"60,972.44"
Department of Health,NHS South West Lincolnshire CCG,12/31/2018,C&M-GMS MPIG Correction Factor,PRC DELEGATED CO-COMMISSIONING,WELBY PRACTICE (THE),25206196,"3,218.70"
Department of Health,NHS South West Lincolnshire CCG,12/31/2018,C&M-GMS Prem Notional Rent,PRC DELEGATED CO-COMMISSIONING,WELBY PRACTICE (THE),25206196,"7,954.16"
Department of Health,NHS South West Lincolnshire CCG,12/31/2018,C&M-GMS Prem Water Rates,PRC DELEGATED CO-COMMISSIONING,WELBY PRACTICE (THE),25206196,484.67
Department of Health,NHS South West Lincolnshire CCG,12/31/2018,C&M-GMS QOF Aspiration,PRC DELEGATED CO-COMMISSIONING,WELBY PRACTICE (THE),25206196,"5,616.28"
Department of Health,NHS South West Lincolnshire CCG,12/31/2018,C&M-GMS Global Sum,PRC DELEGATED CO-COMMISSIONING,DR WEBSTER & PARTNERS,25225983,"128,008.07"
Department of Health,NHS South West Lincolnshire CCG,12/31/2018,C&M-GMS PCO Locum Adop/Pat/Mat,PRC DELEGATED CO-COMMISSIONING,DR WEBSTER & PARTNERS,25225983,"7,439.16"
Department of Health,NHS South West Lincolnshire CCG,12/31/2018,C&M-GMS PCO Seniority,PRC DELEGATED CO-COMMISSIONING,DR WEBSTER & PARTNERS,25225983,"2,330.40"
Department of Health,NHS South West Lincolnshire CCG,12/31/2018,C&M-GMS Prem Notional Rent,PRC DELEGATED CO-COMMISSIONING,DR WEBSTER & PARTNERS,25225983,"12,683.33"
Department of Health,NHS South West Lincolnshire CCG,12/31/2018,C&M-GMS QOF Aspiration,PRC DELEGATED CO-COMMISSIONING,DR WEBSTER & PARTNERS,25225983,"16,479.95"
Department of Health,NHS South West Lincolnshire CCG,12/31/2018,Clinical&Medical-Independent Sector,NCAS/OATS,SPIRE HEALTHCARE LTD,25241511,"26,056.10"
Department of Health,NHS South West Lincolnshire CCG,12/31/2018,Hcare Srv Rec NHS Trust-Non Contract,ACUTE COMMISSIONING,UNITED LINCOLNSHIRE HOSPITALS NHS TRUST,25241525,"175,227.49"
Department of Health,NHS South West Lincolnshire CCG,12/31/2018,C&M-GMS Cost of Drugs -Dispensing,LOCAL ENHANCED SERVICES,DR AJ WATTS & PARTNERS,25259588,"-120,665.76"
Department of Health,NHS South West Lincolnshire CCG,12/31/2018,C&M-GMS PrscChrgsCll&RmttdbyGPCntra,PRC DELEGATED CO-COMMISSIONING,DR AJ WATTS & PARTNERS,25259588,"-6,591.20"
Department of Health,NHS South West Lincolnshire CCG,12/31/2018,C&M-GMS Cost of Drugs -Dispensing,LOCAL ENHANCED SERVICES,DR AJ WATTS & PARTNERS,25259589,"234,811.52"
Department of Health,NHS South West Lincolnshire CCG,12/31/2018,C&M-GMS Prof Fees Dispensing,PRC DELEGATED CO-COMMISSIONING,DR AJ WATTS & PARTNERS,25259589,"49,150.40"
Department of Health,NHS South West Lincolnshire CCG,12/31/2018,C&M-GMS PrscrptnChrgsColl&RmttdbyGP,LOCAL ENHANCED SERVICES,DR AJ WATTS & PARTNERS,25259589,"6,591.20"
Department of Health,NHS South West Lincolnshire CCG,12/31/2018,C&M-GMS Cost of Drugs -Dispensing,LOCAL ENHANCED SERVICES,DR G ENNIS,25259591,"-33,355.52"
Department of Health,NHS South West Lincolnshire CCG,12/31/2018,C&M-GMS PrscChrgsCll&RmttdbyGPCntra,PRC DELEGATED CO-COMMISSIONING,DR G ENNIS,25259591,"-1,821.60"
Department of Health,NHS South West Lincolnshire CCG,12/31/2018,C&M-GMS Cost of Drugs -Dispensing,LOCAL ENHANCED SERVICES,DR G ENNIS,25259592,"61,183.73"
Department of Health,NHS South West Lincolnshire CCG,12/31/2018,C&M-GMS Prof Fees Dispensing,PRC DELEGATED CO-COMMISSIONING,DR G ENNIS,25259592,"12,324.49"
Department of Health,NHS South West Lincolnshire CCG,12/31/2018,C&M-GMS PrscrptnChrgsColl&RmttdbyGP,LOCAL ENHANCED SERVICES,DR G ENNIS,25259592,"1,821.60"
Department of Health,NHS South West Lincolnshire CCG,12/31/2018,C&M-GMS Cost of Drugs -Dispensing,LOCAL ENHANCED SERVICES,DR JB ELDER & PARTNERS,25259594,"-47,224.04"
Department of Health,NHS South West Lincolnshire CCG,12/31/2018,C&M-GMS PrscChrgsCll&RmttdbyGPCntra,PRC DELEGATED CO-COMMISSIONING,DR JB ELDER & PARTNERS,25259594,"-2,481.60"
Department of Health,NHS South West Lincolnshire CCG,12/31/2018,C&M-GMS Cost of Drugs -Dispensing,LOCAL ENHANCED SERVICES,DR JB ELDER & PARTNERS,25259595,"102,919.02"
Department of Health,NHS South West Lincolnshire CCG,12/31/2018,C&M-GMS Prof Fees Dispensing,PRC DELEGATED CO-COMMISSIONING,DR JB ELDER & PARTNERS,25259595,"16,231.05"
Department of Health,NHS South West Lincolnshire CCG,12/31/2018,C&M-GMS PrscrptnChrgsColl&RmttdbyGP,LOCAL ENHANCED SERVICES,DR JB ELDER & PARTNERS,25259595,"2,481.60"
Department of Health,NHS South West Lincolnshire CCG,12/31/2018,C&M-GMS Cost of Drugs -Dispensing,LOCAL ENHANCED SERVICES,DR LAWRENSON & PARTNERS,25259596,"-53,750.30"
Department of Health,NHS South West Lincolnshire CCG,12/31/2018,C&M-GMS PrscChrgsCll&RmttdbyGPCntra,PRC DELEGATED CO-COMMISSIONING,DR LAWRENSON & PARTNERS,25259596,"-3,748.80"
Department of Health,NHS South West Lincolnshire CCG,12/31/2018,C&M-GMS Cost of Drugs -Dispensing,LOCAL ENHANCED SERVICES,DR LAWRENSON & PARTNERS,25259597,"121,862.50"
Department of Health,NHS South West Lincolnshire CCG,12/31/2018,C&M-GMS Prof Fees Dispensing,PRC DELEGATED CO-COMMISSIONING,DR LAWRENSON & PARTNERS,25259597,"23,621.33"
Department of Health,NHS South West Lincolnshire CCG,12/31/2018,C&M-GMS PrscrptnChrgsColl&RmttdbyGP,LOCAL ENHANCED SERVICES,DR LAWRENSON & PARTNERS,25259597,"3,748.80"
Department of Health,NHS South West Lincolnshire CCG,12/31/2018,C&M-GMS Cost of Drugs -Dispensing,LOCAL ENHANCED SERVICES,DR LEEPER & PARTNERS,25259598,"-88,287.20"
Department of Health,NHS South West Lincolnshire CCG,12/31/2018,C&M-GMS PrscChrgsCll&RmttdbyGPCntra,PRC DELEGATED CO-COMMISSIONING,DR LEEPER & PARTNERS,25259598,"-3,977.60"
Department of Health,NHS South West Lincolnshire CCG,12/31/2018,C&M-GMS Cost of Drugs -Dispensing,LOCAL ENHANCED SERVICES,DR LEEPER & PARTNERS,25259599,"170,736.44"
Department of Health,NHS South West Lincolnshire CCG,12/31/2018,C&M-GMS Prof Fees Dispensing,PRC DELEGATED CO-COMMISSIONING,DR LEEPER & PARTNERS,25259599,"33,421.76"
Department of Health,NHS South West Lincolnshire CCG,12/31/2018,C&M-GMS PrscrptnChrgsColl&RmttdbyGP,LOCAL ENHANCED SERVICES,DR LEEPER & PARTNERS,25259599,"3,977.60"
Department of Health,NHS South West Lincolnshire CCG,12/31/2018,C&M-GMS Cost of Drugs -Dispensing,LOCAL ENHANCED SERVICES,DR PARRY & PARTNERS SLEAFORD,25259601,"-104,461.40"
Department of Health,NHS South West Lincolnshire CCG,12/31/2018,C&M-GMS PrscChrgsCll&RmttdbyGPCntra,PRC DELEGATED CO-COMMISSIONING,DR PARRY & PARTNERS SLEAFORD,25259601,"-3,784.00"
Department of Health,NHS South West Lincolnshire CCG,12/31/2018,C&M-GMS Cost of Drugs -Dispensing,LOCAL ENHANCED SERVICES,DR PARRY & PARTNERS SLEAFORD,25259602,"182,966.74"
Department of Health,NHS South West Lincolnshire CCG,12/31/2018,C&M-GMS Prof Fees Dispensing,PRC DELEGATED CO-COMMISSIONING,DR PARRY & PARTNERS SLEAFORD,25259602,"43,930.48"
Department of Health,NHS South West Lincolnshire CCG,12/31/2018,C&M-GMS PrscrptnChrgsColl&RmttdbyGP,LOCAL ENHANCED SERVICES,DR PARRY & PARTNERS SLEAFORD,25259602,"3,784.00"
Department of Health,NHS South West Lincolnshire CCG,12/31/2018,C&M-GMS Cost of Drugs -Dispensing,LOCAL ENHANCED SERVICES,DR RYDER & PARTNERS,25259604,"-26,663.76"
Department of Health,NHS South West Lincolnshire CCG,12/31/2018,C&M-GMS PrscChrgsCll&RmttdbyGPCntra,PRC DELEGATED CO-COMMISSIONING,DR RYDER & PARTNERS,25259604,-862.40
Department of Health,NHS South West Lincolnshire CCG,12/31/2018,C&M-GMS Cost of Drugs -Dispensing,LOCAL ENHANCED SERVICES,DR RYDER & PARTNERS,25259605,"52,297.24"
Department of Health,NHS South West Lincolnshire CCG,12/31/2018,C&M-GMS Prof Fees Dispensing,PRC DELEGATED CO-COMMISSIONING,DR RYDER & PARTNERS,25259605,"10,861.29"
Department of Health,NHS South West Lincolnshire CCG,12/31/2018,C&M-GMS PrscrptnChrgsColl&RmttdbyGP,LOCAL ENHANCED SERVICES,DR RYDER & PARTNERS,25259605,862.40
Department of Health,NHS South West Lincolnshire CCG,12/31/2018,C&M-GMS Cost of Drugs -Dispensing,LOCAL ENHANCED SERVICES,DR WEBSTER & PARTNERS,25259606,"-51,412.98"
Department of Health,NHS South West Lincolnshire CCG,12/31/2018,C&M-GMS PrscChrgsCll&RmttdbyGPCntra,PRC DELEGATED CO-COMMISSIONING,DR WEBSTER & PARTNERS,25259606,"-1,751.20"
Department of Health,NHS South West Lincolnshire CCG,12/31/2018,C&M-GMS Cost of Drugs -Dispensing,LOCAL ENHANCED SERVICES,DR WEBSTER & PARTNERS,25259607,"86,352.37"
Department of Health,NHS South West Lincolnshire CCG,12/31/2018,C&M-GMS Prof Fees Dispensing,PRC DELEGATED CO-COMMISSIONING,DR WEBSTER & PARTNERS,25259607,"18,482.86"
Department of Health,NHS South West Lincolnshire CCG,12/31/2018,C&M-GMS PrscrptnChrgsColl&RmttdbyGP,LOCAL ENHANCED SERVICES,DR WEBSTER & PARTNERS,25259607,"1,751.20"
Department of Health,NHS South West Lincolnshire CCG,12/31/2018,C&M-GMS Cost of Drugs -Dispensing,LOCAL ENHANCED SERVICES,DRS BAMBER & MCKECHNIE,25259609,"36,575.29"
Department of Health,NHS South West Lincolnshire CCG,12/31/2018,C&M-GMS Prof Fees Dispensing,PRC DELEGATED CO-COMMISSIONING,DRS BAMBER & MCKECHNIE,25259609,"8,308.23"
Department of Health,NHS South West Lincolnshire CCG,12/31/2018,C&M-GMS PrscrptnChrgsColl&RmttdbyGP,LOCAL ENHANCED SERVICES,DRS BAMBER & MCKECHNIE,25259609,"1,064.80"
Department of Health,NHS South West Lincolnshire CCG,12/31/2018,C&M-GMS Cost of Drugs -Dispensing,LOCAL ENHANCED SERVICES,DR VIJAYAN & PARTNERS,25259611,"-25,308.62"
Department of Health,NHS South West Lincolnshire CCG,12/31/2018,C&M-GMS PrscChrgsCll&RmttdbyGPCntra,PRC DELEGATED CO-COMMISSIONING,DR VIJAYAN & PARTNERS,25259611,-853.60
Department of Health,NHS South West Lincolnshire CCG,12/31/2018,C&M-GMS Cost of Drugs -Dispensing,LOCAL ENHANCED SERVICES,DR VIJAYAN & PARTNERS,25259612,"52,101.43"
Department of Health,NHS South West Lincolnshire CCG,12/31/2018,C&M-GMS Prof Fees Dispensing,PRC DELEGATED CO-COMMISSIONING,DR VIJAYAN & PARTNERS,25259612,"9,466.87"
Department of Health,NHS South West Lincolnshire CCG,12/31/2018,C&M-GMS PrscrptnChrgsColl&RmttdbyGP,LOCAL ENHANCED SERVICES,DR VIJAYAN & PARTNERS,25259612,853.60
Department of Health,NHS South West Lincolnshire CCG,12/31/2018,C&M-GMS Cost of Drugs -Dispensing,LOCAL ENHANCED SERVICES,GLENSIDE COUNTRY PRACTICE,25259613,"-39,081.07"
Department of Health,NHS South West Lincolnshire CCG,12/31/2018,C&M-GMS PrscChrgsCll&RmttdbyGPCntra,PRC DELEGATED CO-COMMISSIONING,GLENSIDE COUNTRY PRACTICE,25259613,"-1,258.40"
Department of Health,NHS South West Lincolnshire CCG,12/31/2018,C&M-GMS Cost of Drugs -Dispensing,LOCAL ENHANCED SERVICES,GLENSIDE COUNTRY PRACTICE,25259614,"75,558.15"
Department of Health,NHS South West Lincolnshire CCG,12/31/2018,C&M-GMS Prof Fees Dispensing,PRC DELEGATED CO-COMMISSIONING,GLENSIDE COUNTRY PRACTICE,25259614,"17,044.47"
Department of Health,NHS South West Lincolnshire CCG,12/31/2018,C&M-GMS PrscrptnChrgsColl&RmttdbyGP,LOCAL ENHANCED SERVICES,GLENSIDE COUNTRY PRACTICE,25259614,"1,258.40"
Department of Health,NHS South West Lincolnshire CCG,12/31/2018,C&M-GMS Cost of Drugs -Dispensing,LOCAL ENHANCED SERVICES,WELBY PRACTICE (THE),25259615,"-28,345.28"
Department of Health,NHS South West Lincolnshire CCG,12/31/2018,C&M-GMS PrscChrgsCll&RmttdbyGPCntra,PRC DELEGATED CO-COMMISSIONING,WELBY PRACTICE (THE),25259615,"-1,742.40"
Department of Health,NHS South West Lincolnshire CCG,12/31/2018,C&M-GMS Cost of Drugs -Dispensing,LOCAL ENHANCED SERVICES,WELBY PRACTICE (THE),25259616,"66,270.09"
Department of Health,NHS South West Lincolnshire CCG,12/31/2018,C&M-GMS Prof Fees Dispensing,PRC DELEGATED CO-COMMISSIONING,WELBY PRACTICE (THE),25259616,"12,991.51"
Department of Health,NHS South West Lincolnshire CCG,12/31/2018,C&M-GMS PrscrptnChrgsColl&RmttdbyGP,LOCAL ENHANCED SERVICES,WELBY PRACTICE (THE),25259616,"1,742.40"
Department of Health,NHS South West Lincolnshire CCG,12/31/2018,Clinical&Medical-Independent Sector,LEARNING DIFFICULTIES,ELYSIUM HEALTHCARE LTD,25268995,"40,935.00"
Department of Health,NHS South West Lincolnshire CCG,12/31/2018,Clinical&Medical-Independent Sector,ACUTE COMMISSIONING,BMI HEALTHCARE LTD,25291221,"36,515.16"
Department of Health,NHS South West Lincolnshire CCG,12/31/2018,Clinical&Medical-Independent Sector,PATIENT TRANSPORT,THAMES AMBULANCE SERVICE LTD,25291233,"56,386.00"
Department of Health,NHS South West Lincolnshire CCG,12/31/2018,Hcare Srv Rec Fdtn Trust-CQUIN,ACUTE COMMISSIONING,CAMBRIDGE UNIVERSITY HOSPITALS NHS FOUNDATION TRUST,25291236,308.08
Department of Health,NHS South West Lincolnshire CCG,12/31/2018,Hcare Srv Rec Fdtn Trust-Contract Baseline,ACUTE COMMISSIONING,CAMBRIDGE UNIVERSITY HOSPITALS NHS FOUNDATION TRUST,25291236,"25,820.83"
Department of Health,NHS South West Lincolnshire CCG,12/31/2018,Hcare Srv Rec Fdtn Trust-Contract Baseline,ACUTE COMMISSIONING,NORTHERN LINCOLNSHIRE AND GOOLE HOSPITALS NHS FOUNDATION TRUST,25291237,"232,300.00"
Department of Health,NHS South West Lincolnshire CCG,12/31/2018,Hcare Srv Rec NHS Trust-Contract Baseline,ACUTE COMMISSIONING,UNIVERSITY HOSPITALS OF LEICESTER NHS TRUST,25291249,"119,285.00"
Department of Health,NHS South West Lincolnshire CCG,12/31/2018,Clinical&Medical-Serv Recd-CCGs,CEO/ BOARD OFFICE,NHS SOUTH LINCOLNSHIRE CCG,25332103,"30,343.57"
Department of Health,NHS South West Lincolnshire CCG,12/31/2018,Clinical&Medical-Serv Recd-CCGs,ADMINISTRATION & BUSINESS SUPPORT,NHS SOUTH LINCOLNSHIRE CCG,25332104,"75,991.95"
Department of Health,NHS South West Lincolnshire CCG,12/31/2018,Hcare Srv Rec NHS Trust-CQUIN,ACUTE COMMISSIONING,UNITED LINCOLNSHIRE HOSPITALS NHS TRUST,25334965,"57,689.76"
Department of Health,NHS South West Lincolnshire CCG,12/31/2018,Hcare Srv Rec NHS Trust-Contract Baseline,ACUTE COMMISSIONING,UNITED LINCOLNSHIRE HOSPITALS NHS TRUST,25334965,"4,822,422.05"
Department of Health,NHS South West Lincolnshire CCG,12/31/2018,Clinical&Medical-Othe Public Sector,CARERS,LINCOLNSHIRE COUNTY COUNCIL,25360984,"146,487.00"
Department of Health,NHS South West Lincolnshire CCG,12/31/2018,Clinical&Medical-Othe Public Sector,CHILD AND ADOLESCENT MENTAL HEALTH,LINCOLNSHIRE COUNTY COUNCIL,25360984,"93,396.00"
Department of Health,NHS South West Lincolnshire CCG,12/31/2018,Clinical&Medical-Othe Public Sector,COMMUNITY SERVICES,LINCOLNSHIRE COUNTY COUNCIL,25360984,"42,982.00"
Department of Health,NHS South West Lincolnshire CCG,12/31/2018,Clinical&Medical-Othe Public Sector,LEARNING DIFFICULTIES,LINCOLNSHIRE COUNTY COUNCIL,25360984,"265,254.00"
Department of Health,NHS South West Lincolnshire CCG,12/31/2018,Clinical&Medical-Independent Sector,ACUTE COMMISSIONING,ORTHOPAEDICS & SPINE SPECIALIST HOSPITAL,25365742,"-40,284.32"
Department of Health,NHS South West Lincolnshire CCG,12/31/2018,Clinical&Medical-Independent Sector,OUT OF HOURS,DHU 111 (EAST MIDLANDS) CIC,25372619,"47,149.92"
Department of Health,NHS South West Lincolnshire CCG,12/31/2018,Hcare Srv Rec Fdtn Trust-Contract Baseline,ACUTE COMMISSIONING,UNIVERSITY HOSPITALS OF DERBY & BURTON NHS FOUNDATION TRUST,25372706,"54,360.86"
Department of Health,NHS South West Lincolnshire CCG,12/31/2018,Clinical&Medical-Independent Sector,ACUTE COMMISSIONING,NOTTINGHAM WOODTHORPE HOSPITAL,25372757,"104,129.36"
Department of Health,NHS South West Lincolnshire CCG,12/31/2018,Hcare Srv Rec Fdtn Trust-Contract Baseline,ACUTE COMMISSIONING,SHERWOOD FOREST HOSPITALS NHS FOUNDATION TRUST,25372779,"96,972.42"
Department of Health,NHS South West Lincolnshire CCG,12/31/2018,Clinical&Medical-Independent Sector,Winter Resilience,SLEAFORD MEDICAL GROUP,25376258,"71,000.00"
Department of Health,NHS South West Lincolnshire CCG,12/31/2018,Hcare Srv Rec NHS Trust-Non Contract,ACUTE COMMISSIONING,UNITED LINCOLNSHIRE HOSPITALS NHS TRUST,25380983,"132,524.75"
Department of Health,NHS South West Lincolnshire CCG,12/31/2018,Hcare Srv Rec NHS Trust-Over/ Under Performance,ACUTE COMMISSIONING,UNITED LINCOLNSHIRE HOSPITALS NHS TRUST,25380985,"53,485.83"
