Department family,Entity,Date,Expense Type,Expense area,Supplier,Transaction number,AP Amount (�)
Department of Health,NHS South West Lincolnshire CCG,8/31/2018,Clinical&Medical-Independent Sector - Prior Year,MENTAL HEALTH SERVICES - ADULTS,BARCHESTER HEALTHCARE LTD,23286961,"44,562.86"
Department of Health,NHS South West Lincolnshire CCG,8/31/2018,C&M-PMS Baseline Adjustment,PRC DELEGATED CO-COMMISSIONING,DR GALLOP & PARTNERS,23337309,"44,951.35"
Department of Health,NHS South West Lincolnshire CCG,8/31/2018,C&M-PMS DES Minor Surgery,PRC DELEGATED CO-COMMISSIONING,DR GALLOP & PARTNERS,23337309,43.54
Department of Health,NHS South West Lincolnshire CCG,8/31/2018,C&M-PMS GP Statutory Levy,PRC DELEGATED CO-COMMISSIONING,DR GALLOP & PARTNERS,23337309,4.18
Department of Health,NHS South West Lincolnshire CCG,8/31/2018,C&M-PMS Prem Notional Rent,PRC DELEGATED CO-COMMISSIONING,DR GALLOP & PARTNERS,23337309,"4,833.33"
Department of Health,NHS South West Lincolnshire CCG,8/31/2018,C&M-PMS QOF Aspiration,PRC DELEGATED CO-COMMISSIONING,DR GALLOP & PARTNERS,23337309,"4,520.73"
Department of Health,NHS South West Lincolnshire CCG,8/31/2018,C&M-PMS Voluntary Levy,PRC DELEGATED CO-COMMISSIONING,DR GALLOP & PARTNERS,23337309,0.50
Department of Health,NHS South West Lincolnshire CCG,8/31/2018,Clinical&Medical-Independent Sector,ACUTE COMMISSIONING,FITZWILLIAM HOSPITAL,23344393,"135,654.83"
Department of Health,NHS South West Lincolnshire CCG,8/31/2018,Clinical&Medical-Independent Sector,ACUTE COMMISSIONING,BOSTON WEST HOSPITAL,23344416,"58,079.37"
Department of Health,NHS South West Lincolnshire CCG,8/31/2018,Hcare Srv Rec Fdtn Trust-CQUIN,ACUTE COMMISSIONING,NORTH WEST ANGLIA NHS FOUNDATION TRUST,23344430,"4,297.25"
Department of Health,NHS South West Lincolnshire CCG,8/31/2018,Hcare Srv Rec Fdtn Trust-Contract Baseline,ACUTE COMMISSIONING,NORTH WEST ANGLIA NHS FOUNDATION TRUST,23344430,"368,357.92"
Department of Health,NHS South West Lincolnshire CCG,8/31/2018,Clinical&Medical-Independent Sector,WHEELCHAIR SERVICE,MILLBROOK HEALTHCARE LTD,23344445,"25,382.62"
Department of Health,NHS South West Lincolnshire CCG,8/31/2018,Clinical&Medical-Voluntary Sector,HOSPICES,ST BARNABAS HOSPICE TRUST,23344480,"66,550.27"
Department of Health,NHS South West Lincolnshire CCG,8/31/2018,Hcare Srv Rec NHS Trust-CQUIN,AMBULANCE SERVICES,EAST MIDLANDS AMBULANCE SERVICE NHS TRUST,23344490,"3,913.00"
Department of Health,NHS South West Lincolnshire CCG,8/31/2018,Hcare Srv Rec NHS Trust-Contract Baseline,AMBULANCE SERVICES,EAST MIDLANDS AMBULANCE SERVICE NHS TRUST,23344490,"313,018.00"
Department of Health,NHS South West Lincolnshire CCG,8/31/2018,Clinical&Medical-Independent Sector,PROGRAMME PROJECTS,SPECSAVERS HEARCARE LTD,23367727,"36,126.75"
Department of Health,NHS South West Lincolnshire CCG,8/31/2018,Clinical&Medical-Voluntary Sector,HOSPICES,ST BARNABAS HOSPICE TRUST,23367751,"58,403.33"
Department of Health,NHS South West Lincolnshire CCG,8/31/2018,Charges from CSU,CONTINUING HEALTHCARE ASSESSMENT & SUPPORT,NHS ARDEN AND GEM CSU,23367776,"28,108.91"
Department of Health,NHS South West Lincolnshire CCG,8/31/2018,Hcare Srv Rec NHS Trust-Contract Baseline,COMMUNITY SERVICES,LINCS COMMUNITY HEALTH SERVICES NHS TRUST,23382521,"784,794.13"
Department of Health,NHS South West Lincolnshire CCG,8/31/2018,Hcare Srv Rec Fdtn Trust-Contract Baseline,MENTAL HEALTH CONTRACTS,LINCOLNSHIRE PARTNERSHIP NHS FOUNDATION TRUST,23382544,"912,712.82"
Department of Health,NHS South West Lincolnshire CCG,8/31/2018,Clinical&Medical-Independent Sector,ACUTE COMMISSIONING,ORTHOPAEDICS & SPINE SPECIALIST HOSPITAL,23382563,"62,723.00"
Department of Health,NHS South West Lincolnshire CCG,8/31/2018,Chrgs from SLA,CONTRACT MANAGEMENT,OPTUM HEALTH SOLUTIONS (UK) LTD,23382593,"101,955.26"
Department of Health,NHS South West Lincolnshire CCG,8/31/2018,Chrgs from SLA,NON RECURRENT PROGRAMMES,OPTUM HEALTH SOLUTIONS (UK) LTD,23382593,"23,543.86"
Department of Health,NHS South West Lincolnshire CCG,8/31/2018,Clinical&Medical-Independent Sector,OUT OF HOURS,DHU 111 (EAST MIDLANDS) CIC,23429632,"51,800.92"
Department of Health,NHS South West Lincolnshire CCG,8/31/2018,Clinical&Medical-Independent Sector,OUT OF HOURS,DHU 111 (EAST MIDLANDS) CIC,23429643,"-51,800.92"
Department of Health,NHS South West Lincolnshire CCG,8/31/2018,Hcare Srv Rec NHS Trust-CQUIN,ACUTE COMMISSIONING,NOTTINGHAM UNIVERSITY HOSPITALS NHS TRUST,23461084,"14,217.00"
Department of Health,NHS South West Lincolnshire CCG,8/31/2018,Hcare Srv Rec NHS Trust-Contract Baseline,ACUTE COMMISSIONING,NOTTINGHAM UNIVERSITY HOSPITALS NHS TRUST,23461084,"594,417.00"
Department of Health,NHS South West Lincolnshire CCG,8/31/2018,C&M-GMS GP Statutory Levy,PRC DELEGATED CO-COMMISSIONING,DR AJ WATTS & PARTNERS,23478577,-314.20
Department of Health,NHS South West Lincolnshire CCG,8/31/2018,C&M-GMS PCO Seniority,PRC DELEGATED CO-COMMISSIONING,DR AJ WATTS & PARTNERS,23478577,-742.77
Department of Health,NHS South West Lincolnshire CCG,8/31/2018,C&M-GMS Voluntary Levy,PRC DELEGATED CO-COMMISSIONING,DR AJ WATTS & PARTNERS,23478577,-44.50
Department of Health,NHS South West Lincolnshire CCG,8/31/2018,ME-GMS GP Pension EEs,PRC DELEGATED CO-COMMISSIONING,DR AJ WATTS & PARTNERS,23478577,"-6,048.98"
Department of Health,NHS South West Lincolnshire CCG,8/31/2018,ME-GMS GP Pension EEs Adjustments,PRC DELEGATED CO-COMMISSIONING,DR AJ WATTS & PARTNERS,23478577,"-6,486.54"
Department of Health,NHS South West Lincolnshire CCG,8/31/2018,ME-GMS GP Pension ERs Adjustments,PRC DELEGATED CO-COMMISSIONING,DR AJ WATTS & PARTNERS,23478577,"-13,591.61"
Department of Health,NHS South West Lincolnshire CCG,8/31/2018,C&M-GMS Global Sum,PRC DELEGATED CO-COMMISSIONING,DR AJ WATTS & PARTNERS,23478578,"70,727.66"
Department of Health,NHS South West Lincolnshire CCG,8/31/2018,C&M-GMS Prem Notional Rent,PRC DELEGATED CO-COMMISSIONING,DR AJ WATTS & PARTNERS,23478578,"3,516.67"
Department of Health,NHS South West Lincolnshire CCG,8/31/2018,C&M-GMS QOF Aspiration,PRC DELEGATED CO-COMMISSIONING,DR AJ WATTS & PARTNERS,23478578,"7,501.91"
Department of Health,NHS South West Lincolnshire CCG,8/31/2018,C&M-GMS Global Sum,PRC DELEGATED CO-COMMISSIONING,DR ALLSEBROOK & PARTNERS,23478580,"38,018.40"
Department of Health,NHS South West Lincolnshire CCG,8/31/2018,C&M-GMS MPIG Correction Factor,PRC DELEGATED CO-COMMISSIONING,DR ALLSEBROOK & PARTNERS,23478580,567.73
Department of Health,NHS South West Lincolnshire CCG,8/31/2018,C&M-GMS Prem Actual Rent,PRC DELEGATED CO-COMMISSIONING,DR ALLSEBROOK & PARTNERS,23478580,"27,986.60"
Department of Health,NHS South West Lincolnshire CCG,8/31/2018,C&M-GMS Prem Water Rates,PRC DELEGATED CO-COMMISSIONING,DR ALLSEBROOK & PARTNERS,23478580,111.98
Department of Health,NHS South West Lincolnshire CCG,8/31/2018,C&M-GMS QOF Aspiration,PRC DELEGATED CO-COMMISSIONING,DR ALLSEBROOK & PARTNERS,23478580,"4,297.80"
Department of Health,NHS South West Lincolnshire CCG,8/31/2018,C&M-GMS Global Sum,PRC DELEGATED CO-COMMISSIONING,DR G ENNIS,23478581,"25,523.14"
Department of Health,NHS South West Lincolnshire CCG,8/31/2018,C&M-GMS MPIG Correction Factor,PRC DELEGATED CO-COMMISSIONING,DR G ENNIS,23478581,582.00
Department of Health,NHS South West Lincolnshire CCG,8/31/2018,C&M-GMS Prem Notional Rent,PRC DELEGATED CO-COMMISSIONING,DR G ENNIS,23478581,"9,250.00"
Department of Health,NHS South West Lincolnshire CCG,8/31/2018,C&M-GMS QOF Aspiration,PRC DELEGATED CO-COMMISSIONING,DR G ENNIS,23478581,"5,767.36"
Department of Health,NHS South West Lincolnshire CCG,8/31/2018,C&M-PMS Prem Water Rates,PRC DELEGATED CO-COMMISSIONING,DR GALLOP & PARTNERS,23478582,138.32
Department of Health,NHS South West Lincolnshire CCG,8/31/2018,ME - PMS GP Prior Year ERs,PRC DELEGATED CO-COMMISSIONING,DR GALLOP & PARTNERS,23478582,"11,961.72"
Department of Health,NHS South West Lincolnshire CCG,8/31/2018,ME-PMS GP Pension EEs Adjs - PMS,PRC DELEGATED CO-COMMISSIONING,DR GALLOP & PARTNERS,23478582,"4,060.00"
Department of Health,NHS South West Lincolnshire CCG,8/31/2018,ME-PMS GP Pension ERs Adjs - PMS,PRC DELEGATED CO-COMMISSIONING,DR GALLOP & PARTNERS,23478582,"4,026.40"
Department of Health,NHS South West Lincolnshire CCG,8/31/2018,ME-PMS GP Prior Year EEs,PRC DELEGATED CO-COMMISSIONING,DR GALLOP & PARTNERS,23478582,"12,077.87"
Department of Health,NHS South West Lincolnshire CCG,8/31/2018,C&M-GMS Global Sum,PRC DELEGATED CO-COMMISSIONING,DR JB ELDER & PARTNERS,23478584,"36,161.65"
Department of Health,NHS South West Lincolnshire CCG,8/31/2018,C&M-GMS MPIG Correction Factor,PRC DELEGATED CO-COMMISSIONING,DR JB ELDER & PARTNERS,23478584,170.58
Department of Health,NHS South West Lincolnshire CCG,8/31/2018,C&M-GMS QOF Aspiration,PRC DELEGATED CO-COMMISSIONING,DR JB ELDER & PARTNERS,23478584,"3,811.17"
Department of Health,NHS South West Lincolnshire CCG,8/31/2018,C&M-GMS Global Sum,PRC DELEGATED CO-COMMISSIONING,DR LAWRENSON & PARTNERS,23478586,"46,845.65"
Department of Health,NHS South West Lincolnshire CCG,8/31/2018,C&M-GMS QOF Aspiration,PRC DELEGATED CO-COMMISSIONING,DR LAWRENSON & PARTNERS,23478586,"5,288.83"
Department of Health,NHS South West Lincolnshire CCG,8/31/2018,C&M-GMS Global Sum,PRC DELEGATED CO-COMMISSIONING,DR LEEPER & PARTNERS,23478588,"44,236.97"
Department of Health,NHS South West Lincolnshire CCG,8/31/2018,C&M-GMS QOF Aspiration,PRC DELEGATED CO-COMMISSIONING,DR LEEPER & PARTNERS,23478588,"4,426.07"
Department of Health,NHS South West Lincolnshire CCG,8/31/2018,C&M-GMS DES Learn Dsblty Hlth Chk,PRC DELEGATED CO-COMMISSIONING,DR PARKIN & PARTNERS GRANTHAM,23478590,"1,820.00"
Department of Health,NHS South West Lincolnshire CCG,8/31/2018,C&M-GMS Global Sum,PRC DELEGATED CO-COMMISSIONING,DR PARKIN & PARTNERS GRANTHAM,23478590,"110,799.53"
Department of Health,NHS South West Lincolnshire CCG,8/31/2018,C&M-GMS MPIG Correction Factor,PRC DELEGATED CO-COMMISSIONING,DR PARKIN & PARTNERS GRANTHAM,23478590,"5,183.13"
Department of Health,NHS South West Lincolnshire CCG,8/31/2018,C&M-GMS Prem Notional Rent,PRC DELEGATED CO-COMMISSIONING,DR PARKIN & PARTNERS GRANTHAM,23478590,"7,456.25"
Department of Health,NHS South West Lincolnshire CCG,8/31/2018,C&M-GMS QOF Aspiration,PRC DELEGATED CO-COMMISSIONING,DR PARKIN & PARTNERS GRANTHAM,23478590,"16,675.22"
Department of Health,NHS South West Lincolnshire CCG,8/31/2018,C&M-GMS DES Learn Dsblty Hlth Chk,PRC DELEGATED CO-COMMISSIONING,DR PARRY & PARTNERS SLEAFORD,23478592,980.00
Department of Health,NHS South West Lincolnshire CCG,8/31/2018,C&M-GMS Global Sum,PRC DELEGATED CO-COMMISSIONING,DR PARRY & PARTNERS SLEAFORD,23478592,"54,925.38"
Department of Health,NHS South West Lincolnshire CCG,8/31/2018,C&M-GMS Prem Actual Rent,PRC DELEGATED CO-COMMISSIONING,DR PARRY & PARTNERS SLEAFORD,23478592,"4,214.37"
Department of Health,NHS South West Lincolnshire CCG,8/31/2018,C&M-GMS QOF Aspiration,PRC DELEGATED CO-COMMISSIONING,DR PARRY & PARTNERS SLEAFORD,23478592,"6,695.56"
Department of Health,NHS South West Lincolnshire CCG,8/31/2018,C&M-GMS Global Sum,PRC DELEGATED CO-COMMISSIONING,DR RYDER & PARTNERS,23478595,"63,479.78"
Department of Health,NHS South West Lincolnshire CCG,8/31/2018,C&M-GMS QOF Aspiration,PRC DELEGATED CO-COMMISSIONING,DR RYDER & PARTNERS,23478595,"6,432.22"
Department of Health,NHS South West Lincolnshire CCG,8/31/2018,C&M-GMS Global Sum,PRC DELEGATED CO-COMMISSIONING,DR WEBSTER & PARTNERS,23478596,"127,453.36"
Department of Health,NHS South West Lincolnshire CCG,8/31/2018,C&M-GMS Prem Notional Rent,PRC DELEGATED CO-COMMISSIONING,DR WEBSTER & PARTNERS,23478596,"12,683.33"
Department of Health,NHS South West Lincolnshire CCG,8/31/2018,C&M-GMS QOF Aspiration,PRC DELEGATED CO-COMMISSIONING,DR WEBSTER & PARTNERS,23478596,"16,479.95"
Department of Health,NHS South West Lincolnshire CCG,8/31/2018,C&M-GMS Global Sum,PRC DELEGATED CO-COMMISSIONING,DR TEDBURY & PARTNERS,23478599,"96,036.63"
Department of Health,NHS South West Lincolnshire CCG,8/31/2018,C&M-GMS MPIG Correction Factor,PRC DELEGATED CO-COMMISSIONING,DR TEDBURY & PARTNERS,23478599,71.53
Department of Health,NHS South West Lincolnshire CCG,8/31/2018,C&M-GMS Prem Notional Rent,PRC DELEGATED CO-COMMISSIONING,DR TEDBURY & PARTNERS,23478599,"6,759.02"
Department of Health,NHS South West Lincolnshire CCG,8/31/2018,C&M-GMS QOF Aspiration,PRC DELEGATED CO-COMMISSIONING,DR TEDBURY & PARTNERS,23478599,"11,329.16"
Department of Health,NHS South West Lincolnshire CCG,8/31/2018,ME - GMS GP Prior Year ERs,PRC DELEGATED CO-COMMISSIONING,DR TEDBURY & PARTNERS,23478599,"3,145.89"
Department of Health,NHS South West Lincolnshire CCG,8/31/2018,ME-GMS GP Prior Year EEs,PRC DELEGATED CO-COMMISSIONING,DR TEDBURY & PARTNERS,23478599,"3,515.52"
Department of Health,NHS South West Lincolnshire CCG,8/31/2018,C&M-GMS Global Sum,PRC DELEGATED CO-COMMISSIONING,DR VIJAYAN & PARTNERS,23478601,"77,814.84"
Department of Health,NHS South West Lincolnshire CCG,8/31/2018,C&M-GMS MPIG Correction Factor,PRC DELEGATED CO-COMMISSIONING,DR VIJAYAN & PARTNERS,23478601,"1,605.94"
Department of Health,NHS South West Lincolnshire CCG,8/31/2018,C&M-GMS Prem Actual Rent,PRC DELEGATED CO-COMMISSIONING,DR VIJAYAN & PARTNERS,23478601,"5,254.60"
Department of Health,NHS South West Lincolnshire CCG,8/31/2018,C&M-GMS Prem Notional Rent,PRC DELEGATED CO-COMMISSIONING,DR VIJAYAN & PARTNERS,23478601,"4,394.91"
Department of Health,NHS South West Lincolnshire CCG,8/31/2018,C&M-GMS QOF Aspiration,PRC DELEGATED CO-COMMISSIONING,DR VIJAYAN & PARTNERS,23478601,"8,997.27"
Department of Health,NHS South West Lincolnshire CCG,8/31/2018,C&M-GMS Global Sum,PRC DELEGATED CO-COMMISSIONING,GLENSIDE COUNTRY PRACTICE,23478603,"26,266.96"
Department of Health,NHS South West Lincolnshire CCG,8/31/2018,C&M-GMS MPIG Correction Factor,PRC DELEGATED CO-COMMISSIONING,GLENSIDE COUNTRY PRACTICE,23478603,"1,060.30"
Department of Health,NHS South West Lincolnshire CCG,8/31/2018,C&M-GMS Prem Notional Rent,PRC DELEGATED CO-COMMISSIONING,GLENSIDE COUNTRY PRACTICE,23478603,"4,187.50"
Department of Health,NHS South West Lincolnshire CCG,8/31/2018,C&M-GMS QOF Aspiration,PRC DELEGATED CO-COMMISSIONING,GLENSIDE COUNTRY PRACTICE,23478603,"2,708.12"
Department of Health,NHS South West Lincolnshire CCG,8/31/2018,Hcare Srv Rec Fdtn Trust-Contract Baseline,ACUTE COMMISSIONING,UNIVERSITY HOSPITALS OF DERBY & BURTON NHS FOUNDATION TRUST,23481190,"54,360.86"
Department of Health,NHS South West Lincolnshire CCG,8/31/2018,C&M-GMS DES Learn Dsblty Hlth Chk,PRC DELEGATED CO-COMMISSIONING,DR MTC HIGGINS & PARTNERS,23495009,140.00
Department of Health,NHS South West Lincolnshire CCG,8/31/2018,C&M-GMS Global Sum,PRC DELEGATED CO-COMMISSIONING,DR MTC HIGGINS & PARTNERS,23495009,"53,415.31"
Department of Health,NHS South West Lincolnshire CCG,8/31/2018,C&M-GMS MPIG Correction Factor,PRC DELEGATED CO-COMMISSIONING,DR MTC HIGGINS & PARTNERS,23495009,907.41
Department of Health,NHS South West Lincolnshire CCG,8/31/2018,C&M-GMS PCO Other,PRC DELEGATED CO-COMMISSIONING,DR MTC HIGGINS & PARTNERS,23495009,"4,850.00"
Department of Health,NHS South West Lincolnshire CCG,8/31/2018,C&M-GMS Prem Notional Rent,PRC DELEGATED CO-COMMISSIONING,DR MTC HIGGINS & PARTNERS,23495009,"5,037.33"
Department of Health,NHS South West Lincolnshire CCG,8/31/2018,C&M-GMS Prem Rates,PRC DELEGATED CO-COMMISSIONING,DR MTC HIGGINS & PARTNERS,23495009,"2,056.57"
Department of Health,NHS South West Lincolnshire CCG,8/31/2018,C&M-GMS QOF Aspiration,PRC DELEGATED CO-COMMISSIONING,DR MTC HIGGINS & PARTNERS,23495009,"7,251.36"
Department of Health,NHS South West Lincolnshire CCG,8/31/2018,C&M-GMS DES Extended Hours Access,PRC DELEGATED CO-COMMISSIONING,WELBY PRACTICE (THE),23495012,"2,134.65"
Department of Health,NHS South West Lincolnshire CCG,8/31/2018,C&M-GMS Global Sum,PRC DELEGATED CO-COMMISSIONING,WELBY PRACTICE (THE),23495012,"59,948.61"
Department of Health,NHS South West Lincolnshire CCG,8/31/2018,C&M-GMS MPIG Correction Factor,PRC DELEGATED CO-COMMISSIONING,WELBY PRACTICE (THE),23495012,"3,218.70"
Department of Health,NHS South West Lincolnshire CCG,8/31/2018,C&M-GMS Prem Notional Rent,PRC DELEGATED CO-COMMISSIONING,WELBY PRACTICE (THE),23495012,"7,954.16"
Department of Health,NHS South West Lincolnshire CCG,8/31/2018,C&M-GMS Prem Water Rates,PRC DELEGATED CO-COMMISSIONING,WELBY PRACTICE (THE),23495012,739.20
Department of Health,NHS South West Lincolnshire CCG,8/31/2018,C&M-GMS QOF Aspiration,PRC DELEGATED CO-COMMISSIONING,WELBY PRACTICE (THE),23495012,"5,616.28"
Department of Health,NHS South West Lincolnshire CCG,8/31/2018,ME-GMS GP Pension EEs Adjustments,PRC DELEGATED CO-COMMISSIONING,WELBY PRACTICE (THE),23495012,562.50
Department of Health,NHS South West Lincolnshire CCG,8/31/2018,ME-GMS GP Pension ERs Adjustments,PRC DELEGATED CO-COMMISSIONING,WELBY PRACTICE (THE),23495012,647.10
Department of Health,NHS South West Lincolnshire CCG,8/31/2018,Income tax <1Yr,BALANCE SHEET,HMRC,23495026,"25,203.68"
Department of Health,NHS South West Lincolnshire CCG,8/31/2018,Income tax <1Yr-Student Loans,BALANCE SHEET,HMRC,23495026,401.00
Department of Health,NHS South West Lincolnshire CCG,8/31/2018,National Insurance < 1 yr-NI- ERS,BALANCE SHEET,HMRC,23495026,"16,434.86"
Department of Health,NHS South West Lincolnshire CCG,8/31/2018,National Insurance < 1 yr-NI-EES,BALANCE SHEET,HMRC,23495026,"12,075.76"
Department of Health,NHS South West Lincolnshire CCG,8/31/2018,Hcare Srv Rec NHS Trust-Non Contract,ACUTE COMMISSIONING,UNITED LINCOLNSHIRE HOSPITALS NHS TRUST,23502030,"135,221.00"
Department of Health,NHS South West Lincolnshire CCG,8/31/2018,Clinical&Medical-Othe Public Sector,CARERS,LINCOLNSHIRE COUNTY COUNCIL,23502245,"146,487.00"
Department of Health,NHS South West Lincolnshire CCG,8/31/2018,Clinical&Medical-Othe Public Sector,CHILD AND ADOLESCENT MENTAL HEALTH,LINCOLNSHIRE COUNTY COUNCIL,23502245,"93,396.00"
Department of Health,NHS South West Lincolnshire CCG,8/31/2018,Clinical&Medical-Othe Public Sector,COMMUNITY SERVICES,LINCOLNSHIRE COUNTY COUNCIL,23502245,"42,982.00"
Department of Health,NHS South West Lincolnshire CCG,8/31/2018,Clinical&Medical-Othe Public Sector,LEARNING DIFFICULTIES,LINCOLNSHIRE COUNTY COUNCIL,23502245,"265,254.00"
Department of Health,NHS South West Lincolnshire CCG,8/31/2018,Clinical&Medical-Independent Sector,OUT OF HOURS,DHU 111 (EAST MIDLANDS) CIC,23516134,"54,500.60"
Department of Health,NHS South West Lincolnshire CCG,8/31/2018,Hcare Srv Rec NHS Trust-Over/ Under Performance,ACUTE COMMISSIONING,NOTTINGHAM UNIVERSITY HOSPITALS NHS TRUST,23516163,"58,714.00"
Department of Health,NHS South West Lincolnshire CCG,8/31/2018,Hcare Srv Rec NHS Trust-CQUIN,ACUTE COMMISSIONING,UNITED LINCOLNSHIRE HOSPITALS NHS TRUST,23516174,"57,689.76"
Department of Health,NHS South West Lincolnshire CCG,8/31/2018,Hcare Srv Rec NHS Trust-Contract Baseline,ACUTE COMMISSIONING,UNITED LINCOLNSHIRE HOSPITALS NHS TRUST,23516174,"4,822,422.05"
Department of Health,NHS South West Lincolnshire CCG,8/31/2018,Clinical&Medical-Independent Sector,MENTAL HEALTH SERVICES - ADULTS,ELYSIUM HEALTHCARE LTD,23534330,"39,319.47"
Department of Health,NHS South West Lincolnshire CCG,8/31/2018,C&M-GMS Cost of Drugs -Dispensing,LOCAL ENHANCED SERVICES,DR AJ WATTS & PARTNERS,23554317,"-107,671.78"
Department of Health,NHS South West Lincolnshire CCG,8/31/2018,C&M-GMS PrscChrgsCll&RmttdbyGPCntra,PRC DELEGATED CO-COMMISSIONING,DR AJ WATTS & PARTNERS,23554317,"-5,922.40"
Department of Health,NHS South West Lincolnshire CCG,8/31/2018,C&M-GMS Cost of Drugs -Dispensing,LOCAL ENHANCED SERVICES,DR AJ WATTS & PARTNERS,23554318,"203,403.23"
Department of Health,NHS South West Lincolnshire CCG,8/31/2018,C&M-GMS Prof Fees Dispensing,PRC DELEGATED CO-COMMISSIONING,DR AJ WATTS & PARTNERS,23554318,"40,630.26"
Department of Health,NHS South West Lincolnshire CCG,8/31/2018,C&M-GMS PrscrptnChrgsColl&RmttdbyGP,LOCAL ENHANCED SERVICES,DR AJ WATTS & PARTNERS,23554318,"5,922.40"
Department of Health,NHS South West Lincolnshire CCG,8/31/2018,C&M-GMS Cost of Drugs -Dispensing,LOCAL ENHANCED SERVICES,DR G ENNIS,23554320,"-31,939.05"
Department of Health,NHS South West Lincolnshire CCG,8/31/2018,C&M-GMS PrscChrgsCll&RmttdbyGPCntra,PRC DELEGATED CO-COMMISSIONING,DR G ENNIS,23554320,"-1,971.20"
Department of Health,NHS South West Lincolnshire CCG,8/31/2018,C&M-GMS Cost of Drugs -Dispensing,LOCAL ENHANCED SERVICES,DR G ENNIS,23554321,"52,709.47"
Department of Health,NHS South West Lincolnshire CCG,8/31/2018,C&M-GMS Prof Fees Dispensing,PRC DELEGATED CO-COMMISSIONING,DR G ENNIS,23554321,"10,165.11"
Department of Health,NHS South West Lincolnshire CCG,8/31/2018,C&M-GMS PrscrptnChrgsColl&RmttdbyGP,LOCAL ENHANCED SERVICES,DR G ENNIS,23554321,"1,971.20"
Department of Health,NHS South West Lincolnshire CCG,8/31/2018,C&M-GMS Cost of Drugs -Dispensing,LOCAL ENHANCED SERVICES,DR JB ELDER & PARTNERS,23554323,"-51,312.46"
Department of Health,NHS South West Lincolnshire CCG,8/31/2018,C&M-GMS PrscChrgsCll&RmttdbyGPCntra,PRC DELEGATED CO-COMMISSIONING,DR JB ELDER & PARTNERS,23554323,"-3,467.20"
Department of Health,NHS South West Lincolnshire CCG,8/31/2018,C&M-GMS Cost of Drugs -Dispensing,LOCAL ENHANCED SERVICES,DR JB ELDER & PARTNERS,23554324,"92,131.43"
Department of Health,NHS South West Lincolnshire CCG,8/31/2018,C&M-GMS Prof Fees Dispensing,PRC DELEGATED CO-COMMISSIONING,DR JB ELDER & PARTNERS,23554324,"16,187.80"
Department of Health,NHS South West Lincolnshire CCG,8/31/2018,C&M-GMS PrscrptnChrgsColl&RmttdbyGP,LOCAL ENHANCED SERVICES,DR JB ELDER & PARTNERS,23554324,"3,467.20"
Department of Health,NHS South West Lincolnshire CCG,8/31/2018,C&M-GMS Cost of Drugs -Dispensing,LOCAL ENHANCED SERVICES,DR LAWRENSON & PARTNERS,23554325,"-53,610.20"
Department of Health,NHS South West Lincolnshire CCG,8/31/2018,C&M-GMS PrscChrgsCll&RmttdbyGPCntra,PRC DELEGATED CO-COMMISSIONING,DR LAWRENSON & PARTNERS,23554325,"-3,607.80"
Department of Health,NHS South West Lincolnshire CCG,8/31/2018,C&M-GMS Cost of Drugs -Dispensing,LOCAL ENHANCED SERVICES,DR LAWRENSON & PARTNERS,23554326,"106,697.63"
Department of Health,NHS South West Lincolnshire CCG,8/31/2018,C&M-GMS Prof Fees Dispensing,PRC DELEGATED CO-COMMISSIONING,DR LAWRENSON & PARTNERS,23554326,"19,484.93"
Department of Health,NHS South West Lincolnshire CCG,8/31/2018,C&M-GMS PrscrptnChrgsColl&RmttdbyGP,LOCAL ENHANCED SERVICES,DR LAWRENSON & PARTNERS,23554326,"3,607.80"
Department of Health,NHS South West Lincolnshire CCG,8/31/2018,C&M-GMS Cost of Drugs -Dispensing,LOCAL ENHANCED SERVICES,DR LEEPER & PARTNERS,23554327,"-74,756.78"
Department of Health,NHS South West Lincolnshire CCG,8/31/2018,C&M-GMS PrscChrgsCll&RmttdbyGPCntra,PRC DELEGATED CO-COMMISSIONING,DR LEEPER & PARTNERS,23554327,"-3,713.60"
Department of Health,NHS South West Lincolnshire CCG,8/31/2018,C&M-GMS Cost of Drugs -Dispensing,LOCAL ENHANCED SERVICES,DR LEEPER & PARTNERS,23554328,"147,543.41"
Department of Health,NHS South West Lincolnshire CCG,8/31/2018,C&M-GMS Prof Fees Dispensing,PRC DELEGATED CO-COMMISSIONING,DR LEEPER & PARTNERS,23554328,"27,274.21"
Department of Health,NHS South West Lincolnshire CCG,8/31/2018,C&M-GMS PrscrptnChrgsColl&RmttdbyGP,LOCAL ENHANCED SERVICES,DR LEEPER & PARTNERS,23554328,"3,713.60"
Department of Health,NHS South West Lincolnshire CCG,8/31/2018,C&M-GMS Cost of Drugs -Dispensing,LOCAL ENHANCED SERVICES,DR PARRY & PARTNERS SLEAFORD,23554330,"-95,760.00"
Department of Health,NHS South West Lincolnshire CCG,8/31/2018,C&M-GMS PrscChrgsCll&RmttdbyGPCntra,PRC DELEGATED CO-COMMISSIONING,DR PARRY & PARTNERS SLEAFORD,23554330,"-4,222.60"
Department of Health,NHS South West Lincolnshire CCG,8/31/2018,C&M-GMS Cost of Drugs -Dispensing,LOCAL ENHANCED SERVICES,DR PARRY & PARTNERS SLEAFORD,23554331,"177,135.70"
Department of Health,NHS South West Lincolnshire CCG,8/31/2018,C&M-GMS Prof Fees Dispensing,PRC DELEGATED CO-COMMISSIONING,DR PARRY & PARTNERS SLEAFORD,23554331,"39,949.42"
Department of Health,NHS South West Lincolnshire CCG,8/31/2018,C&M-GMS PrscrptnChrgsColl&RmttdbyGP,LOCAL ENHANCED SERVICES,DR PARRY & PARTNERS SLEAFORD,23554331,"4,222.60"
Department of Health,NHS South West Lincolnshire CCG,8/31/2018,C&M-GMS Cost of Drugs -Dispensing,LOCAL ENHANCED SERVICES,DR RYDER & PARTNERS,23554334,"37,340.01"
Department of Health,NHS South West Lincolnshire CCG,8/31/2018,C&M-GMS Prof Fees Dispensing,PRC DELEGATED CO-COMMISSIONING,DR RYDER & PARTNERS,23554334,"8,981.45"
Department of Health,NHS South West Lincolnshire CCG,8/31/2018,C&M-GMS PrscrptnChrgsColl&RmttdbyGP,LOCAL ENHANCED SERVICES,DR RYDER & PARTNERS,23554334,677.60
Department of Health,NHS South West Lincolnshire CCG,8/31/2018,C&M-GMS Cost of Drugs -Dispensing,LOCAL ENHANCED SERVICES,DR WEBSTER & PARTNERS,23554335,"-34,171.78"
Department of Health,NHS South West Lincolnshire CCG,8/31/2018,C&M-GMS PrscChrgsCll&RmttdbyGPCntra,PRC DELEGATED CO-COMMISSIONING,DR WEBSTER & PARTNERS,23554335,"-2,173.60"
Department of Health,NHS South West Lincolnshire CCG,8/31/2018,C&M-GMS Cost of Drugs -Dispensing,LOCAL ENHANCED SERVICES,DR WEBSTER & PARTNERS,23554336,"72,630.47"
Department of Health,NHS South West Lincolnshire CCG,8/31/2018,C&M-GMS Prof Fees Dispensing,PRC DELEGATED CO-COMMISSIONING,DR WEBSTER & PARTNERS,23554336,"13,384.09"
Department of Health,NHS South West Lincolnshire CCG,8/31/2018,C&M-GMS PrscrptnChrgsColl&RmttdbyGP,LOCAL ENHANCED SERVICES,DR WEBSTER & PARTNERS,23554336,"2,173.60"
Department of Health,NHS South West Lincolnshire CCG,8/31/2018,C&M-GMS Cost of Drugs -Dispensing,LOCAL ENHANCED SERVICES,DRS BAMBER & MCKECHNIE,23554338,"34,882.85"
Department of Health,NHS South West Lincolnshire CCG,8/31/2018,C&M-GMS Prof Fees Dispensing,PRC DELEGATED CO-COMMISSIONING,DRS BAMBER & MCKECHNIE,23554338,"7,037.69"
Department of Health,NHS South West Lincolnshire CCG,8/31/2018,C&M-GMS PrscrptnChrgsColl&RmttdbyGP,LOCAL ENHANCED SERVICES,DRS BAMBER & MCKECHNIE,23554338,906.40
Department of Health,NHS South West Lincolnshire CCG,8/31/2018,C&M-GMS Cost of Drugs -Dispensing,LOCAL ENHANCED SERVICES,DR VIJAYAN & PARTNERS,23554341,"33,908.72"
Department of Health,NHS South West Lincolnshire CCG,8/31/2018,C&M-GMS Prof Fees Dispensing,PRC DELEGATED CO-COMMISSIONING,DR VIJAYAN & PARTNERS,23554341,"6,638.45"
Department of Health,NHS South West Lincolnshire CCG,8/31/2018,C&M-GMS PrscrptnChrgsColl&RmttdbyGP,LOCAL ENHANCED SERVICES,DR VIJAYAN & PARTNERS,23554341,"1,064.80"
Department of Health,NHS South West Lincolnshire CCG,8/31/2018,C&M-GMS Cost of Drugs -Dispensing,LOCAL ENHANCED SERVICES,GLENSIDE COUNTRY PRACTICE,23554342,"-35,862.90"
Department of Health,NHS South West Lincolnshire CCG,8/31/2018,C&M-GMS PrscChrgsCll&RmttdbyGPCntra,PRC DELEGATED CO-COMMISSIONING,GLENSIDE COUNTRY PRACTICE,23554342,"-1,504.80"
Department of Health,NHS South West Lincolnshire CCG,8/31/2018,C&M-GMS Cost of Drugs -Dispensing,LOCAL ENHANCED SERVICES,GLENSIDE COUNTRY PRACTICE,23554343,"72,562.50"
Department of Health,NHS South West Lincolnshire CCG,8/31/2018,C&M-GMS Prof Fees Dispensing,PRC DELEGATED CO-COMMISSIONING,GLENSIDE COUNTRY PRACTICE,23554343,"14,549.80"
Department of Health,NHS South West Lincolnshire CCG,8/31/2018,C&M-GMS PrscrptnChrgsColl&RmttdbyGP,LOCAL ENHANCED SERVICES,GLENSIDE COUNTRY PRACTICE,23554343,"1,504.80"
Department of Health,NHS South West Lincolnshire CCG,8/31/2018,C&M-GMS Cost of Drugs -Dispensing,LOCAL ENHANCED SERVICES,WELBY PRACTICE (THE),23554345,"45,126.14"
Department of Health,NHS South West Lincolnshire CCG,8/31/2018,C&M-GMS Prof Fees Dispensing,PRC DELEGATED CO-COMMISSIONING,WELBY PRACTICE (THE),23554345,"8,171.93"
Department of Health,NHS South West Lincolnshire CCG,8/31/2018,C&M-GMS Prof Fees Prescribing,PRC DELEGATED CO-COMMISSIONING,WELBY PRACTICE (THE),23554345,"3,096.54"
Department of Health,NHS South West Lincolnshire CCG,8/31/2018,C&M-GMS PrscrptnChrgsColl&RmttdbyGP,LOCAL ENHANCED SERVICES,WELBY PRACTICE (THE),23554345,"1,082.40"
Department of Health,NHS South West Lincolnshire CCG,8/31/2018,Hcare Srv Rec Fdtn Trust-Contract Baseline,ACUTE COMMISSIONING,UNIVERSITY HOSPITALS OF DERBY & BURTON NHS FOUNDATION TRUST,23582663,"54,360.86"
Department of Health,NHS South West Lincolnshire CCG,8/31/2018,Hcare Srv Rec Fdtn Trust-Prior Year,ACUTE COMMISSIONING,NORTH WEST ANGLIA NHS FOUNDATION TRUST,23589283,"716,533.67"
Department of Health,NHS South West Lincolnshire CCG,8/31/2018,Hcare Srv Rec Fdtn Trust-Contract Baseline,ACUTE COMMISSIONING,NORTHERN LINCOLNSHIRE AND GOOLE HOSPITALS NHS FOUNDATION TRUST,23596805,"235,168.00"
Department of Health,NHS South West Lincolnshire CCG,8/31/2018,Hcare Srv Rec Fdtn Trust-Contract Baseline,ACUTE COMMISSIONING,UNIVERSITY HOSPITALS OF LEICESTER NHS TRUST,23611466,"119,285.00"
Department of Health,NHS South West Lincolnshire CCG,8/31/2018,Hcare Srv Rec Fdtn Trust-Contract Baseline,ACUTE COMMISSIONING,SHERWOOD FOREST HOSPITALS NHS FOUNDATION TRUST,23611468,"96,972.42"
Department of Health,NHS South West Lincolnshire CCG,8/31/2018,Clinical&Medical-Independent Sector,ACUTE COMMISSIONING,NOTTINGHAM WOODTHORPE HOSPITAL,23611470,"104,129.36"
Department of Health,NHS South West Lincolnshire CCG,8/31/2018,Clinical&Medical-Independent Sector,PATIENT TRANSPORT,THAMES AMBULANCE SERVICE LTD,23611473,"56,386.00"
Department of Health,NHS South West Lincolnshire CCG,8/31/2018,Hcare Srv Rec NHS Trust-Contract Baseline,COMMUNITY SERVICES,LINCS COMMUNITY HEALTH SERVICES NHS TRUST,23642990,"57,562.00"
Department of Health,NHS South West Lincolnshire CCG,8/31/2018,Clinical&Medical-Independent Sector,ACUTE COMMISSIONING,CIRCLE NOTTINGHAM LTD,23643065,"105,168.45"
Department of Health,NHS South West Lincolnshire CCG,8/31/2018,Clinical&Medical-Independent Sector,OUT OF HOURS,DHU 111 (EAST MIDLANDS) CIC,23643071,"-54,500.60"
Department of Health,NHS South West Lincolnshire CCG,8/31/2018,Clinical&Medical-Independent Sector,ACUTE COMMISSIONING,BMI HEALTHCARE COLLECTIONS,23661489,"36,515.16"
Department of Health,NHS South West Lincolnshire CCG,8/31/2018,Hcare Srv Rec Fdtn Trust-CQUIN,ACUTE COMMISSIONING,CAMBRIDGE UNIVERSITY HOSPITALS NHS FOUNDATION TRUST,23661500,308.08
Department of Health,NHS South West Lincolnshire CCG,8/31/2018,Hcare Srv Rec Fdtn Trust-Contract Baseline,ACUTE COMMISSIONING,CAMBRIDGE UNIVERSITY HOSPITALS NHS FOUNDATION TRUST,23661500,"25,820.83"
Department of Health,NHS South West Lincolnshire CCG,8/31/2018,Clinical&Medical-Independent Sector,OUT OF HOURS,DHU 111 (EAST MIDLANDS) CIC,23686163,"36,651.54"
Department of Health,NHS South West Lincolnshire CCG,8/31/2018,Hcare Srv Rec Fdtn Trust-Contract Baseline,MENTAL HEALTH CONTRACTS,LINCOLNSHIRE PARTNERSHIP NHS FOUNDATION TRUST,23703987,"183,218.00"
Department of Health,NHS South West Lincolnshire CCG,8/31/2018,Hcare Srv Rec Fdtn Trust-Contract Baseline,ACUTE COMMISSIONING,NORTH WEST ANGLIA NHS FOUNDATION TRUST,23704012,"372,655.17"
Department of Health,NHS South West Lincolnshire CCG,8/31/2018,Clinical&Medical-Independent Sector,ACUTE COMMISSIONING,ORTHOPAEDICS & SPINE SPECIALIST HOSPITAL,23704019,"62,723.00"
,,,,,,,
,,,,,,,"13,717,593.61"
