Department family,Entity,Date,Expense Type,Expense area,Supplier,Transaction number,AP Amount (�)
Department of Health,NHS South West Lincolnshire CCG,10/31/2018,Hcare Srv Rec Fdtn Trust-CQUIN,ACUTE COMMISSIONING,NORTH WEST ANGLIA NHS FOUNDATION TRUST,24115275,"4,297.25"
Department of Health,NHS South West Lincolnshire CCG,10/31/2018,Hcare Srv Rec Fdtn Trust-Contract Baseline,ACUTE COMMISSIONING,NORTH WEST ANGLIA NHS FOUNDATION TRUST,24115275,"368,357.92"
Department of Health,NHS South West Lincolnshire CCG,10/31/2018,Clinical&Medical-Independent Sector,ACUTE COMMISSIONING,BMI HEALTHCARE COLLECTIONS,24115286,"36,515.16"
Department of Health,NHS South West Lincolnshire CCG,10/31/2018,Clinical&Medical-Independent Sector,ACUTE COMMISSIONING,ORTHOPAEDICS & SPINE SPECIALIST HOSPITAL,24115289,"62,723.00"
Department of Health,NHS South West Lincolnshire CCG,10/31/2018,C&M-PMS Baseline Adjustment,PRC DELEGATED CO-COMMISSIONING,DR GALLOP & PARTNERS,24144986,"45,455.09"
Department of Health,NHS South West Lincolnshire CCG,10/31/2018,C&M-PMS GP Statutory Levy,PRC DELEGATED CO-COMMISSIONING,DR GALLOP & PARTNERS,24144986,4.18
Department of Health,NHS South West Lincolnshire CCG,10/31/2018,C&M-PMS Prem Notional Rent,PRC DELEGATED CO-COMMISSIONING,DR GALLOP & PARTNERS,24144986,"4,833.33"
Department of Health,NHS South West Lincolnshire CCG,10/31/2018,C&M-PMS QOF Aspiration,PRC DELEGATED CO-COMMISSIONING,DR GALLOP & PARTNERS,24144986,"4,520.73"
Department of Health,NHS South West Lincolnshire CCG,10/31/2018,C&M-PMS Voluntary Levy,PRC DELEGATED CO-COMMISSIONING,DR GALLOP & PARTNERS,24144986,0.50
Department of Health,NHS South West Lincolnshire CCG,10/31/2018,Hcare Srv Rec Fdtn Trust-Non Contract,NCAS/OATS,ROYAL MARSDEN NHS FOUNDATION TRUST (THE),24153086,"28,059.00"
Department of Health,NHS South West Lincolnshire CCG,10/31/2018,Chrgs from SLA,CONTRACT MANAGEMENT,OPTUM HEALTH SOLUTIONS (UK) LTD,24166873,"91,718.78"
Department of Health,NHS South West Lincolnshire CCG,10/31/2018,Chrgs from SLA,PRIMARY CARE IT,OPTUM HEALTH SOLUTIONS (UK) LTD,24166873,"33,780.34"
Department of Health,NHS South West Lincolnshire CCG,10/31/2018,Hcare Srv Rec NHS Trust-Over/ Under Performance,ACUTE COMMISSIONING,UNIVERSITY HOSPITALS OF LEICESTER NHS TRUST,24166878,"30,155.22"
Department of Health,NHS South West Lincolnshire CCG,10/31/2018,Hcare Srv Rec NHS Trust-CQUIN,AMBULANCE SERVICES,EAST MIDLANDS AMBULANCE SERVICE NHS TRUST,24166879,"3,913.00"
Department of Health,NHS South West Lincolnshire CCG,10/31/2018,Hcare Srv Rec NHS Trust-Contract Baseline,AMBULANCE SERVICES,EAST MIDLANDS AMBULANCE SERVICE NHS TRUST,24166879,"313,018.00"
Department of Health,NHS South West Lincolnshire CCG,10/31/2018,Clinical&Medical-Voluntary Sector,HOSPICES,ST BARNABAS HOSPICE TRUST,24203170,"66,550.27"
Department of Health,NHS South West Lincolnshire CCG,10/31/2018,Clinical&Medical-Voluntary Sector,HOSPICES,ST BARNABAS HOSPICE TRUST,24203176,"58,403.33"
Department of Health,NHS South West Lincolnshire CCG,10/31/2018,Clinical&Medical-Independent Sector,WHEELCHAIR SERVICE,MILLBROOK HEALTHCARE LTD,24203248,"25,382.62"
Department of Health,NHS South West Lincolnshire CCG,10/31/2018,Hcare Srv Rec NHS Trust-Contract Baseline,COMMUNITY SERVICES,LINCS COMMUNITY HEALTH SERVICES NHS TRUST,24203271,"784,794.13"
Department of Health,NHS South West Lincolnshire CCG,10/31/2018,Hcare Srv Rec Fdtn Trust-Contract Baseline,MENTAL HEALTH CONTRACTS,LINCOLNSHIRE PARTNERSHIP NHS FOUNDATION TRUST,24203276,"914,076.82"
Department of Health,NHS South West Lincolnshire CCG,10/31/2018,Hcare Srv Rec Fdtn Trust-Non Contract,IMPROVING ACCESS TO PSYCHOLOGICAL THERAPIES,LINCOLNSHIRE PARTNERSHIP NHS FOUNDATION TRUST,24203277,"52,000.00"
Department of Health,NHS South West Lincolnshire CCG,10/31/2018,Hcare Srv Rec NHS Trust-CQUIN,ACUTE COMMISSIONING,NOTTINGHAM UNIVERSITY HOSPITALS NHS TRUST,24222363,"14,217.00"
Department of Health,NHS South West Lincolnshire CCG,10/31/2018,Hcare Srv Rec NHS Trust-Contract Baseline,ACUTE COMMISSIONING,NOTTINGHAM UNIVERSITY HOSPITALS NHS TRUST,24222363,"594,417.00"
Department of Health,NHS South West Lincolnshire CCG,10/31/2018,Hcare Srv Rec Fdtn Trust-Contract Baseline,ACUTE COMMISSIONING,NORTHERN LINCOLNSHIRE AND GOOLE HOSPITALS NHS FOUNDATION TRUST,24222378,"36,308.00"
Department of Health,NHS South West Lincolnshire CCG,10/31/2018,Hcare Srv Rec Fdtn Trust-Contract Baseline,ACUTE COMMISSIONING,NORTHERN LINCOLNSHIRE AND GOOLE HOSPITALS NHS FOUNDATION TRUST,24222383,"-36,308.00"
Department of Health,NHS South West Lincolnshire CCG,10/31/2018,Hcare Srv Rec Fdtn Trust-Contract Baseline,ACUTE COMMISSIONING,NORTHERN LINCOLNSHIRE AND GOOLE HOSPITALS NHS FOUNDATION TRUST,24222407,"-36,308.00"
Department of Health,NHS South West Lincolnshire CCG,10/31/2018,Clinical&Medical-Independent Sector,ACUTE COMMISSIONING,FITZWILLIAM HOSPITAL,24231288,"135,654.83"
Department of Health,NHS South West Lincolnshire CCG,10/31/2018,Clinical&Medical-Independent Sector,ACUTE COMMISSIONING,BOSTON WEST HOSPITAL,24231291,"58,079.37"
Department of Health,NHS South West Lincolnshire CCG,10/31/2018,Clinical&Medical-Independent Sector,ACUTE COMMISSIONING,NOTTINGHAM WOODTHORPE HOSPITAL,24246969,"51,297.47"
Department of Health,NHS South West Lincolnshire CCG,10/31/2018,Hcare Srv Rec Fdtn Trust-Non Contract,IMPROVING ACCESS TO PSYCHOLOGICAL THERAPIES,LINCOLNSHIRE PARTNERSHIP NHS FOUNDATION TRUST,24262083,"61,279.05"
Department of Health,NHS South West Lincolnshire CCG,10/31/2018,Clinical&Medical-Independent Sector,Winter Resilience,SLEAFORD MEDICAL GROUP,24269850,"71,000.00"
Department of Health,NHS South West Lincolnshire CCG,10/31/2018,Hcare Srv Rec NHS Trust-Over/ Under Performance,AMBULANCE SERVICES,EAST MIDLANDS AMBULANCE SERVICE NHS TRUST,24283646,"36,653.00"
Department of Health,NHS South West Lincolnshire CCG,10/31/2018,C&M-GMS DES Extended Hours Access,PRC DELEGATED CO-COMMISSIONING,DR AJ WATTS & PARTNERS,24299222,"4,290.20"
Department of Health,NHS South West Lincolnshire CCG,10/31/2018,C&M-GMS DES Learn Dsblty Hlth Chk,PRC DELEGATED CO-COMMISSIONING,DR AJ WATTS & PARTNERS,24299222,420.00
Department of Health,NHS South West Lincolnshire CCG,10/31/2018,C&M-GMS DES Minor Surgery,PRC DELEGATED CO-COMMISSIONING,DR AJ WATTS & PARTNERS,24299222,"2,351.65"
Department of Health,NHS South West Lincolnshire CCG,10/31/2018,C&M-GMS Global Sum,PRC DELEGATED CO-COMMISSIONING,DR AJ WATTS & PARTNERS,24299222,"76,769.07"
Department of Health,NHS South West Lincolnshire CCG,10/31/2018,C&M-GMS Prem Notional Rent,PRC DELEGATED CO-COMMISSIONING,DR AJ WATTS & PARTNERS,24299222,"3,516.67"
Department of Health,NHS South West Lincolnshire CCG,10/31/2018,C&M-GMS Prem Water Rates,PRC DELEGATED CO-COMMISSIONING,DR AJ WATTS & PARTNERS,24299222,202.25
Department of Health,NHS South West Lincolnshire CCG,10/31/2018,C&M-GMS QOF Aspiration,PRC DELEGATED CO-COMMISSIONING,DR AJ WATTS & PARTNERS,24299222,"7,501.91"
Department of Health,NHS South West Lincolnshire CCG,10/31/2018,C&M-GMS Global Sum,PRC DELEGATED CO-COMMISSIONING,DR ALLSEBROOK & PARTNERS,24299224,"41,040.28"
Department of Health,NHS South West Lincolnshire CCG,10/31/2018,C&M-GMS MPIG Correction Factor,PRC DELEGATED CO-COMMISSIONING,DR ALLSEBROOK & PARTNERS,24299224,567.73
Department of Health,NHS South West Lincolnshire CCG,10/31/2018,C&M-GMS QOF Aspiration,PRC DELEGATED CO-COMMISSIONING,DR ALLSEBROOK & PARTNERS,24299224,"4,297.80"
Department of Health,NHS South West Lincolnshire CCG,10/31/2018,C&M-GMS DES Extended Hours Access,PRC DELEGATED CO-COMMISSIONING,DR G ENNIS,24299226,870.20
Department of Health,NHS South West Lincolnshire CCG,10/31/2018,C&M-GMS DES Minor Surgery,PRC DELEGATED CO-COMMISSIONING,DR G ENNIS,24299226,"1,525.86"
Department of Health,NHS South West Lincolnshire CCG,10/31/2018,C&M-GMS Global Sum,PRC DELEGATED CO-COMMISSIONING,DR G ENNIS,24299226,"28,256.20"
Department of Health,NHS South West Lincolnshire CCG,10/31/2018,C&M-GMS MPIG Correction Factor,PRC DELEGATED CO-COMMISSIONING,DR G ENNIS,24299226,582.00
Department of Health,NHS South West Lincolnshire CCG,10/31/2018,C&M-GMS Prem Notional Rent,PRC DELEGATED CO-COMMISSIONING,DR G ENNIS,24299226,"4,750.00"
Department of Health,NHS South West Lincolnshire CCG,10/31/2018,C&M-GMS QOF Aspiration,PRC DELEGATED CO-COMMISSIONING,DR G ENNIS,24299226,"2,416.81"
Department of Health,NHS South West Lincolnshire CCG,10/31/2018,C&M-GMS DES Extended Hours Access,PRC DELEGATED CO-COMMISSIONING,DR JB ELDER & PARTNERS,24299228,"2,234.88"
Department of Health,NHS South West Lincolnshire CCG,10/31/2018,C&M-GMS DES Minor Surgery,PRC DELEGATED CO-COMMISSIONING,DR JB ELDER & PARTNERS,24299228,"3,059.07"
Department of Health,NHS South West Lincolnshire CCG,10/31/2018,C&M-GMS Global Sum,PRC DELEGATED CO-COMMISSIONING,DR JB ELDER & PARTNERS,24299228,"39,243.31"
Department of Health,NHS South West Lincolnshire CCG,10/31/2018,C&M-GMS MPIG Correction Factor,PRC DELEGATED CO-COMMISSIONING,DR JB ELDER & PARTNERS,24299228,170.58
Department of Health,NHS South West Lincolnshire CCG,10/31/2018,C&M-GMS QOF Aspiration,PRC DELEGATED CO-COMMISSIONING,DR JB ELDER & PARTNERS,24299228,"3,811.17"
Department of Health,NHS South West Lincolnshire CCG,10/31/2018,C&M-GMS DES Minor Surgery,PRC DELEGATED CO-COMMISSIONING,DR LAWRENSON & PARTNERS,24299230,"1,873.20"
Department of Health,NHS South West Lincolnshire CCG,10/31/2018,C&M-GMS Global Sum,PRC DELEGATED CO-COMMISSIONING,DR LAWRENSON & PARTNERS,24299230,"50,704.73"
Department of Health,NHS South West Lincolnshire CCG,10/31/2018,C&M-GMS Prem Actual Rent,PRC DELEGATED CO-COMMISSIONING,DR LAWRENSON & PARTNERS,24299230,"25,015.40"
Department of Health,NHS South West Lincolnshire CCG,10/31/2018,C&M-GMS Prem Water Rates,PRC DELEGATED CO-COMMISSIONING,DR LAWRENSON & PARTNERS,24299230,360.23
Department of Health,NHS South West Lincolnshire CCG,10/31/2018,C&M-GMS QOF Aspiration,PRC DELEGATED CO-COMMISSIONING,DR LAWRENSON & PARTNERS,24299230,"5,288.83"
Department of Health,NHS South West Lincolnshire CCG,10/31/2018,C&M-GMS DES Extended Hours Access,PRC DELEGATED CO-COMMISSIONING,DR LEEPER & PARTNERS,24299232,"2,253.88"
Department of Health,NHS South West Lincolnshire CCG,10/31/2018,C&M-GMS DES Minor Surgery,PRC DELEGATED CO-COMMISSIONING,DR LEEPER & PARTNERS,24299232,"1,176.56"
Department of Health,NHS South West Lincolnshire CCG,10/31/2018,C&M-GMS Global Sum,PRC DELEGATED CO-COMMISSIONING,DR LEEPER & PARTNERS,24299232,"46,606.91"
Department of Health,NHS South West Lincolnshire CCG,10/31/2018,C&M-GMS Prem Water Rates,PRC DELEGATED CO-COMMISSIONING,DR LEEPER & PARTNERS,24299232,145.83
Department of Health,NHS South West Lincolnshire CCG,10/31/2018,C&M-GMS QOF Aspiration,PRC DELEGATED CO-COMMISSIONING,DR LEEPER & PARTNERS,24299232,"4,426.07"
Department of Health,NHS South West Lincolnshire CCG,10/31/2018,C&M-GMS DES Extended Hours Access,PRC DELEGATED CO-COMMISSIONING,DR PARKIN & PARTNERS GRANTHAM,24299234,"7,463.20"
Department of Health,NHS South West Lincolnshire CCG,10/31/2018,C&M-GMS Global Sum,PRC DELEGATED CO-COMMISSIONING,DR PARKIN & PARTNERS GRANTHAM,24299234,"120,089.56"
Department of Health,NHS South West Lincolnshire CCG,10/31/2018,C&M-GMS MPIG Correction Factor,PRC DELEGATED CO-COMMISSIONING,DR PARKIN & PARTNERS GRANTHAM,24299234,"5,183.13"
Department of Health,NHS South West Lincolnshire CCG,10/31/2018,C&M-GMS Prem Notional Rent,PRC DELEGATED CO-COMMISSIONING,DR PARKIN & PARTNERS GRANTHAM,24299234,"7,456.25"
Department of Health,NHS South West Lincolnshire CCG,10/31/2018,C&M-GMS QOF Aspiration,PRC DELEGATED CO-COMMISSIONING,DR PARKIN & PARTNERS GRANTHAM,24299234,"16,675.22"
Department of Health,NHS South West Lincolnshire CCG,10/31/2018,C&M-GMS DES Extended Hours Access,PRC DELEGATED CO-COMMISSIONING,DR PARRY & PARTNERS SLEAFORD,24299236,"3,051.88"
Department of Health,NHS South West Lincolnshire CCG,10/31/2018,C&M-GMS DES Minor Surgery,PRC DELEGATED CO-COMMISSIONING,DR PARRY & PARTNERS SLEAFORD,24299236,827.75
Department of Health,NHS South West Lincolnshire CCG,10/31/2018,C&M-GMS Global Sum,PRC DELEGATED CO-COMMISSIONING,DR PARRY & PARTNERS SLEAFORD,24299236,"59,564.28"
Department of Health,NHS South West Lincolnshire CCG,10/31/2018,C&M-GMS Prem Actual Rent,PRC DELEGATED CO-COMMISSIONING,DR PARRY & PARTNERS SLEAFORD,24299236,"3,899.19"
Department of Health,NHS South West Lincolnshire CCG,10/31/2018,C&M-GMS Prem Water Rates,PRC DELEGATED CO-COMMISSIONING,DR PARRY & PARTNERS SLEAFORD,24299236,124.69
Department of Health,NHS South West Lincolnshire CCG,10/31/2018,C&M-GMS QOF Aspiration,PRC DELEGATED CO-COMMISSIONING,DR PARRY & PARTNERS SLEAFORD,24299236,"6,695.56"
Department of Health,NHS South West Lincolnshire CCG,10/31/2018,C&M-GMS DES Minor Surgery,PRC DELEGATED CO-COMMISSIONING,DR MTC HIGGINS & PARTNERS,24299238,"1,485.75"
Department of Health,NHS South West Lincolnshire CCG,10/31/2018,C&M-GMS DES Violent Patients,PRC DELEGATED CO-COMMISSIONING,DR MTC HIGGINS & PARTNERS,24299238,"1,930.50"
Department of Health,NHS South West Lincolnshire CCG,10/31/2018,C&M-GMS Global Sum,PRC DELEGATED CO-COMMISSIONING,DR MTC HIGGINS & PARTNERS,24299238,"58,172.80"
Department of Health,NHS South West Lincolnshire CCG,10/31/2018,C&M-GMS MPIG Correction Factor,PRC DELEGATED CO-COMMISSIONING,DR MTC HIGGINS & PARTNERS,24299238,907.41
Department of Health,NHS South West Lincolnshire CCG,10/31/2018,C&M-GMS Prem Notional Rent,PRC DELEGATED CO-COMMISSIONING,DR MTC HIGGINS & PARTNERS,24299238,"5,037.33"
Department of Health,NHS South West Lincolnshire CCG,10/31/2018,C&M-GMS QOF Aspiration,PRC DELEGATED CO-COMMISSIONING,DR MTC HIGGINS & PARTNERS,24299238,"7,251.36"
Department of Health,NHS South West Lincolnshire CCG,10/31/2018,C&M-GMS DES Extended Hours Access,PRC DELEGATED CO-COMMISSIONING,DR RYDER & PARTNERS,24299240,"3,648.00"
Department of Health,NHS South West Lincolnshire CCG,10/31/2018,C&M-GMS DES Minor Surgery,PRC DELEGATED CO-COMMISSIONING,DR RYDER & PARTNERS,24299240,43.54
Department of Health,NHS South West Lincolnshire CCG,10/31/2018,C&M-GMS Global Sum,PRC DELEGATED CO-COMMISSIONING,DR RYDER & PARTNERS,24299240,"69,221.60"
Department of Health,NHS South West Lincolnshire CCG,10/31/2018,C&M-GMS Prem Actual Rent,PRC DELEGATED CO-COMMISSIONING,DR RYDER & PARTNERS,24299240,"34,440.00"
Department of Health,NHS South West Lincolnshire CCG,10/31/2018,C&M-GMS QOF Aspiration,PRC DELEGATED CO-COMMISSIONING,DR RYDER & PARTNERS,24299240,"6,432.22"
Department of Health,NHS South West Lincolnshire CCG,10/31/2018,C&M-GMS DES Extended Hours Access,PRC DELEGATED CO-COMMISSIONING,DR WEBSTER & PARTNERS,24299242,"8,587.05"
Department of Health,NHS South West Lincolnshire CCG,10/31/2018,C&M-GMS DES Minor Surgery,PRC DELEGATED CO-COMMISSIONING,DR WEBSTER & PARTNERS,24299242,"11,714.78"
Department of Health,NHS South West Lincolnshire CCG,10/31/2018,C&M-GMS Global Sum,PRC DELEGATED CO-COMMISSIONING,DR WEBSTER & PARTNERS,24299242,"137,065.21"
Department of Health,NHS South West Lincolnshire CCG,10/31/2018,C&M-GMS Prem Notional Rent,PRC DELEGATED CO-COMMISSIONING,DR WEBSTER & PARTNERS,24299242,"12,683.33"
Department of Health,NHS South West Lincolnshire CCG,10/31/2018,C&M-GMS QOF Aspiration,PRC DELEGATED CO-COMMISSIONING,DR WEBSTER & PARTNERS,24299242,"16,479.95"
Department of Health,NHS South West Lincolnshire CCG,10/31/2018,C&M-GMS DES Extended Hours Access,PRC DELEGATED CO-COMMISSIONING,DR TEDBURY & PARTNERS,24299246,"7,121.68"
Department of Health,NHS South West Lincolnshire CCG,10/31/2018,C&M-GMS DES Learn Dsblty Hlth Chk,PRC DELEGATED CO-COMMISSIONING,DR TEDBURY & PARTNERS,24299246,"2,380.00"
Department of Health,NHS South West Lincolnshire CCG,10/31/2018,C&M-GMS DES Minor Surgery,PRC DELEGATED CO-COMMISSIONING,DR TEDBURY & PARTNERS,24299246,"3,314.92"
Department of Health,NHS South West Lincolnshire CCG,10/31/2018,C&M-GMS Global Sum,PRC DELEGATED CO-COMMISSIONING,DR TEDBURY & PARTNERS,24299246,"104,130.66"
Department of Health,NHS South West Lincolnshire CCG,10/31/2018,C&M-GMS MPIG Correction Factor,PRC DELEGATED CO-COMMISSIONING,DR TEDBURY & PARTNERS,24299246,71.53
Department of Health,NHS South West Lincolnshire CCG,10/31/2018,C&M-GMS Prem Notional Rent,PRC DELEGATED CO-COMMISSIONING,DR TEDBURY & PARTNERS,24299246,"6,759.02"
Department of Health,NHS South West Lincolnshire CCG,10/31/2018,C&M-GMS Prem Water Rates,PRC DELEGATED CO-COMMISSIONING,DR TEDBURY & PARTNERS,24299246,195.22
Department of Health,NHS South West Lincolnshire CCG,10/31/2018,C&M-GMS QOF Aspiration,PRC DELEGATED CO-COMMISSIONING,DR TEDBURY & PARTNERS,24299246,"11,329.16"
Department of Health,NHS South West Lincolnshire CCG,10/31/2018,C&M-GMS DES Extended Hours Access,PRC DELEGATED CO-COMMISSIONING,DR VIJAYAN & PARTNERS,24299248,"4,668.30"
Department of Health,NHS South West Lincolnshire CCG,10/31/2018,C&M-GMS DES Minor Surgery,PRC DELEGATED CO-COMMISSIONING,DR VIJAYAN & PARTNERS,24299248,"5,279.12"
Department of Health,NHS South West Lincolnshire CCG,10/31/2018,C&M-GMS Global Sum,PRC DELEGATED CO-COMMISSIONING,DR VIJAYAN & PARTNERS,24299248,"85,565.61"
Department of Health,NHS South West Lincolnshire CCG,10/31/2018,C&M-GMS MPIG Correction Factor,PRC DELEGATED CO-COMMISSIONING,DR VIJAYAN & PARTNERS,24299248,"1,605.94"
Department of Health,NHS South West Lincolnshire CCG,10/31/2018,C&M-GMS Prem Notional Rent,PRC DELEGATED CO-COMMISSIONING,DR VIJAYAN & PARTNERS,24299248,"4,394.91"
Department of Health,NHS South West Lincolnshire CCG,10/31/2018,C&M-GMS QOF Aspiration,PRC DELEGATED CO-COMMISSIONING,DR VIJAYAN & PARTNERS,24299248,"8,997.27"
Department of Health,NHS South West Lincolnshire CCG,10/31/2018,C&M-GMS DES Extended Hours Access,PRC DELEGATED CO-COMMISSIONING,GLENSIDE COUNTRY PRACTICE,24299250,"1,632.10"
Department of Health,NHS South West Lincolnshire CCG,10/31/2018,C&M-GMS DES Learn Dsblty Hlth Chk,PRC DELEGATED CO-COMMISSIONING,GLENSIDE COUNTRY PRACTICE,24299250,420.00
Department of Health,NHS South West Lincolnshire CCG,10/31/2018,C&M-GMS DES Minor Surgery,PRC DELEGATED CO-COMMISSIONING,GLENSIDE COUNTRY PRACTICE,24299250,"2,929.92"
Department of Health,NHS South West Lincolnshire CCG,10/31/2018,C&M-GMS Global Sum,PRC DELEGATED CO-COMMISSIONING,GLENSIDE COUNTRY PRACTICE,24299250,"28,491.88"
Department of Health,NHS South West Lincolnshire CCG,10/31/2018,C&M-GMS MPIG Correction Factor,PRC DELEGATED CO-COMMISSIONING,GLENSIDE COUNTRY PRACTICE,24299250,"1,060.30"
Department of Health,NHS South West Lincolnshire CCG,10/31/2018,C&M-GMS Prem Notional Rent,PRC DELEGATED CO-COMMISSIONING,GLENSIDE COUNTRY PRACTICE,24299250,"4,187.50"
Department of Health,NHS South West Lincolnshire CCG,10/31/2018,C&M-GMS QOF Aspiration,PRC DELEGATED CO-COMMISSIONING,GLENSIDE COUNTRY PRACTICE,24299250,"2,708.12"
Department of Health,NHS South West Lincolnshire CCG,10/31/2018,C&M-GMS DES Extended Hours Access,PRC DELEGATED CO-COMMISSIONING,WELBY PRACTICE (THE),24299252,"2,134.65"
Department of Health,NHS South West Lincolnshire CCG,10/31/2018,C&M-GMS Global Sum,PRC DELEGATED CO-COMMISSIONING,WELBY PRACTICE (THE),24299252,"65,214.75"
Department of Health,NHS South West Lincolnshire CCG,10/31/2018,C&M-GMS MPIG Correction Factor,PRC DELEGATED CO-COMMISSIONING,WELBY PRACTICE (THE),24299252,"3,218.70"
Department of Health,NHS South West Lincolnshire CCG,10/31/2018,C&M-GMS PCO Other,PRC DELEGATED CO-COMMISSIONING,WELBY PRACTICE (THE),24299252,"3,845.00"
Department of Health,NHS South West Lincolnshire CCG,10/31/2018,C&M-GMS Prem Notional Rent,PRC DELEGATED CO-COMMISSIONING,WELBY PRACTICE (THE),24299252,"7,954.16"
Department of Health,NHS South West Lincolnshire CCG,10/31/2018,C&M-GMS QOF Aspiration,PRC DELEGATED CO-COMMISSIONING,WELBY PRACTICE (THE),24299252,"5,616.28"
Department of Health,NHS South West Lincolnshire CCG,10/31/2018,Hcare Srv Rec NHS Trust-Over/ Under Performance,ACUTE COMMISSIONING,UNITED LINCOLNSHIRE HOSPITALS NHS TRUST,24302215,"1,121,907.78"
Department of Health,NHS South West Lincolnshire CCG,10/31/2018,Hcare Srv Rec NHS Trust-Prior Year,ACUTE COMMISSIONING,UNITED LINCOLNSHIRE HOSPITALS NHS TRUST,24302222,"-162,509.68"
Department of Health,NHS South West Lincolnshire CCG,10/31/2018,Hcare Srv Rec NHS Trust-Prior Year,ACUTE COMMISSIONING,UNITED LINCOLNSHIRE HOSPITALS NHS TRUST,24302248,"100,748.40"
Department of Health,NHS South West Lincolnshire CCG,10/31/2018,Clinical&Medical-Independent Sector,PROGRAMME PROJECTS,SPECSAVERS HEARCARE LTD,24302451,"26,241.50"
Department of Health,NHS South West Lincolnshire CCG,10/31/2018,Hcare Srv Rec NHS Trust-Prior Year,ACUTE COMMISSIONING,UNITED LINCOLNSHIRE HOSPITALS NHS TRUST,24303037,"-28,972.75"
Department of Health,NHS South West Lincolnshire CCG,10/31/2018,Income tax <1Yr,BALANCE SHEET,HMRC,24318740,"27,145.53"
Department of Health,NHS South West Lincolnshire CCG,10/31/2018,Income tax <1Yr-Student Loans,BALANCE SHEET,HMRC,24318740,421.00
Department of Health,NHS South West Lincolnshire CCG,10/31/2018,National Insurance < 1 yr-NI- ERS,BALANCE SHEET,HMRC,24318740,"17,621.65"
Department of Health,NHS South West Lincolnshire CCG,10/31/2018,National Insurance < 1 yr-NI-EES,BALANCE SHEET,HMRC,24318740,"12,979.31"
Department of Health,NHS South West Lincolnshire CCG,10/31/2018,Computer Software/License,COMMISSIONING SCHEMES,FIRST DATABANK,24320044,"49,705.52"
Department of Health,NHS South West Lincolnshire CCG,10/31/2018,Clinical&Medical-Independent Sector,ACUTE COMMISSIONING,NOTTINGHAM WOODTHORPE HOSPITAL,24320069,"28,118.89"
Department of Health,NHS South West Lincolnshire CCG,10/31/2018,Clinical&Medical-Clinical Other,LONG TERM CONDITIONS,DIABETES UK,24353341,"72,000.00"
Department of Health,NHS South West Lincolnshire CCG,10/31/2018,Clinical&Medical-Independent Sector,ACUTE COMMISSIONING,CIRCLE NOTTINGHAM LTD,24377101,"110,975.35"
Department of Health,NHS South West Lincolnshire CCG,10/31/2018,Hcare Srv Rec NHS Trust-CQUIN,ACUTE COMMISSIONING,UNITED LINCOLNSHIRE HOSPITALS NHS TRUST,24378088,"57,689.76"
Department of Health,NHS South West Lincolnshire CCG,10/31/2018,Hcare Srv Rec NHS Trust-Contract Baseline,ACUTE COMMISSIONING,UNITED LINCOLNSHIRE HOSPITALS NHS TRUST,24378088,"4,822,422.05"
Department of Health,NHS South West Lincolnshire CCG,10/31/2018,Clinical&Medical-Independent Sector,PATIENT TRANSPORT,THAMES AMBULANCE SERVICE LTD,24378093,"56,386.00"
Department of Health,NHS South West Lincolnshire CCG,10/31/2018,C&M-GMS Cost of Drugs -Dispensing,LOCAL ENHANCED SERVICES,DR AJ WATTS & PARTNERS,24396269,"-112,658.50"
Department of Health,NHS South West Lincolnshire CCG,10/31/2018,C&M-GMS PrscChrgsCll&RmttdbyGPCntra,PRC DELEGATED CO-COMMISSIONING,DR AJ WATTS & PARTNERS,24396269,"-6,300.80"
Department of Health,NHS South West Lincolnshire CCG,10/31/2018,C&M-GMS Cost of Drugs -Dispensing,LOCAL ENHANCED SERVICES,DR AJ WATTS & PARTNERS,24396270,"203,381.41"
Department of Health,NHS South West Lincolnshire CCG,10/31/2018,C&M-GMS Prof Fees Dispensing,PRC DELEGATED CO-COMMISSIONING,DR AJ WATTS & PARTNERS,24396270,"43,491.94"
Department of Health,NHS South West Lincolnshire CCG,10/31/2018,C&M-GMS PrscrptnChrgsColl&RmttdbyGP,LOCAL ENHANCED SERVICES,DR AJ WATTS & PARTNERS,24396270,"6,300.80"
Department of Health,NHS South West Lincolnshire CCG,10/31/2018,C&M-GMS Cost of Drugs -Dispensing,LOCAL ENHANCED SERVICES,DR G ENNIS,24396272,"-31,727.66"
Department of Health,NHS South West Lincolnshire CCG,10/31/2018,C&M-GMS PrscChrgsCll&RmttdbyGPCntra,PRC DELEGATED CO-COMMISSIONING,DR G ENNIS,24396272,"-2,411.20"
Department of Health,NHS South West Lincolnshire CCG,10/31/2018,C&M-GMS Cost of Drugs -Dispensing,LOCAL ENHANCED SERVICES,DR G ENNIS,24396273,"55,531.11"
Department of Health,NHS South West Lincolnshire CCG,10/31/2018,C&M-GMS Prof Fees Dispensing,PRC DELEGATED CO-COMMISSIONING,DR G ENNIS,24396273,"10,965.53"
Department of Health,NHS South West Lincolnshire CCG,10/31/2018,C&M-GMS PrscrptnChrgsColl&RmttdbyGP,LOCAL ENHANCED SERVICES,DR G ENNIS,24396273,"2,411.20"
Department of Health,NHS South West Lincolnshire CCG,10/31/2018,C&M-GMS Cost of Drugs -Dispensing,LOCAL ENHANCED SERVICES,DR JB ELDER & PARTNERS,24396275,"-47,479.00"
Department of Health,NHS South West Lincolnshire CCG,10/31/2018,C&M-GMS PrscChrgsCll&RmttdbyGPCntra,PRC DELEGATED CO-COMMISSIONING,DR JB ELDER & PARTNERS,24396275,"-2,587.20"
Department of Health,NHS South West Lincolnshire CCG,10/31/2018,C&M-GMS Cost of Drugs -Dispensing,LOCAL ENHANCED SERVICES,DR JB ELDER & PARTNERS,24396276,"92,684.33"
Department of Health,NHS South West Lincolnshire CCG,10/31/2018,C&M-GMS Prof Fees Dispensing,PRC DELEGATED CO-COMMISSIONING,DR JB ELDER & PARTNERS,24396276,"14,779.27"
Department of Health,NHS South West Lincolnshire CCG,10/31/2018,C&M-GMS PrscrptnChrgsColl&RmttdbyGP,LOCAL ENHANCED SERVICES,DR JB ELDER & PARTNERS,24396276,"2,587.20"
Department of Health,NHS South West Lincolnshire CCG,10/31/2018,C&M-GMS Cost of Drugs -Dispensing,LOCAL ENHANCED SERVICES,DR LAWRENSON & PARTNERS,24396277,"-56,603.60"
Department of Health,NHS South West Lincolnshire CCG,10/31/2018,C&M-GMS PrscChrgsCll&RmttdbyGPCntra,PRC DELEGATED CO-COMMISSIONING,DR LAWRENSON & PARTNERS,24396277,"-3,704.80"
Department of Health,NHS South West Lincolnshire CCG,10/31/2018,C&M-GMS Cost of Drugs -Dispensing,LOCAL ENHANCED SERVICES,DR LAWRENSON & PARTNERS,24396278,"102,133.67"
Department of Health,NHS South West Lincolnshire CCG,10/31/2018,C&M-GMS Prof Fees Dispensing,PRC DELEGATED CO-COMMISSIONING,DR LAWRENSON & PARTNERS,24396278,"19,828.44"
Department of Health,NHS South West Lincolnshire CCG,10/31/2018,C&M-GMS PrscrptnChrgsColl&RmttdbyGP,LOCAL ENHANCED SERVICES,DR LAWRENSON & PARTNERS,24396278,"3,704.80"
Department of Health,NHS South West Lincolnshire CCG,10/31/2018,C&M-GMS Cost of Drugs -Dispensing,LOCAL ENHANCED SERVICES,DR LEEPER & PARTNERS,24396279,"-79,944.60"
Department of Health,NHS South West Lincolnshire CCG,10/31/2018,C&M-GMS PrscChrgsCll&RmttdbyGPCntra,PRC DELEGATED CO-COMMISSIONING,DR LEEPER & PARTNERS,24396279,"-3,018.40"
Department of Health,NHS South West Lincolnshire CCG,10/31/2018,C&M-GMS Cost of Drugs -Dispensing,LOCAL ENHANCED SERVICES,DR LEEPER & PARTNERS,24396280,"151,325.05"
Department of Health,NHS South West Lincolnshire CCG,10/31/2018,C&M-GMS Prof Fees Dispensing,PRC DELEGATED CO-COMMISSIONING,DR LEEPER & PARTNERS,24396280,"28,458.94"
Department of Health,NHS South West Lincolnshire CCG,10/31/2018,C&M-GMS PrscrptnChrgsColl&RmttdbyGP,LOCAL ENHANCED SERVICES,DR LEEPER & PARTNERS,24396280,"3,018.40"
Department of Health,NHS South West Lincolnshire CCG,10/31/2018,C&M-GMS Cost of Drugs -Dispensing,LOCAL ENHANCED SERVICES,DR PARRY & PARTNERS SLEAFORD,24396282,"-101,773.80"
Department of Health,NHS South West Lincolnshire CCG,10/31/2018,C&M-GMS PrscChrgsCll&RmttdbyGPCntra,PRC DELEGATED CO-COMMISSIONING,DR PARRY & PARTNERS SLEAFORD,24396282,"-3,933.40"
Department of Health,NHS South West Lincolnshire CCG,10/31/2018,C&M-GMS Cost of Drugs -Dispensing,LOCAL ENHANCED SERVICES,DR PARRY & PARTNERS SLEAFORD,24396283,"177,936.06"
Department of Health,NHS South West Lincolnshire CCG,10/31/2018,C&M-GMS Prof Fees Dispensing,PRC DELEGATED CO-COMMISSIONING,DR PARRY & PARTNERS SLEAFORD,24396283,"41,316.38"
Department of Health,NHS South West Lincolnshire CCG,10/31/2018,C&M-GMS PrscrptnChrgsColl&RmttdbyGP,LOCAL ENHANCED SERVICES,DR PARRY & PARTNERS SLEAFORD,24396283,"3,933.40"
Department of Health,NHS South West Lincolnshire CCG,10/31/2018,C&M-GMS Cost of Drugs -Dispensing,LOCAL ENHANCED SERVICES,DR RYDER & PARTNERS,24396286,"49,250.34"
Department of Health,NHS South West Lincolnshire CCG,10/31/2018,C&M-GMS Prof Fees Dispensing,PRC DELEGATED CO-COMMISSIONING,DR RYDER & PARTNERS,24396286,"8,065.55"
Department of Health,NHS South West Lincolnshire CCG,10/31/2018,C&M-GMS PrscrptnChrgsColl&RmttdbyGP,LOCAL ENHANCED SERVICES,DR RYDER & PARTNERS,24396286,440.00
Department of Health,NHS South West Lincolnshire CCG,10/31/2018,C&M-GMS Cost of Drugs -Dispensing,LOCAL ENHANCED SERVICES,DR WEBSTER & PARTNERS,24396287,"-34,397.85"
Department of Health,NHS South West Lincolnshire CCG,10/31/2018,C&M-GMS PrscChrgsCll&RmttdbyGPCntra,PRC DELEGATED CO-COMMISSIONING,DR WEBSTER & PARTNERS,24396287,"-1,540.00"
Department of Health,NHS South West Lincolnshire CCG,10/31/2018,C&M-GMS Cost of Drugs -Dispensing,LOCAL ENHANCED SERVICES,DR WEBSTER & PARTNERS,24396288,"73,772.44"
Department of Health,NHS South West Lincolnshire CCG,10/31/2018,C&M-GMS Prof Fees Dispensing,PRC DELEGATED CO-COMMISSIONING,DR WEBSTER & PARTNERS,24396288,"13,001.78"
Department of Health,NHS South West Lincolnshire CCG,10/31/2018,C&M-GMS PrscrptnChrgsColl&RmttdbyGP,LOCAL ENHANCED SERVICES,DR WEBSTER & PARTNERS,24396288,"1,540.00"
Department of Health,NHS South West Lincolnshire CCG,10/31/2018,C&M-GMS Cost of Drugs -Dispensing,LOCAL ENHANCED SERVICES,DRS BAMBER & MCKECHNIE,24396290,"35,688.01"
Department of Health,NHS South West Lincolnshire CCG,10/31/2018,C&M-GMS Prof Fees Dispensing,PRC DELEGATED CO-COMMISSIONING,DRS BAMBER & MCKECHNIE,24396290,"7,701.61"
Department of Health,NHS South West Lincolnshire CCG,10/31/2018,C&M-GMS PrscrptnChrgsColl&RmttdbyGP,LOCAL ENHANCED SERVICES,DRS BAMBER & MCKECHNIE,24396290,"1,029.60"
Department of Health,NHS South West Lincolnshire CCG,10/31/2018,C&M-GMS Cost of Drugs -Dispensing,LOCAL ENHANCED SERVICES,DR VIJAYAN & PARTNERS,24396293,"36,583.53"
Department of Health,NHS South West Lincolnshire CCG,10/31/2018,C&M-GMS Prof Fees Dispensing,PRC DELEGATED CO-COMMISSIONING,DR VIJAYAN & PARTNERS,24396293,"6,032.37"
Department of Health,NHS South West Lincolnshire CCG,10/31/2018,C&M-GMS PrscrptnChrgsColl&RmttdbyGP,LOCAL ENHANCED SERVICES,DR VIJAYAN & PARTNERS,24396293,871.20
Department of Health,NHS South West Lincolnshire CCG,10/31/2018,C&M-GMS Cost of Drugs -Dispensing,LOCAL ENHANCED SERVICES,GLENSIDE COUNTRY PRACTICE,24396294,"-38,599.66"
Department of Health,NHS South West Lincolnshire CCG,10/31/2018,C&M-GMS PrscChrgsCll&RmttdbyGPCntra,PRC DELEGATED CO-COMMISSIONING,GLENSIDE COUNTRY PRACTICE,24396294,"-1,320.00"
Department of Health,NHS South West Lincolnshire CCG,10/31/2018,C&M-GMS Cost of Drugs -Dispensing,LOCAL ENHANCED SERVICES,GLENSIDE COUNTRY PRACTICE,24396295,"72,148.59"
Department of Health,NHS South West Lincolnshire CCG,10/31/2018,C&M-GMS Prof Fees Dispensing,PRC DELEGATED CO-COMMISSIONING,GLENSIDE COUNTRY PRACTICE,24396295,"15,576.95"
Department of Health,NHS South West Lincolnshire CCG,10/31/2018,C&M-GMS PrscrptnChrgsColl&RmttdbyGP,LOCAL ENHANCED SERVICES,GLENSIDE COUNTRY PRACTICE,24396295,"1,320.00"
Department of Health,NHS South West Lincolnshire CCG,10/31/2018,C&M-GMS Cost of Drugs -Dispensing,LOCAL ENHANCED SERVICES,WELBY PRACTICE (THE),24396296,"-28,704.75"
Department of Health,NHS South West Lincolnshire CCG,10/31/2018,C&M-GMS PrscChrgsCll&RmttdbyGPCntra,PRC DELEGATED CO-COMMISSIONING,WELBY PRACTICE (THE),24396296,"-1,452.00"
Department of Health,NHS South West Lincolnshire CCG,10/31/2018,C&M-GMS Cost of Drugs -Dispensing,LOCAL ENHANCED SERVICES,WELBY PRACTICE (THE),24396297,"61,517.33"
Department of Health,NHS South West Lincolnshire CCG,10/31/2018,C&M-GMS Prof Fees Dispensing,PRC DELEGATED CO-COMMISSIONING,WELBY PRACTICE (THE),24396297,"10,508.67"
Department of Health,NHS South West Lincolnshire CCG,10/31/2018,C&M-GMS PrscrptnChrgsColl&RmttdbyGP,LOCAL ENHANCED SERVICES,WELBY PRACTICE (THE),24396297,"1,452.00"
Department of Health,NHS South West Lincolnshire CCG,10/31/2018,Prescribing,PRESCRIBING,K2 HEALTHCARE LTD,24398353,"59,565.00"
Department of Health,NHS South West Lincolnshire CCG,10/31/2018,Hcare Srv Rec NHS Trust-Over/ Under Performance,ACUTE COMMISSIONING,NOTTINGHAM UNIVERSITY HOSPITALS NHS TRUST,24435911,"-69,307.00"
Department of Health,NHS South West Lincolnshire CCG,10/31/2018,Hcare Srv Rec NHS Trust-Over/ Under Performance,ACUTE COMMISSIONING,NOTTINGHAM UNIVERSITY HOSPITALS NHS TRUST,24435971,"69,932.00"
Department of Health,NHS South West Lincolnshire CCG,10/31/2018,Hcare Srv Rec Fdtn Trust-Contract Baseline,ACUTE COMMISSIONING,UNIVERSITY HOSPITALS OF DERBY & BURTON NHS FOUNDATION TRUST,24438019,"54,360.86"
Department of Health,NHS South West Lincolnshire CCG,10/31/2018,Hcare Srv Rec Fdtn Trust-Over/ Under Performance,ACUTE COMMISSIONING,UNIVERSITY HOSPITALS OF DERBY & BURTON NHS FOUNDATION TRUST,24438032,"26,509.31"
Department of Health,NHS South West Lincolnshire CCG,10/31/2018,Clinical&Medical-Othe Public Sector,CARERS,LINCOLNSHIRE COUNTY COUNCIL,24438045,"146,487.00"
Department of Health,NHS South West Lincolnshire CCG,10/31/2018,Clinical&Medical-Othe Public Sector,CHILD AND ADOLESCENT MENTAL HEALTH,LINCOLNSHIRE COUNTY COUNCIL,24438045,"93,396.00"
Department of Health,NHS South West Lincolnshire CCG,10/31/2018,Clinical&Medical-Othe Public Sector,COMMUNITY SERVICES,LINCOLNSHIRE COUNTY COUNCIL,24438045,"42,982.00"
Department of Health,NHS South West Lincolnshire CCG,10/31/2018,Clinical&Medical-Othe Public Sector,LEARNING DIFFICULTIES,LINCOLNSHIRE COUNTY COUNCIL,24438045,"265,254.00"
Department of Health,NHS South West Lincolnshire CCG,10/31/2018,Hcare Srv Rec Fdtn Trust-Contract Baseline,ACUTE COMMISSIONING,NORTHERN LINCOLNSHIRE AND GOOLE HOSPITALS NHS FOUNDATION TRUST,24438059,"232,300.00"
Department of Health,NHS South West Lincolnshire CCG,10/31/2018,Hcare Srv Rec NHS Trust-Contract Baseline,COMMUNITY SERVICES,LINCS COMMUNITY HEALTH SERVICES NHS TRUST,24503318,"75,649.97"
Department of Health,NHS South West Lincolnshire CCG,10/31/2018,Hcare Srv Rec NHS Trust-Contract Baseline,ACUTE COMMISSIONING,UNIVERSITY HOSPITALS OF LEICESTER NHS TRUST,24503457,"119,285.00"
Department of Health,NHS South West Lincolnshire CCG,10/31/2018,Clinical&Medical-Independent Sector,ACUTE COMMISSIONING,FITZWILLIAM HOSPITAL,24503461,"-47,124.70"
Department of Health,NHS South West Lincolnshire CCG,10/31/2018,Clinical&Medical-Independent Sector,ACUTE COMMISSIONING,BMI HEALTHCARE COLLECTIONS,24503463,"36,515.16"
Department of Health,NHS South West Lincolnshire CCG,10/31/2018,Hcare Srv Rec Fdtn Trust-CQUIN,MENTAL HEALTH CONTRACTS,LINCOLNSHIRE PARTNERSHIP NHS FOUNDATION TRUST,24503486,"33,934.65"
Department of Health,NHS South West Lincolnshire CCG,10/31/2018,Clinical&Medical-Othe Public Sector,MENTAL HEALTH SERVICES - ADULTS,LINCOLNSHIRE COUNTY COUNCIL,24517716,"9,115.28"
Department of Health,NHS South West Lincolnshire CCG,10/31/2018,Cont Care- Prior Year Payments,FUNDED NURSING CARE,LINCOLNSHIRE COUNTY COUNCIL,24517716,"3,371.17"
Department of Health,NHS South West Lincolnshire CCG,10/31/2018,Cont Care-FNC Client Continence Allow,FUNDED NURSING CARE,LINCOLNSHIRE COUNTY COUNCIL,24517716,"8,123.67"
Department of Health,NHS South West Lincolnshire CCG,10/31/2018,Cont Care-Funded Nursing Care Allow,FUNDED NURSING CARE,LINCOLNSHIRE COUNTY COUNCIL,24517716,"222,927.66"
Department of Health,NHS South West Lincolnshire CCG,10/31/2018,Clinical&Medical-Othe Public Sector,MENTAL HEALTH SERVICES - ADULTS,LINCOLNSHIRE COUNTY COUNCIL,24517738,"7,746.24"
Department of Health,NHS South West Lincolnshire CCG,10/31/2018,Cont Care- Prior Year Payments,FUNDED NURSING CARE,LINCOLNSHIRE COUNTY COUNCIL,24517738,892.82
Department of Health,NHS South West Lincolnshire CCG,10/31/2018,Cont Care-FNC Client Continence Allow,FUNDED NURSING CARE,LINCOLNSHIRE COUNTY COUNCIL,24517738,"6,928.74"
Department of Health,NHS South West Lincolnshire CCG,10/31/2018,Cont Care-Funded Nursing Care Allow,FUNDED NURSING CARE,LINCOLNSHIRE COUNTY COUNCIL,24517738,"203,583.87"
Department of Health,NHS South West Lincolnshire CCG,10/31/2018,Clinical&Medical-Independent Sector - Prior Year,LEARNING DIFFICULTIES,KISIMUL GROUP LTD,24534025,"126,190.38"
Department of Health,NHS South West Lincolnshire CCG,10/31/2018,Clinical&Medical-Independent Sector - Prior Year,LEARNING DIFFICULTIES,KISIMUL GROUP LTD,24534029,"39,771.43"
Department of Health,NHS South West Lincolnshire CCG,10/31/2018,Hcare Srv Rec Fdtn Trust-CQUIN,ACUTE COMMISSIONING,NORTH WEST ANGLIA NHS FOUNDATION TRUST,24534101,"4,297.25"
Department of Health,NHS South West Lincolnshire CCG,10/31/2018,Hcare Srv Rec Fdtn Trust-Contract Baseline,ACUTE COMMISSIONING,NORTH WEST ANGLIA NHS FOUNDATION TRUST,24534101,"368,357.92"
Department of Health,NHS South West Lincolnshire CCG,10/31/2018,Chrgs from SLA,CONTRACT MANAGEMENT,OPTUM HEALTH SOLUTIONS (UK) LTD,24534106,"91,718.78"
Department of Health,NHS South West Lincolnshire CCG,10/31/2018,Chrgs from SLA,PRIMARY CARE IT,OPTUM HEALTH SOLUTIONS (UK) LTD,24534106,"33,780.34"
Department of Health,NHS South West Lincolnshire CCG,10/31/2018,Hcare Srv Rec Fdtn Trust-CQUIN,ACUTE COMMISSIONING,CAMBRIDGE UNIVERSITY HOSPITALS NHS FOUNDATION TRUST,24534127,308.08
Department of Health,NHS South West Lincolnshire CCG,10/31/2018,Hcare Srv Rec Fdtn Trust-Contract Baseline,ACUTE COMMISSIONING,CAMBRIDGE UNIVERSITY HOSPITALS NHS FOUNDATION TRUST,24534127,"25,820.83"
Department of Health,NHS South West Lincolnshire CCG,10/31/2018,Charges from CSU,CONTINUING HEALTHCARE ASSESSMENT & SUPPORT,NHS ARDEN AND GEM CSU,24534136,"26,236.83"
Department of Health,NHS South West Lincolnshire CCG,10/31/2018,Hcare Srv Rec Fdtn Trust-Contract Baseline,ACUTE COMMISSIONING,SHERWOOD FOREST HOSPITALS NHS FOUNDATION TRUST,24534154,"96,972.42"
Department of Health,NHS South West Lincolnshire CCG,10/31/2018,Clinical&Medical-Independent Sector,ACUTE COMMISSIONING,ORTHOPAEDICS & SPINE SPECIALIST HOSPITAL,24534162,"62,723.00"
Department of Health,NHS South West Lincolnshire CCG,10/31/2018,Clinical&Medical-Independent Sector,ACUTE COMMISSIONING,NOTTINGHAM WOODTHORPE HOSPITAL,24534165,"104,129.36"
