Department family,Entity,Date,Expense Type,Expense area,Supplier,Transaction number,AP Amount (�),VAT registration number,Purchase invoice number
Department of Health,NHS South West Lincolnshire CCG,5/31/2018,Hcare Srv Rec NHS Trust-Contract Baseline,MENTAL HEALTH SERVICES - ADULTS,LEICESTERSHIRE PARTNERSHIP NHS TRUST,21993648,"89,090.00",654969872,38596
Department of Health,NHS South West Lincolnshire CCG,5/31/2018,legal fees,LEARNING DIFFICULTIES,BROWNE JACOBSON LLP,21993657,"51,546.72",116396270,380287
Department of Health,NHS South West Lincolnshire CCG,5/31/2018,Services From Local Authorities,QUALITY ASSURANCE,LINCOLNSHIRE COUNTY COUNCIL,21993723,"103,031.00",,10057801
Department of Health,NHS South West Lincolnshire CCG,5/31/2018,legal fees,LEARNING DIFFICULTIES,BROWNE JACOBSON LLP,21993771,"-51,546.72",116396270,1020848
Department of Health,NHS South West Lincolnshire CCG,5/31/2018,Hcare Srv Rec NHS Trust-Over/ Under Performance,ACUTE COMMISSIONING,UNITED LINCOLNSHIRE HOSPITALS NHS TRUST,22019469,"275,267.04",,186296
Department of Health,NHS South West Lincolnshire CCG,5/31/2018,Hcare Srv Rec NHS Trust-Over/ Under Performance,ACUTE COMMISSIONING,UNITED LINCOLNSHIRE HOSPITALS NHS TRUST,22019477,"159,415.15",,189071
Department of Health,NHS South West Lincolnshire CCG,5/31/2018,Hcare Srv Rec NHS Trust-Over/ Under Performance,ACUTE COMMISSIONING,UNITED LINCOLNSHIRE HOSPITALS NHS TRUST,22019480,"-159,415.15",,209104
Department of Health,NHS South West Lincolnshire CCG,5/31/2018,Clinical&Medical-Independent Sector - Prior Year,LEARNING DIFFICULTIES,KISIMUL GROUP LTD,22019482,"105,792.48",,24874
Department of Health,NHS South West Lincolnshire CCG,5/31/2018,Hcare Srv Rec NHS Trust-Prior Year,ACUTE COMMISSIONING,UNITED LINCOLNSHIRE HOSPITALS NHS TRUST,22019554,"-61,447.00",,209298
Department of Health,NHS South West Lincolnshire CCG,5/31/2018,Hcare Srv Rec NHS Trust-Contract Baseline,ACUTE COMMISSIONING,UNITED LINCOLNSHIRE HOSPITALS NHS TRUST,22019556,"-61,422.00",,209302
Department of Health,NHS South West Lincolnshire CCG,5/31/2018,Clinical&Medical-Independent Sector,ACUTE COMMISSIONING,ORTHOPAEDICS & SPINE SPECIALIST HOSPITAL,22019848,"62,723.00",,M02SLA53SW
Department of Health,NHS South West Lincolnshire CCG,5/31/2018,C&M-PMS Baseline Adjustment,PRC DELEGATED CO-COMMISSIONING,DR GALLOP & PARTNERS,22027811,"45,966.01",,LL000033343
Department of Health,NHS South West Lincolnshire CCG,5/31/2018,C&M-PMS GP Statutory Levy,PRC DELEGATED CO-COMMISSIONING,DR GALLOP & PARTNERS,22027811,8.36,,LL000033343
Department of Health,NHS South West Lincolnshire CCG,5/31/2018,C&M-PMS Prem Notional Rent,PRC DELEGATED CO-COMMISSIONING,DR GALLOP & PARTNERS,22027811,"4,833.33",,LL000033343
Department of Health,NHS South West Lincolnshire CCG,5/31/2018,C&M-PMS Prem Water Rates,PRC DELEGATED CO-COMMISSIONING,DR GALLOP & PARTNERS,22027811,163.97,,LL000033343
Department of Health,NHS South West Lincolnshire CCG,5/31/2018,C&M-PMS QOF Aspiration,PRC DELEGATED CO-COMMISSIONING,DR GALLOP & PARTNERS,22027811,"4,520.73",,LL000033343
Department of Health,NHS South West Lincolnshire CCG,5/31/2018,C&M-PMS Voluntary Levy,PRC DELEGATED CO-COMMISSIONING,DR GALLOP & PARTNERS,22027811,1.00,,LL000033343
Department of Health,NHS South West Lincolnshire CCG,5/31/2018,Charges from CSU,COMMISSIONING - NON ACUTE,NHS ARDEN AND GEM CSU,22040910,"3,063.00",,7312610724
Department of Health,NHS South West Lincolnshire CCG,5/31/2018,Charges from CSU,CONTINUING HEALTHCARE ASSESSMENT & SUPPORT,NHS ARDEN AND GEM CSU,22040910,"28,108.91",,7312610724
Department of Health,NHS South West Lincolnshire CCG,5/31/2018,Clinical&Medical-Independent Sector,ACUTE COMMISSIONING,FITZWILLIAM HOSPITAL,22040916,"135,654.83",,MAY18FW04QSC01
Department of Health,NHS South West Lincolnshire CCG,5/31/2018,Clinical&Medical-Independent Sector - Prior Year,PROGRAMME PROJECTS,SPECSAVERS HEARCARE LTD,22051952,"56,536.50",242964687,21560066
Department of Health,NHS South West Lincolnshire CCG,5/31/2018,Clinical&Medical-Independent Sector,WHEELCHAIR SERVICE,MILLBROOK HEALTHCARE LTD,22051969,"25,382.62",GB675991080,17250
Department of Health,NHS South West Lincolnshire CCG,5/31/2018,Hcare Srv Rec NHS Trust-Prior Year,PROGRAMME PROJECTS,UNITED LINCOLNSHIRE HOSPITALS NHS TRUST,22051981,"55,964.78",,191220
Department of Health,NHS South West Lincolnshire CCG,5/31/2018,Clinical&Medical-Independent Sector,WHEELCHAIR SERVICE,MILLBROOK HEALTHCARE LTD,22052080,"25,382.62",GB675991080,17576
Department of Health,NHS South West Lincolnshire CCG,5/31/2018,Clinical&Medical-Independent Sector,ACUTE COMMISSIONING,BOSTON WEST HOSPITAL,22089001,"58,079.37",426505170GB,MAY1804QBWH01
Department of Health,NHS South West Lincolnshire CCG,5/31/2018,Hcare Srv Rec Fdtn Trust-Contract Baseline,MENTAL HEALTH CONTRACTS,LINCOLNSHIRE PARTNERSHIP NHS FOUNDATION TRUST,22118026,"125,000.00",654402453,2000017721
Department of Health,NHS South West Lincolnshire CCG,5/31/2018,Hcare Srv Rec Fdtn Trust-Contract Baseline,MENTAL HEALTH CONTRACTS,LINCOLNSHIRE PARTNERSHIP NHS FOUNDATION TRUST,22118033,"60,000.00",654402453,2000017725
Department of Health,NHS South West Lincolnshire CCG,5/31/2018,Hcare Srv Rec Fdtn Trust-Contract Baseline,MENTAL HEALTH CONTRACTS,LINCOLNSHIRE PARTNERSHIP NHS FOUNDATION TRUST,22118036,"912,712.82",654402453,2000017740
Department of Health,NHS South West Lincolnshire CCG,5/31/2018,Hcare Srv Rec NHS Trust-Contract Baseline,COMMUNITY SERVICES,LINCS COMMUNITY HEALTH SERVICES NHS TRUST,22118122,"774,329.28",654440975,4000038785
Department of Health,NHS South West Lincolnshire CCG,5/31/2018,Hcare Srv Rec NHS CCG-Prior Year,LEARNING DIFFICULTIES,NHS NORWICH CCG,22136096,"55,111.90",GB654452237,7021701154
Department of Health,NHS South West Lincolnshire CCG,5/31/2018,Hcare Srv Rec NHS CCG-Prior Year,LEARNING DIFFICULTIES,NHS NORWICH CCG,22136131,"-55,111.90",GB654452237,7021701158
Department of Health,NHS South West Lincolnshire CCG,5/31/2018,Clinical&Medical-Independent Sector,NON RECURRENT PROGRAMMES,LINCOLNSHIRE CARE ASSOCIATION,22157100,"30,000.00",,75
Department of Health,NHS South West Lincolnshire CCG,5/31/2018,Hcare Srv Rec NHS Trust-CQUIN,ACUTE COMMISSIONING,NOTTINGHAM UNIVERSITY HOSPITALS NHS TRUST,22157120,"14,217.00",,2000092651
Department of Health,NHS South West Lincolnshire CCG,5/31/2018,Hcare Srv Rec NHS Trust-Contract Baseline,ACUTE COMMISSIONING,NOTTINGHAM UNIVERSITY HOSPITALS NHS TRUST,22157120,"594,417.00",,2000092651
Department of Health,NHS South West Lincolnshire CCG,5/31/2018,Clinical&Medical-Independent Sector,ACUTE COMMISSIONING,BMI HEALTHCARE COLLECTIONS,22157124,"36,515.16",,90739
Department of Health,NHS South West Lincolnshire CCG,5/31/2018,C&M-GMS DES Learn Dsblty Hlth Chk,PRC DELEGATED CO-COMMISSIONING,DR AJ WATTS & PARTNERS,22175709,980.00,,LL000033474
Department of Health,NHS South West Lincolnshire CCG,5/31/2018,C&M-GMS Dispensing Quality Sch,PRC DELEGATED CO-COMMISSIONING,DR AJ WATTS & PARTNERS,22175709,"22,523.40",,LL000033474
Department of Health,NHS South West Lincolnshire CCG,5/31/2018,C&M-GMS Global Sum,PRC DELEGATED CO-COMMISSIONING,DR AJ WATTS & PARTNERS,22175709,"70,551.21",,LL000033474
Department of Health,NHS South West Lincolnshire CCG,5/31/2018,C&M-GMS Prem Notional Rent,PRC DELEGATED CO-COMMISSIONING,DR AJ WATTS & PARTNERS,22175709,"3,516.67",,LL000033474
Department of Health,NHS South West Lincolnshire CCG,5/31/2018,C&M-GMS QOF Aspiration,PRC DELEGATED CO-COMMISSIONING,DR AJ WATTS & PARTNERS,22175709,"7,501.91",,LL000033474
Department of Health,NHS South West Lincolnshire CCG,5/31/2018,ME - GMS GP Prior Year ERs,PRC DELEGATED CO-COMMISSIONING,DR AJ WATTS & PARTNERS,22175709,939.06,,LL000033474
Department of Health,NHS South West Lincolnshire CCG,5/31/2018,ME-GMS GP Prior Year EEs,PRC DELEGATED CO-COMMISSIONING,DR AJ WATTS & PARTNERS,22175709,713.04,,LL000033474
Department of Health,NHS South West Lincolnshire CCG,5/31/2018,C&M-GMS Global Sum,PRC DELEGATED CO-COMMISSIONING,DR ALLSEBROOK & PARTNERS,22175711,"37,690.52",,LL000033476
Department of Health,NHS South West Lincolnshire CCG,5/31/2018,C&M-GMS MPIG Correction Factor,PRC DELEGATED CO-COMMISSIONING,DR ALLSEBROOK & PARTNERS,22175711,567.73,,LL000033476
Department of Health,NHS South West Lincolnshire CCG,5/31/2018,C&M-GMS Prem Actual Rent,PRC DELEGATED CO-COMMISSIONING,DR ALLSEBROOK & PARTNERS,22175711,"27,986.60",,LL000033476
Department of Health,NHS South West Lincolnshire CCG,5/31/2018,C&M-GMS QOF Aspiration,PRC DELEGATED CO-COMMISSIONING,DR ALLSEBROOK & PARTNERS,22175711,"4,297.80",,LL000033476
Department of Health,NHS South West Lincolnshire CCG,5/31/2018,C&M-GMS Dispensing Quality Sch,PRC DELEGATED CO-COMMISSIONING,DR G ENNIS,22175713,"6,416.46",,LL000033478
Department of Health,NHS South West Lincolnshire CCG,5/31/2018,C&M-GMS Global Sum,PRC DELEGATED CO-COMMISSIONING,DR G ENNIS,22175713,"25,026.56",,LL000033478
Department of Health,NHS South West Lincolnshire CCG,5/31/2018,C&M-GMS MPIG Correction Factor,PRC DELEGATED CO-COMMISSIONING,DR G ENNIS,22175713,952.73,,LL000033478
Department of Health,NHS South West Lincolnshire CCG,5/31/2018,C&M-GMS Prem Notional Rent,PRC DELEGATED CO-COMMISSIONING,DR G ENNIS,22175713,"3,250.00",,LL000033478
Department of Health,NHS South West Lincolnshire CCG,5/31/2018,C&M-GMS QOF Aspiration,PRC DELEGATED CO-COMMISSIONING,DR G ENNIS,22175713,"1,299.96",,LL000033478
Department of Health,NHS South West Lincolnshire CCG,5/31/2018,C&M-GMS DES Learn Dsblty Hlth Chk,PRC DELEGATED CO-COMMISSIONING,DR JB ELDER & PARTNERS,22175715,"1,680.00",,LL000033480
Department of Health,NHS South West Lincolnshire CCG,5/31/2018,C&M-GMS Dispensing Quality Sch,PRC DELEGATED CO-COMMISSIONING,DR JB ELDER & PARTNERS,22175715,"11,055.30",,LL000033480
Department of Health,NHS South West Lincolnshire CCG,5/31/2018,C&M-GMS Global Sum,PRC DELEGATED CO-COMMISSIONING,DR JB ELDER & PARTNERS,22175715,"36,202.90",,LL000033480
Department of Health,NHS South West Lincolnshire CCG,5/31/2018,C&M-GMS MPIG Correction Factor,PRC DELEGATED CO-COMMISSIONING,DR JB ELDER & PARTNERS,22175715,170.58,,LL000033480
Department of Health,NHS South West Lincolnshire CCG,5/31/2018,C&M-GMS QOF Aspiration,PRC DELEGATED CO-COMMISSIONING,DR JB ELDER & PARTNERS,22175715,"3,811.17",,LL000033480
Department of Health,NHS South West Lincolnshire CCG,5/31/2018,C&M-GMS DES Learn Dsblty Hlth Chk,PRC DELEGATED CO-COMMISSIONING,DR LAWRENSON & PARTNERS,22175717,"2,380.00",,LL000033482
Department of Health,NHS South West Lincolnshire CCG,5/31/2018,C&M-GMS Dispensing Quality Sch,PRC DELEGATED CO-COMMISSIONING,DR LAWRENSON & PARTNERS,22175717,"13,965.54",,LL000033482
Department of Health,NHS South West Lincolnshire CCG,5/31/2018,C&M-GMS Global Sum,PRC DELEGATED CO-COMMISSIONING,DR LAWRENSON & PARTNERS,22175717,"46,711.28",,LL000033482
Department of Health,NHS South West Lincolnshire CCG,5/31/2018,C&M-GMS QOF Aspiration,PRC DELEGATED CO-COMMISSIONING,DR LAWRENSON & PARTNERS,22175717,"5,288.83",,LL000033482
Department of Health,NHS South West Lincolnshire CCG,5/31/2018,C&M-GMS DES Learn Dsblty Hlth Chk,PRC DELEGATED CO-COMMISSIONING,DR LEEPER & PARTNERS,22175719,140.00,,LL000033484
Department of Health,NHS South West Lincolnshire CCG,5/31/2018,C&M-GMS Dispensing Quality Sch,PRC DELEGATED CO-COMMISSIONING,DR LEEPER & PARTNERS,22175719,"12,084.72",,LL000033484
Department of Health,NHS South West Lincolnshire CCG,5/31/2018,C&M-GMS Global Sum,PRC DELEGATED CO-COMMISSIONING,DR LEEPER & PARTNERS,22175719,"44,170.70",,LL000033484
Department of Health,NHS South West Lincolnshire CCG,5/31/2018,C&M-GMS QOF Aspiration,PRC DELEGATED CO-COMMISSIONING,DR LEEPER & PARTNERS,22175719,"4,426.07",,LL000033484
Department of Health,NHS South West Lincolnshire CCG,5/31/2018,C&M-GMS Global Sum,PRC DELEGATED CO-COMMISSIONING,DR PARKIN & PARTNERS GRANTHAM,22175721,"111,163.86",,LL000033486
Department of Health,NHS South West Lincolnshire CCG,5/31/2018,C&M-GMS MPIG Correction Factor,PRC DELEGATED CO-COMMISSIONING,DR PARKIN & PARTNERS GRANTHAM,22175721,"5,183.13",,LL000033486
Department of Health,NHS South West Lincolnshire CCG,5/31/2018,C&M-GMS Prem Notional Rent,PRC DELEGATED CO-COMMISSIONING,DR PARKIN & PARTNERS GRANTHAM,22175721,"7,456.25",,LL000033486
Department of Health,NHS South West Lincolnshire CCG,5/31/2018,C&M-GMS Prem Rates,PRC DELEGATED CO-COMMISSIONING,DR PARKIN & PARTNERS GRANTHAM,22175721,"12,000.00",,LL000033486
Department of Health,NHS South West Lincolnshire CCG,5/31/2018,C&M-GMS QOF Aspiration,PRC DELEGATED CO-COMMISSIONING,DR PARKIN & PARTNERS GRANTHAM,22175721,"16,675.22",,LL000033486
Department of Health,NHS South West Lincolnshire CCG,5/31/2018,C&M-GMS DES Learn Dsblty Hlth Chk,PRC DELEGATED CO-COMMISSIONING,DR PARRY & PARTNERS SLEAFORD,22175723,"1,540.00",,LL000033488
Department of Health,NHS South West Lincolnshire CCG,5/31/2018,C&M-GMS Dispensing Quality Sch,PRC DELEGATED CO-COMMISSIONING,DR PARRY & PARTNERS SLEAFORD,22175723,"15,593.52",,LL000033488
Department of Health,NHS South West Lincolnshire CCG,5/31/2018,C&M-GMS Global Sum,PRC DELEGATED CO-COMMISSIONING,DR PARRY & PARTNERS SLEAFORD,22175723,"54,591.71",,LL000033488
Department of Health,NHS South West Lincolnshire CCG,5/31/2018,C&M-GMS Prem Actual Rent,PRC DELEGATED CO-COMMISSIONING,DR PARRY & PARTNERS SLEAFORD,22175723,"5,123.19",,LL000033488
Department of Health,NHS South West Lincolnshire CCG,5/31/2018,C&M-GMS Prem Water Rates,PRC DELEGATED CO-COMMISSIONING,DR PARRY & PARTNERS SLEAFORD,22175723,144.16,,LL000033488
Department of Health,NHS South West Lincolnshire CCG,5/31/2018,C&M-GMS QOF Aspiration,PRC DELEGATED CO-COMMISSIONING,DR PARRY & PARTNERS SLEAFORD,22175723,"6,695.56",,LL000033488
Department of Health,NHS South West Lincolnshire CCG,5/31/2018,C&M-GMS DES Learn Dsblty Hlth Chk,PRC DELEGATED CO-COMMISSIONING,DR MTC HIGGINS & PARTNERS,22175725,"1,680.00",,LL000033490
Department of Health,NHS South West Lincolnshire CCG,5/31/2018,C&M-GMS Global Sum,PRC DELEGATED CO-COMMISSIONING,DR MTC HIGGINS & PARTNERS,22175725,"53,019.49",,LL000033490
Department of Health,NHS South West Lincolnshire CCG,5/31/2018,C&M-GMS MPIG Correction Factor,PRC DELEGATED CO-COMMISSIONING,DR MTC HIGGINS & PARTNERS,22175725,907.41,,LL000033490
Department of Health,NHS South West Lincolnshire CCG,5/31/2018,C&M-GMS Prem Notional Rent,PRC DELEGATED CO-COMMISSIONING,DR MTC HIGGINS & PARTNERS,22175725,"5,037.33",,LL000033490
Department of Health,NHS South West Lincolnshire CCG,5/31/2018,C&M-GMS QOF Aspiration,PRC DELEGATED CO-COMMISSIONING,DR MTC HIGGINS & PARTNERS,22175725,"7,251.36",,LL000033490
Department of Health,NHS South West Lincolnshire CCG,5/31/2018,C&M-GMS Dispensing Quality Sch,PRC DELEGATED CO-COMMISSIONING,DR S GLENCROSS & PARTNERS,22175727,"2,755.44",,LL000033492
Department of Health,NHS South West Lincolnshire CCG,5/31/2018,C&M-GMS Global Sum,PRC DELEGATED CO-COMMISSIONING,DR S GLENCROSS & PARTNERS,22175727,"25,932.24",,LL000033492
Department of Health,NHS South West Lincolnshire CCG,5/31/2018,C&M-GMS Prem Notional Rent,PRC DELEGATED CO-COMMISSIONING,DR S GLENCROSS & PARTNERS,22175727,"2,500.00",,LL000033492
Department of Health,NHS South West Lincolnshire CCG,5/31/2018,C&M-GMS QOF Aspiration,PRC DELEGATED CO-COMMISSIONING,DR S GLENCROSS & PARTNERS,22175727,"2,486.66",,LL000033492
Department of Health,NHS South West Lincolnshire CCG,5/31/2018,C&M-GMS Dispensing Quality Sch,PRC DELEGATED CO-COMMISSIONING,DR RYDER & PARTNERS,22175729,"4,912.32",,LL000033494
Department of Health,NHS South West Lincolnshire CCG,5/31/2018,C&M-GMS Global Sum,PRC DELEGATED CO-COMMISSIONING,DR RYDER & PARTNERS,22175729,"62,977.73",,LL000033494
Department of Health,NHS South West Lincolnshire CCG,5/31/2018,C&M-GMS QOF Aspiration,PRC DELEGATED CO-COMMISSIONING,DR RYDER & PARTNERS,22175729,"6,432.22",,LL000033494
Department of Health,NHS South West Lincolnshire CCG,5/31/2018,C&M-GMS DES Learn Dsblty Hlth Chk,PRC DELEGATED CO-COMMISSIONING,DR WEBSTER & PARTNERS,22175731,"3,500.00",,LL000033496
Department of Health,NHS South West Lincolnshire CCG,5/31/2018,C&M-GMS Dispensing Quality Sch,PRC DELEGATED CO-COMMISSIONING,DR WEBSTER & PARTNERS,22175731,"9,669.84",,LL000033496
Department of Health,NHS South West Lincolnshire CCG,5/31/2018,C&M-GMS Global Sum,PRC DELEGATED CO-COMMISSIONING,DR WEBSTER & PARTNERS,22175731,"129,378.07",,LL000033496
Department of Health,NHS South West Lincolnshire CCG,5/31/2018,C&M-GMS Prem Notional Rent,PRC DELEGATED CO-COMMISSIONING,DR WEBSTER & PARTNERS,22175731,"12,683.33",,LL000033496
Department of Health,NHS South West Lincolnshire CCG,5/31/2018,C&M-GMS QOF Aspiration,PRC DELEGATED CO-COMMISSIONING,DR WEBSTER & PARTNERS,22175731,"16,479.95",,LL000033496
Department of Health,NHS South West Lincolnshire CCG,5/31/2018,C&M-GMS DES Learn Dsblty Hlth Chk,PRC DELEGATED CO-COMMISSIONING,DR TEDBURY & PARTNERS,22175735,"1,260.00",,LL000033500
Department of Health,NHS South West Lincolnshire CCG,5/31/2018,C&M-GMS Global Sum,PRC DELEGATED CO-COMMISSIONING,DR TEDBURY & PARTNERS,22175735,"97,154.45",,LL000033500
Department of Health,NHS South West Lincolnshire CCG,5/31/2018,C&M-GMS MPIG Correction Factor,PRC DELEGATED CO-COMMISSIONING,DR TEDBURY & PARTNERS,22175735,71.53,,LL000033500
Department of Health,NHS South West Lincolnshire CCG,5/31/2018,C&M-GMS Prem Notional Rent,PRC DELEGATED CO-COMMISSIONING,DR TEDBURY & PARTNERS,22175735,"6,759.02",,LL000033500
Department of Health,NHS South West Lincolnshire CCG,5/31/2018,C&M-GMS QOF Aspiration,PRC DELEGATED CO-COMMISSIONING,DR TEDBURY & PARTNERS,22175735,"11,329.16",,LL000033500
Department of Health,NHS South West Lincolnshire CCG,5/31/2018,C&M-GMS DES Learn Dsblty Hlth Chk,PRC DELEGATED CO-COMMISSIONING,DR VIJAYAN & PARTNERS,22175737,"2,660.00",,LL000033502
Department of Health,NHS South West Lincolnshire CCG,5/31/2018,C&M-GMS Global Sum,PRC DELEGATED CO-COMMISSIONING,DR VIJAYAN & PARTNERS,22175737,"76,610.72",,LL000033502
Department of Health,NHS South West Lincolnshire CCG,5/31/2018,C&M-GMS MPIG Correction Factor,PRC DELEGATED CO-COMMISSIONING,DR VIJAYAN & PARTNERS,22175737,"1,605.94",,LL000033502
Department of Health,NHS South West Lincolnshire CCG,5/31/2018,C&M-GMS Prem Notional Rent,PRC DELEGATED CO-COMMISSIONING,DR VIJAYAN & PARTNERS,22175737,"4,394.91",,LL000033502
Department of Health,NHS South West Lincolnshire CCG,5/31/2018,C&M-GMS Prem Water Rates,PRC DELEGATED CO-COMMISSIONING,DR VIJAYAN & PARTNERS,22175737,364.91,,LL000033502
Department of Health,NHS South West Lincolnshire CCG,5/31/2018,C&M-GMS QOF Aspiration,PRC DELEGATED CO-COMMISSIONING,DR VIJAYAN & PARTNERS,22175737,"8,997.27",,LL000033502
Department of Health,NHS South West Lincolnshire CCG,5/31/2018,C&M-GMS DES Learn Dsblty Hlth Chk,PRC DELEGATED CO-COMMISSIONING,GLENSIDE COUNTRY PRACTICE,22175739,280.00,,LL000033504
Department of Health,NHS South West Lincolnshire CCG,5/31/2018,C&M-GMS Dispensing Quality Sch,PRC DELEGATED CO-COMMISSIONING,GLENSIDE COUNTRY PRACTICE,22175739,"7,956.72",,LL000033504
Department of Health,NHS South West Lincolnshire CCG,5/31/2018,C&M-GMS Global Sum,PRC DELEGATED CO-COMMISSIONING,GLENSIDE COUNTRY PRACTICE,22175739,"26,617.43",,LL000033504
Department of Health,NHS South West Lincolnshire CCG,5/31/2018,C&M-GMS MPIG Correction Factor,PRC DELEGATED CO-COMMISSIONING,GLENSIDE COUNTRY PRACTICE,22175739,"1,060.30",,LL000033504
Department of Health,NHS South West Lincolnshire CCG,5/31/2018,C&M-GMS Prem Notional Rent,PRC DELEGATED CO-COMMISSIONING,GLENSIDE COUNTRY PRACTICE,22175739,"4,187.50",,LL000033504
Department of Health,NHS South West Lincolnshire CCG,5/31/2018,C&M-GMS QOF Aspiration,PRC DELEGATED CO-COMMISSIONING,GLENSIDE COUNTRY PRACTICE,22175739,"2,708.12",,LL000033504
Department of Health,NHS South West Lincolnshire CCG,5/31/2018,C&M-GMS DES Learn Dsblty Hlth Chk,PRC DELEGATED CO-COMMISSIONING,WELBY PRACTICE (THE),22175741,420.00,,LL000033506
Department of Health,NHS South West Lincolnshire CCG,5/31/2018,C&M-GMS Dispensing Quality Sch,PRC DELEGATED CO-COMMISSIONING,WELBY PRACTICE (THE),22175741,"5,405.10",,LL000033506
Department of Health,NHS South West Lincolnshire CCG,5/31/2018,C&M-GMS Global Sum,PRC DELEGATED CO-COMMISSIONING,WELBY PRACTICE (THE),22175741,"34,198.08",,LL000033506
Department of Health,NHS South West Lincolnshire CCG,5/31/2018,C&M-GMS MPIG Correction Factor,PRC DELEGATED CO-COMMISSIONING,WELBY PRACTICE (THE),22175741,"3,218.70",,LL000033506
Department of Health,NHS South West Lincolnshire CCG,5/31/2018,C&M-GMS Prem Notional Rent,PRC DELEGATED CO-COMMISSIONING,WELBY PRACTICE (THE),22175741,"5,454.16",,LL000033506
Department of Health,NHS South West Lincolnshire CCG,5/31/2018,C&M-GMS QOF Aspiration,PRC DELEGATED CO-COMMISSIONING,WELBY PRACTICE (THE),22175741,"3,129.62",,LL000033506
Department of Health,NHS South West Lincolnshire CCG,5/31/2018,Income tax <1Yr,BALANCE SHEET,HMRC,22181932,"24,842.00",,120PB005700771901
Department of Health,NHS South West Lincolnshire CCG,5/31/2018,Income tax <1Yr-Student Loans,BALANCE SHEET,HMRC,22181932,400.00,,120PB005700771901
Department of Health,NHS South West Lincolnshire CCG,5/31/2018,National Insurance < 1 yr-NI- ERS,BALANCE SHEET,HMRC,22181932,"16,265.78",,120PB005700771901
Department of Health,NHS South West Lincolnshire CCG,5/31/2018,National Insurance < 1 yr-NI-EES,BALANCE SHEET,HMRC,22181932,"11,940.51",,120PB005700771901
Department of Health,NHS South West Lincolnshire CCG,5/31/2018,Statutory Mat Pay < 1 yr,BALANCE SHEET,HMRC,22181932,-667.85,,120PB005700771901
Department of Health,NHS South West Lincolnshire CCG,5/31/2018,Legal / Prof Fees,FINANCE,PRICEWATERHOUSECOOPERS LLP,22190334,"57,447.00",GB243823957,1354921310
Department of Health,NHS South West Lincolnshire CCG,5/31/2018,Contract & Agency-Agency A & C,CEO/ BOARD OFFICE,ANNICARE LTD,22235378,"27,096.00",280273314,2982
Department of Health,NHS South West Lincolnshire CCG,5/31/2018,Hcare Srv Rec Fdtn Trust-CQUIN,ACUTE COMMISSIONING,NORTH WEST ANGLIA NHS FOUNDATION TRUST,22255704,"4,297.25",,17439542
Department of Health,NHS South West Lincolnshire CCG,5/31/2018,Hcare Srv Rec Fdtn Trust-Contract Baseline,ACUTE COMMISSIONING,NORTH WEST ANGLIA NHS FOUNDATION TRUST,22255704,"368,357.92",,17439542
Department of Health,NHS South West Lincolnshire CCG,5/31/2018,C&M-GMS Cost of Drugs -Dispensing,LOCAL ENHANCED SERVICES,DR AJ WATTS & PARTNERS,22292338,"98,509.16",,LL000033702
Department of Health,NHS South West Lincolnshire CCG,5/31/2018,C&M-GMS Prof Fees Dispensing,PRC DELEGATED CO-COMMISSIONING,DR AJ WATTS & PARTNERS,22292338,"39,974.74",,LL000033702
Department of Health,NHS South West Lincolnshire CCG,5/31/2018,C&M-GMS PrscrptnChrgsColl&RmttdbyGP,LOCAL ENHANCED SERVICES,DR AJ WATTS & PARTNERS,22292338,"6,097.40",,LL000033702
Department of Health,NHS South West Lincolnshire CCG,5/31/2018,C&M-GMS Cost of Drugs -Dispensing,LOCAL ENHANCED SERVICES,DR G ENNIS,22292342,"46,595.25",,LL000033705
Department of Health,NHS South West Lincolnshire CCG,5/31/2018,C&M-GMS Prof Fees Dispensing,PRC DELEGATED CO-COMMISSIONING,DR G ENNIS,22292342,"9,582.96",,LL000033705
Department of Health,NHS South West Lincolnshire CCG,5/31/2018,C&M-GMS PrscrptnChrgsColl&RmttdbyGP,LOCAL ENHANCED SERVICES,DR G ENNIS,22292342,"1,324.40",,LL000033705
Department of Health,NHS South West Lincolnshire CCG,5/31/2018,C&M-GMS Cost of Drugs -Dispensing,LOCAL ENHANCED SERVICES,DR JB ELDER & PARTNERS,22292344,"-50,648.42",,LL000033707
Department of Health,NHS South West Lincolnshire CCG,5/31/2018,C&M-GMS PrscChrgsCll&RmttdbyGPCntra,PRC DELEGATED CO-COMMISSIONING,DR JB ELDER & PARTNERS,22292344,"-2,949.80",,LL000033707
Department of Health,NHS South West Lincolnshire CCG,5/31/2018,C&M-GMS Cost of Drugs -Dispensing,LOCAL ENHANCED SERVICES,DR JB ELDER & PARTNERS,22292345,"95,862.60",,LL000033708
Department of Health,NHS South West Lincolnshire CCG,5/31/2018,C&M-GMS Prof Fees Dispensing,PRC DELEGATED CO-COMMISSIONING,DR JB ELDER & PARTNERS,22292345,"14,872.26",,LL000033708
Department of Health,NHS South West Lincolnshire CCG,5/31/2018,C&M-GMS PrscrptnChrgsColl&RmttdbyGP,LOCAL ENHANCED SERVICES,DR JB ELDER & PARTNERS,22292345,"2,949.80",,LL000033708
Department of Health,NHS South West Lincolnshire CCG,5/31/2018,C&M-GMS Cost of Drugs -Dispensing,LOCAL ENHANCED SERVICES,DR LAWRENSON & PARTNERS,22292346,"-48,365.24",,LL000033709
Department of Health,NHS South West Lincolnshire CCG,5/31/2018,C&M-GMS PrscChrgsCll&RmttdbyGPCntra,PRC DELEGATED CO-COMMISSIONING,DR LAWRENSON & PARTNERS,22292346,"-3,766.80",,LL000033709
Department of Health,NHS South West Lincolnshire CCG,5/31/2018,C&M-GMS Cost of Drugs -Dispensing,LOCAL ENHANCED SERVICES,DR LAWRENSON & PARTNERS,22292347,"98,688.91",,LL000033710
Department of Health,NHS South West Lincolnshire CCG,5/31/2018,C&M-GMS Prof Fees Dispensing,PRC DELEGATED CO-COMMISSIONING,DR LAWRENSON & PARTNERS,22292347,"16,824.46",,LL000033710
Department of Health,NHS South West Lincolnshire CCG,5/31/2018,C&M-GMS PrscrptnChrgsColl&RmttdbyGP,LOCAL ENHANCED SERVICES,DR LAWRENSON & PARTNERS,22292347,"3,766.80",,LL000033710
Department of Health,NHS South West Lincolnshire CCG,5/31/2018,C&M-GMS Cost of Drugs -Dispensing,LOCAL ENHANCED SERVICES,DR LEEPER & PARTNERS,22292348,"-78,574.64",,LL000033711
Department of Health,NHS South West Lincolnshire CCG,5/31/2018,C&M-GMS PrscChrgsCll&RmttdbyGPCntra,PRC DELEGATED CO-COMMISSIONING,DR LEEPER & PARTNERS,22292348,"-4,016.20",,LL000033711
Department of Health,NHS South West Lincolnshire CCG,5/31/2018,C&M-GMS Cost of Drugs -Dispensing,LOCAL ENHANCED SERVICES,DR LEEPER & PARTNERS,22292349,"147,065.49",,LL000033712
Department of Health,NHS South West Lincolnshire CCG,5/31/2018,C&M-GMS Prof Fees Dispensing,PRC DELEGATED CO-COMMISSIONING,DR LEEPER & PARTNERS,22292349,"26,608.36",,LL000033712
Department of Health,NHS South West Lincolnshire CCG,5/31/2018,C&M-GMS PrscrptnChrgsColl&RmttdbyGP,LOCAL ENHANCED SERVICES,DR LEEPER & PARTNERS,22292349,"4,016.20",,LL000033712
Department of Health,NHS South West Lincolnshire CCG,5/31/2018,C&M-GMS Cost of Drugs -Dispensing,LOCAL ENHANCED SERVICES,DR PARRY & PARTNERS SLEAFORD,22292351,"-89,968.15",,LL000033714
Department of Health,NHS South West Lincolnshire CCG,5/31/2018,C&M-GMS PrscChrgsCll&RmttdbyGPCntra,PRC DELEGATED CO-COMMISSIONING,DR PARRY & PARTNERS SLEAFORD,22292351,"-4,102.20",,LL000033714
Department of Health,NHS South West Lincolnshire CCG,5/31/2018,C&M-GMS Cost of Drugs -Dispensing,LOCAL ENHANCED SERVICES,DR PARRY & PARTNERS SLEAFORD,22292352,"168,452.84",,LL000033715
Department of Health,NHS South West Lincolnshire CCG,5/31/2018,C&M-GMS Prof Fees Dispensing,PRC DELEGATED CO-COMMISSIONING,DR PARRY & PARTNERS SLEAFORD,22292352,"36,397.68",,LL000033715
Department of Health,NHS South West Lincolnshire CCG,5/31/2018,C&M-GMS PrscrptnChrgsColl&RmttdbyGP,LOCAL ENHANCED SERVICES,DR PARRY & PARTNERS SLEAFORD,22292352,"4,102.20",,LL000033715
Department of Health,NHS South West Lincolnshire CCG,5/31/2018,C&M-GMS Cost of Drugs -Dispensing,LOCAL ENHANCED SERVICES,DR RYDER & PARTNERS,22292357,"45,028.16",,LL000033720
Department of Health,NHS South West Lincolnshire CCG,5/31/2018,C&M-GMS Prof Fees Dispensing,PRC DELEGATED CO-COMMISSIONING,DR RYDER & PARTNERS,22292357,"8,956.08",,LL000033720
Department of Health,NHS South West Lincolnshire CCG,5/31/2018,C&M-GMS PrscrptnChrgsColl&RmttdbyGP,LOCAL ENHANCED SERVICES,DR RYDER & PARTNERS,22292357,"1,195.40",,LL000033720
Department of Health,NHS South West Lincolnshire CCG,5/31/2018,C&M-GMS Cost of Drugs -Dispensing,LOCAL ENHANCED SERVICES,DR WEBSTER & PARTNERS,22292358,"-34,404.09",,LL000033721
Department of Health,NHS South West Lincolnshire CCG,5/31/2018,C&M-GMS PrscChrgsCll&RmttdbyGPCntra,PRC DELEGATED CO-COMMISSIONING,DR WEBSTER & PARTNERS,22292358,"-2,752.00",,LL000033721
Department of Health,NHS South West Lincolnshire CCG,5/31/2018,C&M-GMS Cost of Drugs -Dispensing,LOCAL ENHANCED SERVICES,DR WEBSTER & PARTNERS,22292359,"67,470.79",,LL000033722
Department of Health,NHS South West Lincolnshire CCG,5/31/2018,C&M-GMS Prof Fees Dispensing,PRC DELEGATED CO-COMMISSIONING,DR WEBSTER & PARTNERS,22292359,"13,776.16",,LL000033722
Department of Health,NHS South West Lincolnshire CCG,5/31/2018,C&M-GMS PrscrptnChrgsColl&RmttdbyGP,LOCAL ENHANCED SERVICES,DR WEBSTER & PARTNERS,22292359,"2,752.00",,LL000033722
Department of Health,NHS South West Lincolnshire CCG,5/31/2018,C&M-GMS Cost of Drugs -Dispensing,LOCAL ENHANCED SERVICES,DRS BAMBER & MCKECHNIE,22292361,"40,792.25",,LL000033724
Department of Health,NHS South West Lincolnshire CCG,5/31/2018,C&M-GMS Prof Fees Dispensing,PRC DELEGATED CO-COMMISSIONING,DRS BAMBER & MCKECHNIE,22292361,"6,528.05",,LL000033724
Department of Health,NHS South West Lincolnshire CCG,5/31/2018,C&M-GMS PrscrptnChrgsColl&RmttdbyGP,LOCAL ENHANCED SERVICES,DRS BAMBER & MCKECHNIE,22292361,851.40,,LL000033724
Department of Health,NHS South West Lincolnshire CCG,5/31/2018,C&M-GMS Cost of Drugs -Dispensing,LOCAL ENHANCED SERVICES,DR VIJAYAN & PARTNERS,22292364,"31,280.35",,LL000033727
Department of Health,NHS South West Lincolnshire CCG,5/31/2018,C&M-GMS Prof Fees Dispensing,PRC DELEGATED CO-COMMISSIONING,DR VIJAYAN & PARTNERS,22292364,"6,673.78",,LL000033727
Department of Health,NHS South West Lincolnshire CCG,5/31/2018,C&M-GMS PrscrptnChrgsColl&RmttdbyGP,LOCAL ENHANCED SERVICES,DR VIJAYAN & PARTNERS,22292364,911.60,,LL000033727
Department of Health,NHS South West Lincolnshire CCG,5/31/2018,C&M-GMS Cost of Drugs -Dispensing,LOCAL ENHANCED SERVICES,GLENSIDE COUNTRY PRACTICE,22292365,"-39,211.88",,LL000033728
Department of Health,NHS South West Lincolnshire CCG,5/31/2018,C&M-GMS PrscChrgsCll&RmttdbyGPCntra,PRC DELEGATED CO-COMMISSIONING,GLENSIDE COUNTRY PRACTICE,22292365,"-1,333.00",,LL000033728
Department of Health,NHS South West Lincolnshire CCG,5/31/2018,C&M-GMS Cost of Drugs -Dispensing,LOCAL ENHANCED SERVICES,GLENSIDE COUNTRY PRACTICE,22292366,"73,055.38",,LL000033729
Department of Health,NHS South West Lincolnshire CCG,5/31/2018,C&M-GMS Prof Fees Dispensing,PRC DELEGATED CO-COMMISSIONING,GLENSIDE COUNTRY PRACTICE,22292366,"15,614.00",,LL000033729
Department of Health,NHS South West Lincolnshire CCG,5/31/2018,C&M-GMS PrscrptnChrgsColl&RmttdbyGP,LOCAL ENHANCED SERVICES,GLENSIDE COUNTRY PRACTICE,22292366,"1,333.00",,LL000033729
Department of Health,NHS South West Lincolnshire CCG,5/31/2018,C&M-GMS Cost of Drugs -Dispensing,LOCAL ENHANCED SERVICES,WELBY PRACTICE (THE),22292368,"38,809.44",,LL000033731
Department of Health,NHS South West Lincolnshire CCG,5/31/2018,C&M-GMS Prof Fees Dispensing,PRC DELEGATED CO-COMMISSIONING,WELBY PRACTICE (THE),22292368,"7,569.21",,LL000033731
Department of Health,NHS South West Lincolnshire CCG,5/31/2018,C&M-GMS PrscrptnChrgsColl&RmttdbyGP,LOCAL ENHANCED SERVICES,WELBY PRACTICE (THE),22292368,"1,023.40",,LL000033731
Department of Health,NHS South West Lincolnshire CCG,5/31/2018,Hcare Srv Rec NHS Trust-Over/ Under Performance,ACUTE COMMISSIONING,UNIVERSITY HOSPITALS OF LEICESTER NHS TRUST,22311893,"119,285.00",654972400,L0207322
Department of Health,NHS South West Lincolnshire CCG,5/31/2018,Clinical&Medical-Independent Sector,ACUTE COMMISSIONING,ORTHOPAEDICS & SPINE SPECIALIST HOSPITAL,22312088,"-28,853.16",,JTAPR08
Department of Health,NHS South West Lincolnshire CCG,5/31/2018,Clinical&Medical-Independent Sector,ACUTE COMMISSIONING,CIRCLE NOTTINGHAM LTD,22312089,"105,168.45",157231127,7666
Department of Health,NHS South West Lincolnshire CCG,5/31/2018,Hcare Srv Rec Fdtn Trust-Contract Baseline,ACUTE COMMISSIONING,NORTHERN LINCOLNSHIRE AND GOOLE HOSPITALS NHS FOUNDATION TRUST,22312108,"238,414.00",654977580,2400019838
Department of Health,NHS South West Lincolnshire CCG,5/31/2018,Clinical&Medical-Independent Sector,MENTAL HEALTH SERVICES - ADULTS,NOTTINGHAM PRIORY,22335738,"40,507.00",626524835,316CBSWAPR18
Department of Health,NHS South West Lincolnshire CCG,5/31/2018,Hcare Srv Rec NHS Trust-CQUIN,ACUTE COMMISSIONING,UNITED LINCOLNSHIRE HOSPITALS NHS TRUST,22335744,"57,689.76",,191889
Department of Health,NHS South West Lincolnshire CCG,5/31/2018,Hcare Srv Rec NHS Trust-Contract Baseline,ACUTE COMMISSIONING,UNITED LINCOLNSHIRE HOSPITALS NHS TRUST,22335744,"4,822,422.05",,191889
Department of Health,NHS South West Lincolnshire CCG,5/31/2018,legal fees,LEARNING DIFFICULTIES,BROWNE JACOBSON LLP,22335749,"25,131.00",116396270,386389
Department of Health,NHS South West Lincolnshire CCG,5/31/2018,Clinical&Medical-Independent Sector,LONG TERM CONDITIONS,K2 HEALTHCARE LTD,22335780,"29,617.00",,11
Department of Health,NHS South West Lincolnshire CCG,5/31/2018,Clinical&Medical-Independent Sector,LONG TERM CONDITIONS,K2 HEALTHCARE LTD,22335792,"250,000.00",,12
Department of Health,NHS South West Lincolnshire CCG,5/31/2018,Clinical&Medical-Clinical Other,OUT OF HOURS,K2 HEALTHCARE LTD,22335814,"109,863.00",,10
Department of Health,NHS South West Lincolnshire CCG,5/31/2018,Hcare Srv Rec Fdtn Trust-Contract Baseline,ACUTE COMMISSIONING,NORTHERN LINCOLNSHIRE AND GOOLE HOSPITALS NHS FOUNDATION TRUST,22352429,"238,414.00",654977580,2400019540
Department of Health,NHS South West Lincolnshire CCG,5/31/2018,Clinical&Medical-Independent Sector,PATIENT TRANSPORT,THAMES AMBULANCE SERVICE LTD,22352445,"56,386.00",809846883,20036
Department of Health,NHS South West Lincolnshire CCG,5/31/2018,Clinical&Medical-Independent Sector,OUT OF HOURS,DHU 111 (EAST MIDLANDS) CIC,22352656,"35,172.97",GB257028406,SINV00628
Department of Health,NHS South West Lincolnshire CCG,5/31/2018,Hcare Srv Rec NHS Trust-Contract Baseline,ACUTE COMMISSIONING,UNIVERSITY HOSPITALS OF LEICESTER NHS TRUST,22352687,"119,285.00",654972400,L0209278
Department of Health,NHS South West Lincolnshire CCG,5/31/2018,Hcare Srv Rec Fdtn Trust-CQUIN,ACUTE COMMISSIONING,CAMBRIDGE UNIVERSITY HOSPITALS NHS FOUNDATION TRUST,22352723,308.08,,70022052
Department of Health,NHS South West Lincolnshire CCG,5/31/2018,Hcare Srv Rec Fdtn Trust-Contract Baseline,ACUTE COMMISSIONING,CAMBRIDGE UNIVERSITY HOSPITALS NHS FOUNDATION TRUST,22352723,"25,820.83",,70022052
Department of Health,NHS South West Lincolnshire CCG,5/31/2018,Clinical&Medical-Independent Sector,OUT OF HOURS,DHU 111 (EAST MIDLANDS) CIC,22381323,"35,607.22",GB257028406,SINV00594
Department of Health,NHS South West Lincolnshire CCG,5/31/2018,Hcare Srv Rec Fdtn Trust-Contract Baseline,ACUTE COMMISSIONING,SHERWOOD FOREST HOSPITALS NHS FOUNDATION TRUST,22381335,"96,972.42",,164086
Department of Health,NHS South West Lincolnshire CCG,5/31/2018,Clinical&Medical-Independent Sector,ACUTE COMMISSIONING,NOTTINGHAM WOODTHORPE HOSPITAL,22381343,"55,267.18",,04QNWH1711
Department of Health,NHS South West Lincolnshire CCG,5/31/2018,Clinical&Medical-Independent Sector,ACUTE COMMISSIONING,NOTTINGHAM WOODTHORPE HOSPITAL,22381352,"104,129.36",,1MAY1804QSWL
Department of Health,NHS South West Lincolnshire CCG,5/31/2018,Hcare Srv Rec NHS Trust-CQUIN,AMBULANCE SERVICES,EAST MIDLANDS AMBULANCE SERVICE NHS TRUST,22381361,"3,956.00",,11311657
Department of Health,NHS South West Lincolnshire CCG,5/31/2018,Hcare Srv Rec NHS Trust-Contract Baseline,AMBULANCE SERVICES,EAST MIDLANDS AMBULANCE SERVICE NHS TRUST,22381361,"316,318.00",,11311657
Department of Health,NHS South West Lincolnshire CCG,5/31/2018,Clinical&Medical-Independent Sector,ACUTE COMMISSIONING,BMI HEALTHCARE COLLECTIONS,22381370,"36,515.16",,91830
Department of Health,NHS South West Lincolnshire CCG,5/31/2018,Chrgs from SLA,CONTRACT MANAGEMENT,OPTUM HEALTH SOLUTIONS (UK) LTD,22401981,"101,955.26",GB108297604,1085211
Department of Health,NHS South West Lincolnshire CCG,5/31/2018,Chrgs from SLA,NON RECURRENT PROGRAMMES,OPTUM HEALTH SOLUTIONS (UK) LTD,22401981,"23,543.86",GB108297604,1085211
Department of Health,NHS South West Lincolnshire CCG,5/31/2018,Hcare Srv Rec Fdtn Trust-Contract Baseline,ACUTE COMMISSIONING,DERBY TEACHING HOSPITALS NHS FT,22424473,"54,360.86",GB654967976,800000808
Department of Health,NHS South West Lincolnshire CCG,5/31/2018,Hcare Srv Rec Fdtn Trust-Contract Baseline,ACUTE COMMISSIONING,DERBY TEACHING HOSPITALS NHS FT,22424475,"54,360.86",GB654967976,800000788
Department of Health,NHS South West Lincolnshire CCG,5/31/2018,Hcare Srv Rec Fdtn Trust-Contract Baseline,ACUTE COMMISSIONING,DERBY TEACHING HOSPITALS NHS FT,22424478,"-52,537.89",GB654967976,PF810000086
Department of Health,NHS South West Lincolnshire CCG,5/31/2018,Hcare Srv Rec Fdtn Trust-Contract Baseline,ACUTE COMMISSIONING,DERBY TEACHING HOSPITALS NHS FT,22424480,"54,360.86",GB654967976,800000715
,,,,,,,,,
,,,,,,,,,
,,,,,,,"13,254,444.46",,
