Department family,Entity,Date,Expense Type,Expense area,Supplier,Transaction number,AP Amount (�)
Department of Health,NHS South West Lincolnshire CCG,1/31/2019,Sterile Products,PRESCRIBING,LINCS COMMUNITY HEALTH SERVICES NHS TRUST,25402378,"27,652.40"
Department of Health,NHS South West Lincolnshire CCG,1/31/2019,Clinical&Medical-Voluntary Sector,HOSPICES,ST BARNABAS HOSPICE TRUST,25407355,"66,550.27"
Department of Health,NHS South West Lincolnshire CCG,1/31/2019,Clinical&Medical-Voluntary Sector,HOSPICES,ST BARNABAS HOSPICE TRUST,25407359,"58,403.33"
Department of Health,NHS South West Lincolnshire CCG,1/31/2019,C&M-PMS Baseline Adjustment,PRC DELEGATED CO-COMMISSIONING,DR GALLOP & PARTNERS,25424049,"45,455.09"
Department of Health,NHS South West Lincolnshire CCG,1/31/2019,C&M-PMS GP Statutory Levy,PRC DELEGATED CO-COMMISSIONING,DR GALLOP & PARTNERS,25424049,4.18
Department of Health,NHS South West Lincolnshire CCG,1/31/2019,C&M-PMS Prem Notional Rent,PRC DELEGATED CO-COMMISSIONING,DR GALLOP & PARTNERS,25424049,"4,833.33"
Department of Health,NHS South West Lincolnshire CCG,1/31/2019,C&M-PMS QOF Aspiration,PRC DELEGATED CO-COMMISSIONING,DR GALLOP & PARTNERS,25424049,"4,520.73"
Department of Health,NHS South West Lincolnshire CCG,1/31/2019,C&M-PMS Voluntary Levy,PRC DELEGATED CO-COMMISSIONING,DR GALLOP & PARTNERS,25424049,0.50
Department of Health,NHS South West Lincolnshire CCG,1/31/2019,C&M-GMS Prem Notional Rent,PRC DELEGATED CO-COMMISSIONING,WELBY PRACTICE (THE),25424051,"-122,806.57"
Department of Health,NHS South West Lincolnshire CCG,1/31/2019,Clinical&Medical-Independent Sector,WHEELCHAIR SERVICE,MILLBROOK HEALTHCARE LTD,25428774,"25,382.62"
Department of Health,NHS South West Lincolnshire CCG,1/31/2019,C&M-GMS PCO Locum Adop/Pat/Mat,PRC DELEGATED CO-COMMISSIONING,WELBY PRACTICE (THE),25437990,"3,703.87"
Department of Health,NHS South West Lincolnshire CCG,1/31/2019,C&M-GMS Prem Actual Rent,PRC DELEGATED CO-COMMISSIONING,WELBY PRACTICE (THE),25437990,"141,221.16"
Department of Health,NHS South West Lincolnshire CCG,1/31/2019,Hcare Srv Rec NHS Trust-Over/ Under Performance,ACUTE COMMISSIONING,NOTTINGHAM UNIVERSITY HOSPITALS NHS TRUST,25450451,"87,387.00"
Department of Health,NHS South West Lincolnshire CCG,1/31/2019,Hcare Srv Rec Fdtn Trust-Contract Baseline,MENTAL HEALTH CONTRACTS,LINCOLNSHIRE PARTNERSHIP NHS FOUNDATION TRUST,25450534,"921,427.11"
Department of Health,NHS South West Lincolnshire CCG,1/31/2019,Hcare Srv Rec Fdtn Trust-Non Contract,IMPROVING ACCESS TO PSYCHOLOGICAL THERAPIES,LINCOLNSHIRE PARTNERSHIP NHS FOUNDATION TRUST,25450542,"62,607.21"
Department of Health,NHS South West Lincolnshire CCG,1/31/2019,Hcare Srv Rec Fdtn Trust-Non Contract,IMPROVING ACCESS TO PSYCHOLOGICAL THERAPIES,LINCOLNSHIRE PARTNERSHIP NHS FOUNDATION TRUST,25450545,"52,000.00"
Department of Health,NHS South West Lincolnshire CCG,1/31/2019,Hcare Srv Rec Fdtn Trust-Contract Baseline,MENTAL HEALTH CONTRACTS,LINCOLNSHIRE PARTNERSHIP NHS FOUNDATION TRUST,25450548,"273,000.00"
Department of Health,NHS South West Lincolnshire CCG,1/31/2019,Hcare Srv Rec Fdtn Trust-CQUIN,ACUTE COMMISSIONING,NORTH WEST ANGLIA NHS FOUNDATION TRUST,25467280,"4,297.25"
Department of Health,NHS South West Lincolnshire CCG,1/31/2019,Hcare Srv Rec Fdtn Trust-Contract Baseline,ACUTE COMMISSIONING,NORTH WEST ANGLIA NHS FOUNDATION TRUST,25467280,"368,357.92"
Department of Health,NHS South West Lincolnshire CCG,1/31/2019,Clinical&Medical-Independent Sector,ACUTE COMMISSIONING,ORTHOPAEDICS & SPINE SPECIALIST HOSPITAL,25467283,"62,723.00"
Department of Health,NHS South West Lincolnshire CCG,1/31/2019,Hcare Srv Rec NHS Trust-CQUIN,AMBULANCE SERVICES,EAST MIDLANDS AMBULANCE SERVICE NHS TRUST,25467287,"3,913.00"
Department of Health,NHS South West Lincolnshire CCG,1/31/2019,Hcare Srv Rec NHS Trust-Contract Baseline,AMBULANCE SERVICES,EAST MIDLANDS AMBULANCE SERVICE NHS TRUST,25467287,"313,018.00"
Department of Health,NHS South West Lincolnshire CCG,1/31/2019,Clinical&Medical-Independent Sector,ACUTE COMMISSIONING,BOSTON WEST HOSPITAL,25472071,"58,079.37"
Department of Health,NHS South West Lincolnshire CCG,1/31/2019,Clinical&Medical-Independent Sector,ACUTE COMMISSIONING,FITZWILLIAM HOSPITAL,25472076,"135,654.83"
Department of Health,NHS South West Lincolnshire CCG,1/31/2019,Hcare Srv Rec NHS Trust-Contract Baseline,COMMUNITY SERVICES,LINCS COMMUNITY HEALTH SERVICES NHS TRUST,25499060,"784,794.13"
Department of Health,NHS South West Lincolnshire CCG,1/31/2019,Chrgs from SLA,CONTRACT MANAGEMENT,OPTUM HEALTH SOLUTIONS (UK) LTD,25528343,"32,199.68"
Department of Health,NHS South West Lincolnshire CCG,1/31/2019,Charges from CSU,CONTINUING HEALTHCARE ASSESSMENT & SUPPORT,NHS ARDEN AND GEM CSU,25528396,"26,236.83"
Department of Health,NHS South West Lincolnshire CCG,1/31/2019,Charges from CSU,CONTRACT MANAGEMENT,NHS ARDEN AND GEM CSU,25528396,"2,972.08"
Department of Health,NHS South West Lincolnshire CCG,1/31/2019,Charges from CSU,CONTRACT MANAGEMENT,OPTUM HEALTH SOLUTIONS (UK) LTD,25528459,"-32,199.68"
Department of Health,NHS South West Lincolnshire CCG,1/31/2019,Charges from CSU,CONTINUING HEALTHCARE ASSESSMENT & SUPPORT,NHS ARDEN AND GEM CSU,25528474,"26,236.83"
Department of Health,NHS South West Lincolnshire CCG,1/31/2019,Charges from CSU,CONTRACT MANAGEMENT,NHS ARDEN AND GEM CSU,25528474,"2,972.08"
Department of Health,NHS South West Lincolnshire CCG,1/31/2019,Clinical&Medical-Independent Sector,MENTAL HEALTH SERVICES - ADULTS,ELYSIUM HEALTHCARE LTD,25528527,"33,043.00"
Department of Health,NHS South West Lincolnshire CCG,1/31/2019,C&M-GMS DES Extended Hours Access,PRC DELEGATED CO-COMMISSIONING,DR AJ WATTS & PARTNERS,25547366,"4,290.20"
Department of Health,NHS South West Lincolnshire CCG,1/31/2019,C&M-GMS DES Minor Surgery,PRC DELEGATED CO-COMMISSIONING,DR AJ WATTS & PARTNERS,25547366,"1,915.76"
Department of Health,NHS South West Lincolnshire CCG,1/31/2019,C&M-GMS Global Sum,PRC DELEGATED CO-COMMISSIONING,DR AJ WATTS & PARTNERS,25547366,"71,936.68"
Department of Health,NHS South West Lincolnshire CCG,1/31/2019,C&M-GMS Prem Notional Rent,PRC DELEGATED CO-COMMISSIONING,DR AJ WATTS & PARTNERS,25547366,"3,516.67"
Department of Health,NHS South West Lincolnshire CCG,1/31/2019,C&M-GMS Prem Water Rates,PRC DELEGATED CO-COMMISSIONING,DR AJ WATTS & PARTNERS,25547366,756.19
Department of Health,NHS South West Lincolnshire CCG,1/31/2019,C&M-GMS QOF Aspiration,PRC DELEGATED CO-COMMISSIONING,DR AJ WATTS & PARTNERS,25547366,"7,501.91"
Department of Health,NHS South West Lincolnshire CCG,1/31/2019,C&M-GMS Global Sum,PRC DELEGATED CO-COMMISSIONING,DR ALLSEBROOK & PARTNERS,25547368,"38,678.87"
Department of Health,NHS South West Lincolnshire CCG,1/31/2019,C&M-GMS MPIG Correction Factor,PRC DELEGATED CO-COMMISSIONING,DR ALLSEBROOK & PARTNERS,25547368,567.73
Department of Health,NHS South West Lincolnshire CCG,1/31/2019,C&M-GMS QOF Aspiration,PRC DELEGATED CO-COMMISSIONING,DR ALLSEBROOK & PARTNERS,25547368,"4,297.80"
Department of Health,NHS South West Lincolnshire CCG,1/31/2019,C&M-GMS DES Extended Hours Access,PRC DELEGATED CO-COMMISSIONING,DR G ENNIS,25547370,870.20
Department of Health,NHS South West Lincolnshire CCG,1/31/2019,C&M-GMS Global Sum,PRC DELEGATED CO-COMMISSIONING,DR G ENNIS,25547370,"26,757.50"
Department of Health,NHS South West Lincolnshire CCG,1/31/2019,C&M-GMS MPIG Correction Factor,PRC DELEGATED CO-COMMISSIONING,DR G ENNIS,25547370,952.73
Department of Health,NHS South West Lincolnshire CCG,1/31/2019,C&M-GMS Prem Notional Rent,PRC DELEGATED CO-COMMISSIONING,DR G ENNIS,25547370,"4,750.00"
Department of Health,NHS South West Lincolnshire CCG,1/31/2019,C&M-GMS QOF Aspiration,PRC DELEGATED CO-COMMISSIONING,DR G ENNIS,25547370,"2,416.81"
Department of Health,NHS South West Lincolnshire CCG,1/31/2019,C&M-GMS DES Extended Hours Access,PRC DELEGATED CO-COMMISSIONING,DR JB ELDER & PARTNERS,25547372,"2,234.88"
Department of Health,NHS South West Lincolnshire CCG,1/31/2019,C&M-GMS Global Sum,PRC DELEGATED CO-COMMISSIONING,DR JB ELDER & PARTNERS,25547372,"36,949.11"
Department of Health,NHS South West Lincolnshire CCG,1/31/2019,C&M-GMS MPIG Correction Factor,PRC DELEGATED CO-COMMISSIONING,DR JB ELDER & PARTNERS,25547372,170.58
Department of Health,NHS South West Lincolnshire CCG,1/31/2019,C&M-GMS QOF Aspiration,PRC DELEGATED CO-COMMISSIONING,DR JB ELDER & PARTNERS,25547372,"3,811.17"
Department of Health,NHS South West Lincolnshire CCG,1/31/2019,C&M-GMS DES Minor Surgery,PRC DELEGATED CO-COMMISSIONING,DR LAWRENSON & PARTNERS,25547374,"2,484.23"
Department of Health,NHS South West Lincolnshire CCG,1/31/2019,C&M-GMS Global Sum,PRC DELEGATED CO-COMMISSIONING,DR LAWRENSON & PARTNERS,25547374,"47,805.38"
Department of Health,NHS South West Lincolnshire CCG,1/31/2019,C&M-GMS Prem Actual Rent,PRC DELEGATED CO-COMMISSIONING,DR LAWRENSON & PARTNERS,25547374,"25,015.40"
Department of Health,NHS South West Lincolnshire CCG,1/31/2019,C&M-GMS QOF Aspiration,PRC DELEGATED CO-COMMISSIONING,DR LAWRENSON & PARTNERS,25547374,"5,288.83"
Department of Health,NHS South West Lincolnshire CCG,1/31/2019,C&M-GMS DES Extended Hours Access,PRC DELEGATED CO-COMMISSIONING,DR LEEPER & PARTNERS,25547376,"2,253.88"
Department of Health,NHS South West Lincolnshire CCG,1/31/2019,C&M-GMS DES Minor Surgery,PRC DELEGATED CO-COMMISSIONING,DR LEEPER & PARTNERS,25547376,"1,351.21"
Department of Health,NHS South West Lincolnshire CCG,1/31/2019,C&M-GMS Global Sum,PRC DELEGATED CO-COMMISSIONING,DR LEEPER & PARTNERS,25547376,"43,441.89"
Department of Health,NHS South West Lincolnshire CCG,1/31/2019,C&M-GMS Prem Water Rates,PRC DELEGATED CO-COMMISSIONING,DR LEEPER & PARTNERS,25547376,158.06
Department of Health,NHS South West Lincolnshire CCG,1/31/2019,C&M-GMS QOF Aspiration,PRC DELEGATED CO-COMMISSIONING,DR LEEPER & PARTNERS,25547376,"4,426.07"
Department of Health,NHS South West Lincolnshire CCG,1/31/2019,C&M-GMS DES Extended Hours Access,PRC DELEGATED CO-COMMISSIONING,DR PARKIN & PARTNERS GRANTHAM,25547378,"7,463.20"
Department of Health,NHS South West Lincolnshire CCG,1/31/2019,C&M-GMS DES Minor Surgery,PRC DELEGATED CO-COMMISSIONING,DR PARKIN & PARTNERS GRANTHAM,25547378,"8,780.45"
Department of Health,NHS South West Lincolnshire CCG,1/31/2019,C&M-GMS Global Sum,PRC DELEGATED CO-COMMISSIONING,DR PARKIN & PARTNERS GRANTHAM,25547378,"111,875.85"
Department of Health,NHS South West Lincolnshire CCG,1/31/2019,C&M-GMS MPIG Correction Factor,PRC DELEGATED CO-COMMISSIONING,DR PARKIN & PARTNERS GRANTHAM,25547378,"5,183.13"
Department of Health,NHS South West Lincolnshire CCG,1/31/2019,C&M-GMS Prem Notional Rent,PRC DELEGATED CO-COMMISSIONING,DR PARKIN & PARTNERS GRANTHAM,25547378,"7,456.25"
Department of Health,NHS South West Lincolnshire CCG,1/31/2019,C&M-GMS QOF Aspiration,PRC DELEGATED CO-COMMISSIONING,DR PARKIN & PARTNERS GRANTHAM,25547378,"16,675.22"
Department of Health,NHS South West Lincolnshire CCG,1/31/2019,C&M-GMS DES Extended Hours Access,PRC DELEGATED CO-COMMISSIONING,DR PARRY & PARTNERS SLEAFORD,25547380,"3,051.88"
Department of Health,NHS South West Lincolnshire CCG,1/31/2019,C&M-GMS DES Minor Surgery,PRC DELEGATED CO-COMMISSIONING,DR PARRY & PARTNERS SLEAFORD,25547380,609.56
Department of Health,NHS South West Lincolnshire CCG,1/31/2019,C&M-GMS Global Sum,PRC DELEGATED CO-COMMISSIONING,DR PARRY & PARTNERS SLEAFORD,25547380,"55,566.46"
Department of Health,NHS South West Lincolnshire CCG,1/31/2019,C&M-GMS Prem Actual Rent,PRC DELEGATED CO-COMMISSIONING,DR PARRY & PARTNERS SLEAFORD,25547380,"3,899.19"
Department of Health,NHS South West Lincolnshire CCG,1/31/2019,C&M-GMS QOF Aspiration,PRC DELEGATED CO-COMMISSIONING,DR PARRY & PARTNERS SLEAFORD,25547380,"6,695.56"
Department of Health,NHS South West Lincolnshire CCG,1/31/2019,C&M-GMS DES Violent Patients,PRC DELEGATED CO-COMMISSIONING,DR MTC HIGGINS & PARTNERS,25547382,"2,359.50"
Department of Health,NHS South West Lincolnshire CCG,1/31/2019,C&M-GMS Global Sum,PRC DELEGATED CO-COMMISSIONING,DR MTC HIGGINS & PARTNERS,25547382,"54,540.29"
Department of Health,NHS South West Lincolnshire CCG,1/31/2019,C&M-GMS MPIG Correction Factor,PRC DELEGATED CO-COMMISSIONING,DR MTC HIGGINS & PARTNERS,25547382,907.41
Department of Health,NHS South West Lincolnshire CCG,1/31/2019,C&M-GMS Prem Notional Rent,PRC DELEGATED CO-COMMISSIONING,DR MTC HIGGINS & PARTNERS,25547382,"5,037.33"
Department of Health,NHS South West Lincolnshire CCG,1/31/2019,C&M-GMS QOF Aspiration,PRC DELEGATED CO-COMMISSIONING,DR MTC HIGGINS & PARTNERS,25547382,"7,251.36"
Department of Health,NHS South West Lincolnshire CCG,1/31/2019,C&M-GMS DES Extended Hours Access,PRC DELEGATED CO-COMMISSIONING,DR RYDER & PARTNERS,25547384,"3,648.00"
Department of Health,NHS South West Lincolnshire CCG,1/31/2019,C&M-GMS Global Sum,PRC DELEGATED CO-COMMISSIONING,DR RYDER & PARTNERS,25547384,"65,124.27"
Department of Health,NHS South West Lincolnshire CCG,1/31/2019,C&M-GMS QOF Aspiration,PRC DELEGATED CO-COMMISSIONING,DR RYDER & PARTNERS,25547384,"6,432.22"
Department of Health,NHS South West Lincolnshire CCG,1/31/2019,C&M-GMS DES Extended Hours Access,PRC DELEGATED CO-COMMISSIONING,DR WEBSTER & PARTNERS,25547386,"8,587.05"
Department of Health,NHS South West Lincolnshire CCG,1/31/2019,C&M-GMS Global Sum,PRC DELEGATED CO-COMMISSIONING,DR WEBSTER & PARTNERS,25547386,"128,170.34"
Department of Health,NHS South West Lincolnshire CCG,1/31/2019,C&M-GMS Prem Notional Rent,PRC DELEGATED CO-COMMISSIONING,DR WEBSTER & PARTNERS,25547386,"12,683.33"
Department of Health,NHS South West Lincolnshire CCG,1/31/2019,C&M-GMS Prem Water Rates,PRC DELEGATED CO-COMMISSIONING,DR WEBSTER & PARTNERS,25547386,395.49
Department of Health,NHS South West Lincolnshire CCG,1/31/2019,C&M-GMS QOF Aspiration,PRC DELEGATED CO-COMMISSIONING,DR WEBSTER & PARTNERS,25547386,"16,479.95"
Department of Health,NHS South West Lincolnshire CCG,1/31/2019,C&M-GMS DES Extended Hours Access,PRC DELEGATED CO-COMMISSIONING,DR TEDBURY & PARTNERS,25547390,"7,121.68"
Department of Health,NHS South West Lincolnshire CCG,1/31/2019,C&M-GMS DES Minor Surgery,PRC DELEGATED CO-COMMISSIONING,DR TEDBURY & PARTNERS,25547390,"3,010.14"
Department of Health,NHS South West Lincolnshire CCG,1/31/2019,C&M-GMS Global Sum,PRC DELEGATED CO-COMMISSIONING,DR TEDBURY & PARTNERS,25547390,"96,299.64"
Department of Health,NHS South West Lincolnshire CCG,1/31/2019,C&M-GMS MPIG Correction Factor,PRC DELEGATED CO-COMMISSIONING,DR TEDBURY & PARTNERS,25547390,71.53
Department of Health,NHS South West Lincolnshire CCG,1/31/2019,C&M-GMS Prem Notional Rent,PRC DELEGATED CO-COMMISSIONING,DR TEDBURY & PARTNERS,25547390,"7,279.67"
Department of Health,NHS South West Lincolnshire CCG,1/31/2019,C&M-GMS Prem Water Rates,PRC DELEGATED CO-COMMISSIONING,DR TEDBURY & PARTNERS,25547390,231.40
Department of Health,NHS South West Lincolnshire CCG,1/31/2019,C&M-GMS QOF Aspiration,PRC DELEGATED CO-COMMISSIONING,DR TEDBURY & PARTNERS,25547390,"11,329.16"
Department of Health,NHS South West Lincolnshire CCG,1/31/2019,C&M-GMS DES Extended Hours Access,PRC DELEGATED CO-COMMISSIONING,DR VIJAYAN & PARTNERS,25547392,"4,668.30"
Department of Health,NHS South West Lincolnshire CCG,1/31/2019,C&M-GMS Global Sum,PRC DELEGATED CO-COMMISSIONING,DR VIJAYAN & PARTNERS,25547392,"80,431.91"
Department of Health,NHS South West Lincolnshire CCG,1/31/2019,C&M-GMS MPIG Correction Factor,PRC DELEGATED CO-COMMISSIONING,DR VIJAYAN & PARTNERS,25547392,"1,605.94"
Department of Health,NHS South West Lincolnshire CCG,1/31/2019,C&M-GMS Prem Actual Rent,PRC DELEGATED CO-COMMISSIONING,DR VIJAYAN & PARTNERS,25547392,"2,627.30"
Department of Health,NHS South West Lincolnshire CCG,1/31/2019,C&M-GMS Prem Notional Rent,PRC DELEGATED CO-COMMISSIONING,DR VIJAYAN & PARTNERS,25547392,"4,394.91"
Department of Health,NHS South West Lincolnshire CCG,1/31/2019,C&M-GMS QOF Aspiration,PRC DELEGATED CO-COMMISSIONING,DR VIJAYAN & PARTNERS,25547392,"8,997.27"
Department of Health,NHS South West Lincolnshire CCG,1/31/2019,C&M-GMS DES Extended Hours Access,PRC DELEGATED CO-COMMISSIONING,WELBY PRACTICE (THE),25547395,"2,134.65"
Department of Health,NHS South West Lincolnshire CCG,1/31/2019,C&M-GMS Global Sum,PRC DELEGATED CO-COMMISSIONING,WELBY PRACTICE (THE),25547395,"60,445.51"
Department of Health,NHS South West Lincolnshire CCG,1/31/2019,C&M-GMS MPIG Correction Factor,PRC DELEGATED CO-COMMISSIONING,WELBY PRACTICE (THE),25547395,"3,218.70"
Department of Health,NHS South West Lincolnshire CCG,1/31/2019,C&M-GMS Prem Actual Rent,PRC DELEGATED CO-COMMISSIONING,WELBY PRACTICE (THE),25547395,"6,272.00"
Department of Health,NHS South West Lincolnshire CCG,1/31/2019,C&M-GMS Prem Notional Rent,PRC DELEGATED CO-COMMISSIONING,WELBY PRACTICE (THE),25547395,"7,954.16"
Department of Health,NHS South West Lincolnshire CCG,1/31/2019,C&M-GMS QOF Aspiration,PRC DELEGATED CO-COMMISSIONING,WELBY PRACTICE (THE),25547395,"5,616.28"
Department of Health,NHS South West Lincolnshire CCG,1/31/2019,C&M-GMS DES Extended Hours Access,PRC DELEGATED CO-COMMISSIONING,GLENSIDE COUNTRY PRACTICE,25571983,"1,632.10"
Department of Health,NHS South West Lincolnshire CCG,1/31/2019,C&M-GMS DES Minor Surgery,PRC DELEGATED CO-COMMISSIONING,GLENSIDE COUNTRY PRACTICE,25571983,"2,448.53"
Department of Health,NHS South West Lincolnshire CCG,1/31/2019,C&M-GMS Global Sum,PRC DELEGATED CO-COMMISSIONING,GLENSIDE COUNTRY PRACTICE,25571983,"26,818.55"
Department of Health,NHS South West Lincolnshire CCG,1/31/2019,C&M-GMS MPIG Correction Factor,PRC DELEGATED CO-COMMISSIONING,GLENSIDE COUNTRY PRACTICE,25571983,"1,060.30"
Department of Health,NHS South West Lincolnshire CCG,1/31/2019,C&M-GMS PCO Other,PRC DELEGATED CO-COMMISSIONING,GLENSIDE COUNTRY PRACTICE,25571983,"2,479.00"
Department of Health,NHS South West Lincolnshire CCG,1/31/2019,C&M-GMS Prem Notional Rent,PRC DELEGATED CO-COMMISSIONING,GLENSIDE COUNTRY PRACTICE,25571983,"4,187.50"
Department of Health,NHS South West Lincolnshire CCG,1/31/2019,C&M-GMS Prem Rates,PRC DELEGATED CO-COMMISSIONING,GLENSIDE COUNTRY PRACTICE,25571983,"5,854.38"
Department of Health,NHS South West Lincolnshire CCG,1/31/2019,C&M-GMS Prem Water Rates,PRC DELEGATED CO-COMMISSIONING,GLENSIDE COUNTRY PRACTICE,25571983,913.02
Department of Health,NHS South West Lincolnshire CCG,1/31/2019,C&M-GMS QOF Aspiration,PRC DELEGATED CO-COMMISSIONING,GLENSIDE COUNTRY PRACTICE,25571983,"2,708.12"
Department of Health,NHS South West Lincolnshire CCG,1/31/2019,Income tax <1Yr,BALANCE SHEET,HMRC,25577170,"31,245.65"
Department of Health,NHS South West Lincolnshire CCG,1/31/2019,Income tax <1Yr-Student Loans,BALANCE SHEET,HMRC,25577170,435.00
Department of Health,NHS South West Lincolnshire CCG,1/31/2019,National Insurance < 1 yr-NI- ERS,BALANCE SHEET,HMRC,25577170,"19,000.74"
Department of Health,NHS South West Lincolnshire CCG,1/31/2019,National Insurance < 1 yr-NI-EES,BALANCE SHEET,HMRC,25577170,"13,245.62"
Department of Health,NHS South West Lincolnshire CCG,1/31/2019,Clinical&Medical-Independent Sector,NCAS/OATS,SPIRE HEALTHCARE LTD,25586060,"26,155.40"
Department of Health,NHS South West Lincolnshire CCG,1/31/2019,Hcare Srv Rec NHS Trust-CQUIN,ACUTE COMMISSIONING,NOTTINGHAM UNIVERSITY HOSPITALS NHS TRUST,25586064,"14,217.00"
Department of Health,NHS South West Lincolnshire CCG,1/31/2019,Hcare Srv Rec NHS Trust-Contract Baseline,ACUTE COMMISSIONING,NOTTINGHAM UNIVERSITY HOSPITALS NHS TRUST,25586064,"594,417.00"
Department of Health,NHS South West Lincolnshire CCG,1/31/2019,Hcare Srv Rec Fdtn Trust-CQUIN,MENTAL HEALTH CONTRACTS,LINCOLNSHIRE PARTNERSHIP NHS FOUNDATION TRUST,25586065,"26,092.08"
Department of Health,NHS South West Lincolnshire CCG,1/31/2019,Hcare Srv Rec NHS Trust-Prior Year,ACUTE COMMISSIONING,UNITED LINCOLNSHIRE HOSPITALS NHS TRUST,25586068,"-77,921.91"
Department of Health,NHS South West Lincolnshire CCG,1/31/2019,Clinical&Medical-Independent Sector,MENTAL HEALTH SERVICES - ADULTS,PRIORY CLINIC NOTTINGHAM,25615392,"30,502.00"
Department of Health,NHS South West Lincolnshire CCG,1/31/2019,Clinical&Medical-Independent Sector,PATIENT TRANSPORT,THAMES AMBULANCE SERVICE LTD,25615408,"56,386.00"
Department of Health,NHS South West Lincolnshire CCG,1/31/2019,Clinical&Medical-Othe Public Sector,CARERS,LINCOLNSHIRE COUNTY COUNCIL,25647989,"146,487.00"
Department of Health,NHS South West Lincolnshire CCG,1/31/2019,Clinical&Medical-Othe Public Sector,CHILD AND ADOLESCENT MENTAL HEALTH,LINCOLNSHIRE COUNTY COUNCIL,25647989,"93,396.00"
Department of Health,NHS South West Lincolnshire CCG,1/31/2019,Clinical&Medical-Othe Public Sector,COMMUNITY SERVICES,LINCOLNSHIRE COUNTY COUNCIL,25647989,"42,982.00"
Department of Health,NHS South West Lincolnshire CCG,1/31/2019,Clinical&Medical-Othe Public Sector,LEARNING DIFFICULTIES,LINCOLNSHIRE COUNTY COUNCIL,25647989,"265,254.00"
Department of Health,NHS South West Lincolnshire CCG,1/31/2019,Hcare Srv Rec NHS Trust-Contract Baseline,ACUTE COMMISSIONING,UNIVERSITY HOSPITALS OF LEICESTER NHS TRUST,25660193,"119,285.00"
Department of Health,NHS South West Lincolnshire CCG,1/31/2019,Hcare Srv Rec Fdtn Trust-Contract Baseline,ACUTE COMMISSIONING,UNIVERSITY HOSPITALS OF DERBY & BURTON NHS FOUNDATION TRUST,25660195,"54,360.86"
Department of Health,NHS South West Lincolnshire CCG,1/31/2019,C&M-GMS Cost of Drugs -Dispensing,LOCAL ENHANCED SERVICES,DR AJ WATTS & PARTNERS,25672127,"-127,979.50"
Department of Health,NHS South West Lincolnshire CCG,1/31/2019,C&M-GMS PrscChrgsCll&RmttdbyGPCntra,PRC DELEGATED CO-COMMISSIONING,DR AJ WATTS & PARTNERS,25672127,"-6,626.40"
Department of Health,NHS South West Lincolnshire CCG,1/31/2019,C&M-GMS Cost of Drugs -Dispensing,LOCAL ENHANCED SERVICES,DR AJ WATTS & PARTNERS,25672128,"210,085.40"
Department of Health,NHS South West Lincolnshire CCG,1/31/2019,C&M-GMS Prof Fees Dispensing,PRC DELEGATED CO-COMMISSIONING,DR AJ WATTS & PARTNERS,25672128,"50,798.42"
Department of Health,NHS South West Lincolnshire CCG,1/31/2019,C&M-GMS PrscrptnChrgsColl&RmttdbyGP,LOCAL ENHANCED SERVICES,DR AJ WATTS & PARTNERS,25672128,"6,626.40"
Department of Health,NHS South West Lincolnshire CCG,1/31/2019,C&M-GMS Cost of Drugs -Dispensing,LOCAL ENHANCED SERVICES,DR G ENNIS,25672130,"-32,155.75"
Department of Health,NHS South West Lincolnshire CCG,1/31/2019,C&M-GMS PrscChrgsCll&RmttdbyGPCntra,PRC DELEGATED CO-COMMISSIONING,DR G ENNIS,25672130,"-2,552.00"
Department of Health,NHS South West Lincolnshire CCG,1/31/2019,C&M-GMS Cost of Drugs -Dispensing,LOCAL ENHANCED SERVICES,DR G ENNIS,25672131,"56,760.66"
Department of Health,NHS South West Lincolnshire CCG,1/31/2019,C&M-GMS Prof Fees Dispensing,PRC DELEGATED CO-COMMISSIONING,DR G ENNIS,25672131,"12,930.78"
Department of Health,NHS South West Lincolnshire CCG,1/31/2019,C&M-GMS PrscrptnChrgsColl&RmttdbyGP,LOCAL ENHANCED SERVICES,DR G ENNIS,25672131,"2,552.00"
Department of Health,NHS South West Lincolnshire CCG,1/31/2019,C&M-GMS Cost of Drugs -Dispensing,LOCAL ENHANCED SERVICES,DR JB ELDER & PARTNERS,25672133,"-55,363.20"
Department of Health,NHS South West Lincolnshire CCG,1/31/2019,C&M-GMS PrscChrgsCll&RmttdbyGPCntra,PRC DELEGATED CO-COMMISSIONING,DR JB ELDER & PARTNERS,25672133,"-2,895.20"
Department of Health,NHS South West Lincolnshire CCG,1/31/2019,C&M-GMS Cost of Drugs -Dispensing,LOCAL ENHANCED SERVICES,DR JB ELDER & PARTNERS,25672134,"99,858.54"
Department of Health,NHS South West Lincolnshire CCG,1/31/2019,C&M-GMS Prof Fees Dispensing,PRC DELEGATED CO-COMMISSIONING,DR JB ELDER & PARTNERS,25672134,"17,948.58"
Department of Health,NHS South West Lincolnshire CCG,1/31/2019,C&M-GMS PrscrptnChrgsColl&RmttdbyGP,LOCAL ENHANCED SERVICES,DR JB ELDER & PARTNERS,25672134,"2,895.20"
Department of Health,NHS South West Lincolnshire CCG,1/31/2019,C&M-GMS Cost of Drugs -Dispensing,LOCAL ENHANCED SERVICES,DR LAWRENSON & PARTNERS,25672135,"-61,171.60"
Department of Health,NHS South West Lincolnshire CCG,1/31/2019,C&M-GMS PrscChrgsCll&RmttdbyGPCntra,PRC DELEGATED CO-COMMISSIONING,DR LAWRENSON & PARTNERS,25672135,"-3,836.80"
Department of Health,NHS South West Lincolnshire CCG,1/31/2019,C&M-GMS Cost of Drugs -Dispensing,LOCAL ENHANCED SERVICES,DR LAWRENSON & PARTNERS,25672136,"114,881.03"
Department of Health,NHS South West Lincolnshire CCG,1/31/2019,C&M-GMS Prof Fees Dispensing,PRC DELEGATED CO-COMMISSIONING,DR LAWRENSON & PARTNERS,25672136,"23,073.93"
Department of Health,NHS South West Lincolnshire CCG,1/31/2019,C&M-GMS PrscrptnChrgsColl&RmttdbyGP,LOCAL ENHANCED SERVICES,DR LAWRENSON & PARTNERS,25672136,"3,836.80"
Department of Health,NHS South West Lincolnshire CCG,1/31/2019,C&M-GMS Cost of Drugs -Dispensing,LOCAL ENHANCED SERVICES,DR LEEPER & PARTNERS,25672137,"-84,489.88"
Department of Health,NHS South West Lincolnshire CCG,1/31/2019,C&M-GMS PrscChrgsCll&RmttdbyGPCntra,PRC DELEGATED CO-COMMISSIONING,DR LEEPER & PARTNERS,25672137,"-3,027.20"
Department of Health,NHS South West Lincolnshire CCG,1/31/2019,C&M-GMS Cost of Drugs -Dispensing,LOCAL ENHANCED SERVICES,DR LEEPER & PARTNERS,25672138,"160,531.56"
Department of Health,NHS South West Lincolnshire CCG,1/31/2019,C&M-GMS Prof Fees Dispensing,PRC DELEGATED CO-COMMISSIONING,DR LEEPER & PARTNERS,25672138,"29,523.31"
Department of Health,NHS South West Lincolnshire CCG,1/31/2019,C&M-GMS PrscrptnChrgsColl&RmttdbyGP,LOCAL ENHANCED SERVICES,DR LEEPER & PARTNERS,25672138,"3,027.20"
Department of Health,NHS South West Lincolnshire CCG,1/31/2019,C&M-GMS Cost of Drugs -Dispensing,LOCAL ENHANCED SERVICES,DR PARRY & PARTNERS SLEAFORD,25672140,"-99,145.80"
Department of Health,NHS South West Lincolnshire CCG,1/31/2019,C&M-GMS PrscChrgsCll&RmttdbyGPCntra,PRC DELEGATED CO-COMMISSIONING,DR PARRY & PARTNERS SLEAFORD,25672140,"-3,608.00"
Department of Health,NHS South West Lincolnshire CCG,1/31/2019,C&M-GMS Cost of Drugs -Dispensing,LOCAL ENHANCED SERVICES,DR PARRY & PARTNERS SLEAFORD,25672141,"193,103.81"
Department of Health,NHS South West Lincolnshire CCG,1/31/2019,C&M-GMS Prof Fees Dispensing,PRC DELEGATED CO-COMMISSIONING,DR PARRY & PARTNERS SLEAFORD,25672141,"42,976.91"
Department of Health,NHS South West Lincolnshire CCG,1/31/2019,C&M-GMS PrscrptnChrgsColl&RmttdbyGP,LOCAL ENHANCED SERVICES,DR PARRY & PARTNERS SLEAFORD,25672141,"3,608.00"
Department of Health,NHS South West Lincolnshire CCG,1/31/2019,C&M-GMS Cost of Drugs -Dispensing,LOCAL ENHANCED SERVICES,DR RYDER & PARTNERS,25672143,"-27,962.62"
Department of Health,NHS South West Lincolnshire CCG,1/31/2019,C&M-GMS PrscChrgsCll&RmttdbyGPCntra,PRC DELEGATED CO-COMMISSIONING,DR RYDER & PARTNERS,25672143,-968.00
Department of Health,NHS South West Lincolnshire CCG,1/31/2019,C&M-GMS Cost of Drugs -Dispensing,LOCAL ENHANCED SERVICES,DR RYDER & PARTNERS,25672144,"59,158.44"
Department of Health,NHS South West Lincolnshire CCG,1/31/2019,C&M-GMS Prof Fees Dispensing,PRC DELEGATED CO-COMMISSIONING,DR RYDER & PARTNERS,25672144,"10,888.53"
Department of Health,NHS South West Lincolnshire CCG,1/31/2019,C&M-GMS PrscrptnChrgsColl&RmttdbyGP,LOCAL ENHANCED SERVICES,DR RYDER & PARTNERS,25672144,968.00
Department of Health,NHS South West Lincolnshire CCG,1/31/2019,C&M-GMS Cost of Drugs -Dispensing,LOCAL ENHANCED SERVICES,DR WEBSTER & PARTNERS,25672145,"-41,896.80"
Department of Health,NHS South West Lincolnshire CCG,1/31/2019,C&M-GMS PrscChrgsCll&RmttdbyGPCntra,PRC DELEGATED CO-COMMISSIONING,DR WEBSTER & PARTNERS,25672145,"-2,015.20"
Department of Health,NHS South West Lincolnshire CCG,1/31/2019,C&M-GMS Cost of Drugs -Dispensing,LOCAL ENHANCED SERVICES,DR WEBSTER & PARTNERS,25672146,"80,874.29"
Department of Health,NHS South West Lincolnshire CCG,1/31/2019,C&M-GMS Prof Fees Dispensing,PRC DELEGATED CO-COMMISSIONING,DR WEBSTER & PARTNERS,25672146,"15,774.50"
Department of Health,NHS South West Lincolnshire CCG,1/31/2019,C&M-GMS PrscrptnChrgsColl&RmttdbyGP,LOCAL ENHANCED SERVICES,DR WEBSTER & PARTNERS,25672146,"2,015.20"
Department of Health,NHS South West Lincolnshire CCG,1/31/2019,C&M-GMS Cost of Drugs -Dispensing,LOCAL ENHANCED SERVICES,DRS BAMBER & MCKECHNIE,25672148,"52,233.22"
Department of Health,NHS South West Lincolnshire CCG,1/31/2019,C&M-GMS Prof Fees Dispensing,PRC DELEGATED CO-COMMISSIONING,DRS BAMBER & MCKECHNIE,25672148,"9,618.21"
Department of Health,NHS South West Lincolnshire CCG,1/31/2019,C&M-GMS PrscrptnChrgsColl&RmttdbyGP,LOCAL ENHANCED SERVICES,DRS BAMBER & MCKECHNIE,25672148,"1,012.00"
Department of Health,NHS South West Lincolnshire CCG,1/31/2019,C&M-GMS Cost of Drugs -Dispensing,LOCAL ENHANCED SERVICES,DR VIJAYAN & PARTNERS,25672150,"-25,861.40"
Department of Health,NHS South West Lincolnshire CCG,1/31/2019,C&M-GMS PrscChrgsCll&RmttdbyGPCntra,PRC DELEGATED CO-COMMISSIONING,DR VIJAYAN & PARTNERS,25672150,"-1,152.80"
Department of Health,NHS South West Lincolnshire CCG,1/31/2019,C&M-GMS Cost of Drugs -Dispensing,LOCAL ENHANCED SERVICES,DR VIJAYAN & PARTNERS,25672151,"22,692.97"
Department of Health,NHS South West Lincolnshire CCG,1/31/2019,C&M-GMS Prof Fees Dispensing,PRC DELEGATED CO-COMMISSIONING,DR VIJAYAN & PARTNERS,25672151,"8,839.85"
Department of Health,NHS South West Lincolnshire CCG,1/31/2019,C&M-GMS PrscrptnChrgsColl&RmttdbyGP,LOCAL ENHANCED SERVICES,DR VIJAYAN & PARTNERS,25672151,"1,152.80"
Department of Health,NHS South West Lincolnshire CCG,1/31/2019,C&M-GMS Cost of Drugs -Dispensing,LOCAL ENHANCED SERVICES,GLENSIDE COUNTRY PRACTICE,25672152,"-40,990.28"
Department of Health,NHS South West Lincolnshire CCG,1/31/2019,C&M-GMS PrscChrgsCll&RmttdbyGPCntra,PRC DELEGATED CO-COMMISSIONING,GLENSIDE COUNTRY PRACTICE,25672152,"-1,346.40"
Department of Health,NHS South West Lincolnshire CCG,1/31/2019,C&M-GMS Cost of Drugs -Dispensing,LOCAL ENHANCED SERVICES,GLENSIDE COUNTRY PRACTICE,25672153,"71,785.72"
Department of Health,NHS South West Lincolnshire CCG,1/31/2019,C&M-GMS Prof Fees Dispensing,PRC DELEGATED CO-COMMISSIONING,GLENSIDE COUNTRY PRACTICE,25672153,"17,721.30"
Department of Health,NHS South West Lincolnshire CCG,1/31/2019,C&M-GMS PrscrptnChrgsColl&RmttdbyGP,LOCAL ENHANCED SERVICES,GLENSIDE COUNTRY PRACTICE,25672153,"1,346.40"
Department of Health,NHS South West Lincolnshire CCG,1/31/2019,C&M-GMS Cost of Drugs -Dispensing,LOCAL ENHANCED SERVICES,WELBY PRACTICE (THE),25672154,"-33,957.84"
Department of Health,NHS South West Lincolnshire CCG,1/31/2019,C&M-GMS PrscChrgsCll&RmttdbyGPCntra,PRC DELEGATED CO-COMMISSIONING,WELBY PRACTICE (THE),25672154,"-1,619.20"
Department of Health,NHS South West Lincolnshire CCG,1/31/2019,C&M-GMS Cost of Drugs -Dispensing,LOCAL ENHANCED SERVICES,WELBY PRACTICE (THE),25672155,"63,194.89"
Department of Health,NHS South West Lincolnshire CCG,1/31/2019,C&M-GMS Prof Fees Dispensing,PRC DELEGATED CO-COMMISSIONING,WELBY PRACTICE (THE),25672155,"13,319.35"
Department of Health,NHS South West Lincolnshire CCG,1/31/2019,C&M-GMS PrscrptnChrgsColl&RmttdbyGP,LOCAL ENHANCED SERVICES,WELBY PRACTICE (THE),25672155,"1,619.20"
Department of Health,NHS South West Lincolnshire CCG,1/31/2019,Clinical&Medical-Independent Sector,ACUTE COMMISSIONING,BMI HEALTHCARE LTD,25681649,"58,231.84"
Department of Health,NHS South West Lincolnshire CCG,1/31/2019,Hcare Srv Rec NHS Trust-CQUIN,ACUTE COMMISSIONING,UNITED LINCOLNSHIRE HOSPITALS NHS TRUST,25683281,"57,689.76"
Department of Health,NHS South West Lincolnshire CCG,1/31/2019,Hcare Srv Rec NHS Trust-Contract Baseline,ACUTE COMMISSIONING,UNITED LINCOLNSHIRE HOSPITALS NHS TRUST,25683281,"4,822,422.05"
Department of Health,NHS South West Lincolnshire CCG,1/31/2019,Hcare Srv Rec Fdtn Trust-CQUIN,ACUTE COMMISSIONING,CAMBRIDGE UNIVERSITY HOSPITALS NHS FOUNDATION TRUST,25697419,308.08
Department of Health,NHS South West Lincolnshire CCG,1/31/2019,Hcare Srv Rec Fdtn Trust-Contract Baseline,ACUTE COMMISSIONING,CAMBRIDGE UNIVERSITY HOSPITALS NHS FOUNDATION TRUST,25697419,"25,820.83"
Department of Health,NHS South West Lincolnshire CCG,1/31/2019,Chrgs from SLA,CONTRACT MANAGEMENT,OPTUM HEALTH SOLUTIONS (UK) LTD,25772267,"91,718.78"
Department of Health,NHS South West Lincolnshire CCG,1/31/2019,Chrgs from SLA,PRIMARY CARE IT,OPTUM HEALTH SOLUTIONS (UK) LTD,25772267,"33,780.34"
Department of Health,NHS South West Lincolnshire CCG,1/31/2019,Clinical&Medical-Independent Sector,ACUTE COMMISSIONING,BMI HEALTHCARE LTD,25772575,"36,515.16"
Department of Health,NHS South West Lincolnshire CCG,1/31/2019,Hcare Srv Rec Fdtn Trust-Contract Baseline,ACUTE COMMISSIONING,SHERWOOD FOREST HOSPITALS NHS FOUNDATION TRUST,25772625,"96,972.42"
Department of Health,NHS South West Lincolnshire CCG,1/31/2019,Sterile Products,PRESCRIBING,LINCS COMMUNITY HEALTH SERVICES NHS TRUST,25772879,"29,927.42"
Department of Health,NHS South West Lincolnshire CCG,1/31/2019,Clinical&Medical-Independent Sector,ACUTE COMMISSIONING,CIRCLE NOTTINGHAM LTD,25782763,"111,029.59"
Department of Health,NHS South West Lincolnshire CCG,1/31/2019,Clinical&Medical-Independent Sector,ACUTE COMMISSIONING,ORTHOPAEDICS & SPINE SPECIALIST HOSPITAL,25782781,"62,723.00"
Department of Health,NHS South West Lincolnshire CCG,1/31/2019,Clinical&Medical-Independent Sector,ACUTE COMMISSIONING,NOTTINGHAM WOODTHORPE HOSPITAL,25782787,"89,018.28"
Department of Health,NHS South West Lincolnshire CCG,1/31/2019,Clinical&Medical-Independent Sector,ACUTE COMMISSIONING,NOTTINGHAM WOODTHORPE HOSPITAL,25782799,"104,129.36"
