Department family,Entity,Date,Expense Type,Expense area,Supplier,Transaction number,AP Amount (�),VAT registration number,Purchase invoice number
Department of Health,NHS South West Lincolnshire CCG,2/28/2019,legal fees,LEARNING DIFFICULTIES,BROWNE JACOBSON LLP,25810521,"48,336.94",116396270,397617
Department of Health,NHS South West Lincolnshire CCG,2/28/2019,legal fees,LEARNING DIFFICULTIES,BROWNE JACOBSON LLP,25810549,"-48,336.94",116396270,CR000000138
Department of Health,NHS South West Lincolnshire CCG,2/28/2019,legal fees,LEARNING DIFFICULTIES,BROWNE JACOBSON LLP,25810552,"68,493.60",116396270,IN000002735
Department of Health,NHS South West Lincolnshire CCG,2/28/2019,C&M-PMS Baseline Adjustment,PRC DELEGATED CO-COMMISSIONING,DR GALLOP & PARTNERS,25832054,"45,455.09",,LL000037131
Department of Health,NHS South West Lincolnshire CCG,2/28/2019,C&M-PMS DES Minor Surgery,PRC DELEGATED CO-COMMISSIONING,DR GALLOP & PARTNERS,25832054,"1,179.50",,LL000037131
Department of Health,NHS South West Lincolnshire CCG,2/28/2019,C&M-PMS GP Statutory Levy,PRC DELEGATED CO-COMMISSIONING,DR GALLOP & PARTNERS,25832054,4.18,,LL000037131
Department of Health,NHS South West Lincolnshire CCG,2/28/2019,C&M-PMS Prem Notional Rent,PRC DELEGATED CO-COMMISSIONING,DR GALLOP & PARTNERS,25832054,"4,833.33",,LL000037131
Department of Health,NHS South West Lincolnshire CCG,2/28/2019,C&M-PMS QOF Aspiration,PRC DELEGATED CO-COMMISSIONING,DR GALLOP & PARTNERS,25832054,"4,520.73",,LL000037131
Department of Health,NHS South West Lincolnshire CCG,2/28/2019,C&M-PMS Voluntary Levy,PRC DELEGATED CO-COMMISSIONING,DR GALLOP & PARTNERS,25832054,0.50,,LL000037131
Department of Health,NHS South West Lincolnshire CCG,2/28/2019,Clinical&Medical-Independent Sector,MENTAL HEALTH SERVICES - ADULTS,CYGNET HEALTHCARE LTD,25840014,"40,836.00",248280396,HGT0076920
Department of Health,NHS South West Lincolnshire CCG,2/28/2019,Hcare Srv Rec Fdtn Trust-Contract Baseline,ACUTE COMMISSIONING,NORTHERN LINCOLNSHIRE AND GOOLE HOSPITALS NHS FOUNDATION TRUST,25854765,"232,300.00",654977580,2400022525
Department of Health,NHS South West Lincolnshire CCG,2/28/2019,Hcare Srv Rec Fdtn Trust-CQUIN,ACUTE COMMISSIONING,NORTH WEST ANGLIA NHS FOUNDATION TRUST,25854766,"4,297.25",GB654936110,17444925
Department of Health,NHS South West Lincolnshire CCG,2/28/2019,Hcare Srv Rec Fdtn Trust-Contract Baseline,ACUTE COMMISSIONING,NORTH WEST ANGLIA NHS FOUNDATION TRUST,25854766,"368,357.92",GB654936110,17444925
Department of Health,NHS South West Lincolnshire CCG,2/28/2019,Hcare Srv Rec NHS Trust-CQUIN,AMBULANCE SERVICES,EAST MIDLANDS AMBULANCE SERVICE NHS TRUST,25854772,"3,913.00",,11313377
Department of Health,NHS South West Lincolnshire CCG,2/28/2019,Hcare Srv Rec NHS Trust-Contract Baseline,AMBULANCE SERVICES,EAST MIDLANDS AMBULANCE SERVICE NHS TRUST,25854772,"313,018.00",,11313377
Department of Health,NHS South West Lincolnshire CCG,2/28/2019,Clinical&Medical-Independent Sector,MENTAL HEALTH SERVICES - ADULTS,ELYSIUM HEALTHCARE LTD,25872612,"26,357.75",GB257732580,BRW00145
Department of Health,NHS South West Lincolnshire CCG,2/28/2019,Clinical&Medical-Independent Sector,WHEELCHAIR SERVICE,MILLBROOK HEALTHCARE LTD,25886260,"25,382.62",GB675991080,21423
Department of Health,NHS South West Lincolnshire CCG,2/28/2019,Chrgs from SLA,COMMUNITY SERVICES,OPTUM HEALTH SOLUTIONS (UK) LTD,25902054,"49,680.00",GB108297604,1097043
Department of Health,NHS South West Lincolnshire CCG,2/28/2019,Chrgs from SLA,COMMUNITY SERVICES,OPTUM HEALTH SOLUTIONS (UK) LTD,25902062,"26,679.68",GB108297604,1101838
Department of Health,NHS South West Lincolnshire CCG,2/28/2019,Chrgs from SLA,COMMUNITY SERVICES,OPTUM HEALTH SOLUTIONS (UK) LTD,25902065,"26,679.68",GB108297604,1101709
Department of Health,NHS South West Lincolnshire CCG,2/28/2019,Chrgs from SLA,COMMUNITY SERVICES,OPTUM HEALTH SOLUTIONS (UK) LTD,25902069,"26,679.68",GB108297604,1101711
Department of Health,NHS South West Lincolnshire CCG,2/28/2019,Hcare Srv Rec NHS Trust-Over/ Under Performance,ACUTE COMMISSIONING,UNITED LINCOLNSHIRE HOSPITALS NHS TRUST,25902074,"512,077.63",654973592,196566
Department of Health,NHS South West Lincolnshire CCG,2/28/2019,Contr Estate Management,CORPORATE COSTS & SERVICES,NHS PROPERTY SERVICES LTD,25943240,"13,292.00",156725100,H62149
Department of Health,NHS South West Lincolnshire CCG,2/28/2019,Service Charge,CORPORATE COSTS & SERVICES,NHS PROPERTY SERVICES LTD,25943240,"15,360.33",156725100,H62149
Department of Health,NHS South West Lincolnshire CCG,2/28/2019,Contr Estate Management,CORPORATE COSTS & SERVICES,NHS PROPERTY SERVICES LTD,25943252,"13,292.00",156725100,H74791
Department of Health,NHS South West Lincolnshire CCG,2/28/2019,Service Charge,CORPORATE COSTS & SERVICES,NHS PROPERTY SERVICES LTD,25943252,"15,360.33",156725100,H74791
Department of Health,NHS South West Lincolnshire CCG,2/28/2019,Clinical&Medical-Independent Sector,ACUTE COMMISSIONING,ORTHOPAEDICS & SPINE SPECIALIST HOSPITAL,25943404,"-33,416.86",,JTDEC13
Department of Health,NHS South West Lincolnshire CCG,2/28/2019,Hcare Srv Rec NHS Trust-Over/ Under Performance,ACUTE COMMISSIONING,UNIVERSITY HOSPITALS OF LEICESTER NHS TRUST,25943689,"-33,533.68",654972400,C0022368
Department of Health,NHS South West Lincolnshire CCG,2/28/2019,Clinical&Medical-Independent Sector,ACUTE COMMISSIONING,BOSTON WEST HOSPITAL,25966596,"65,071.92",426505170GB,FEB1904QBWH01
Department of Health,NHS South West Lincolnshire CCG,2/28/2019,Hcare Srv Rec NHS Trust-Contract Baseline,COMMUNITY SERVICES,LINCS COMMUNITY HEALTH SERVICES NHS TRUST,25966612,"784,794.13",654440975,4000043748
Department of Health,NHS South West Lincolnshire CCG,2/28/2019,Clinical&Medical-Independent Sector,ACUTE COMMISSIONING,FITZWILLIAM HOSPITAL,25966619,"137,740.83",,FEB19FW04QSC01
Department of Health,NHS South West Lincolnshire CCG,2/28/2019,Hcare Srv Rec NHS Trust-CQUIN,ACUTE COMMISSIONING,NOTTINGHAM UNIVERSITY HOSPITALS NHS TRUST,25966624,"14,217.00",654434827,2000099441
Department of Health,NHS South West Lincolnshire CCG,2/28/2019,Hcare Srv Rec NHS Trust-Contract Baseline,ACUTE COMMISSIONING,NOTTINGHAM UNIVERSITY HOSPITALS NHS TRUST,25966624,"594,417.00",654434827,2000099441
Department of Health,NHS South West Lincolnshire CCG,2/28/2019,Hcare Srv Rec Fdtn Trust-Contract Baseline,MENTAL HEALTH CONTRACTS,LINCOLNSHIRE PARTNERSHIP NHS FOUNDATION TRUST,25966632,"921,427.11",654402453,2000018817
Department of Health,NHS South West Lincolnshire CCG,2/28/2019,Clinical&Medical-Voluntary Sector,HOSPICES,ST BARNABAS HOSPICE TRUST,25966675,"66,550.27",,SIN001699
Department of Health,NHS South West Lincolnshire CCG,2/28/2019,Clinical&Medical-Voluntary Sector,HOSPICES,ST BARNABAS HOSPICE TRUST,25983618,"58,403.33",,SIN001700
Department of Health,NHS South West Lincolnshire CCG,2/28/2019,Clinical&Medical-Independent Sector,ACUTE COMMISSIONING,CIRCLE NOTTINGHAM LTD,25983624,"111,029.59",157231127,8995
Department of Health,NHS South West Lincolnshire CCG,2/28/2019,C&M-GMS Global Sum,PRC DELEGATED CO-COMMISSIONING,DR AJ WATTS & PARTNERS,25994474,"71,936.68",,LL000037269
Department of Health,NHS South West Lincolnshire CCG,2/28/2019,C&M-GMS Prem Notional Rent,PRC DELEGATED CO-COMMISSIONING,DR AJ WATTS & PARTNERS,25994474,"3,516.67",,LL000037269
Department of Health,NHS South West Lincolnshire CCG,2/28/2019,C&M-GMS QOF Aspiration,PRC DELEGATED CO-COMMISSIONING,DR AJ WATTS & PARTNERS,25994474,"7,501.91",,LL000037269
Department of Health,NHS South West Lincolnshire CCG,2/28/2019,C&M-GMS Global Sum,PRC DELEGATED CO-COMMISSIONING,DR ALLSEBROOK & PARTNERS,25994476,"38,678.87",,LL000037271
Department of Health,NHS South West Lincolnshire CCG,2/28/2019,C&M-GMS MPIG Correction Factor,PRC DELEGATED CO-COMMISSIONING,DR ALLSEBROOK & PARTNERS,25994476,567.73,,LL000037271
Department of Health,NHS South West Lincolnshire CCG,2/28/2019,C&M-GMS QOF Aspiration,PRC DELEGATED CO-COMMISSIONING,DR ALLSEBROOK & PARTNERS,25994476,"4,297.80",,LL000037271
Department of Health,NHS South West Lincolnshire CCG,2/28/2019,C&M-GMS Global Sum,PRC DELEGATED CO-COMMISSIONING,DR G ENNIS,25994478,"26,757.50",,LL000037273
Department of Health,NHS South West Lincolnshire CCG,2/28/2019,C&M-GMS MPIG Correction Factor,PRC DELEGATED CO-COMMISSIONING,DR G ENNIS,25994478,952.73,,LL000037273
Department of Health,NHS South West Lincolnshire CCG,2/28/2019,C&M-GMS Prem Notional Rent,PRC DELEGATED CO-COMMISSIONING,DR G ENNIS,25994478,"4,750.00",,LL000037273
Department of Health,NHS South West Lincolnshire CCG,2/28/2019,C&M-GMS QOF Aspiration,PRC DELEGATED CO-COMMISSIONING,DR G ENNIS,25994478,"2,416.81",,LL000037273
Department of Health,NHS South West Lincolnshire CCG,2/28/2019,ME - GMS GP Prior Year ERs,PRC DELEGATED CO-COMMISSIONING,DR G ENNIS,25994478,"9,922.20",,LL000037273
Department of Health,NHS South West Lincolnshire CCG,2/28/2019,ME-GMS GP Pension EEs Adjustments,PRC DELEGATED CO-COMMISSIONING,DR G ENNIS,25994478,"1,116.00",,LL000037273
Department of Health,NHS South West Lincolnshire CCG,2/28/2019,ME-GMS GP Pension ERs Adjustments,PRC DELEGATED CO-COMMISSIONING,DR G ENNIS,25994478,"1,725.60",,LL000037273
Department of Health,NHS South West Lincolnshire CCG,2/28/2019,ME-GMS GP Prior Year EEs,PRC DELEGATED CO-COMMISSIONING,DR G ENNIS,25994478,"6,417.00",,LL000037273
Department of Health,NHS South West Lincolnshire CCG,2/28/2019,C&M-GMS Global Sum,PRC DELEGATED CO-COMMISSIONING,DR JB ELDER & PARTNERS,25994480,"36,949.11",,LL000037276
Department of Health,NHS South West Lincolnshire CCG,2/28/2019,C&M-GMS MPIG Correction Factor,PRC DELEGATED CO-COMMISSIONING,DR JB ELDER & PARTNERS,25994480,170.58,,LL000037276
Department of Health,NHS South West Lincolnshire CCG,2/28/2019,C&M-GMS QOF Aspiration,PRC DELEGATED CO-COMMISSIONING,DR JB ELDER & PARTNERS,25994480,"3,811.17",,LL000037276
Department of Health,NHS South West Lincolnshire CCG,2/28/2019,C&M-GMS Global Sum,PRC DELEGATED CO-COMMISSIONING,DR LAWRENSON & PARTNERS,25994482,"47,805.38",,LL000037278
Department of Health,NHS South West Lincolnshire CCG,2/28/2019,C&M-GMS Prem Water Rates,PRC DELEGATED CO-COMMISSIONING,DR LAWRENSON & PARTNERS,25994482,265.25,,LL000037278
Department of Health,NHS South West Lincolnshire CCG,2/28/2019,C&M-GMS QOF Aspiration,PRC DELEGATED CO-COMMISSIONING,DR LAWRENSON & PARTNERS,25994482,"5,288.83",,LL000037278
Department of Health,NHS South West Lincolnshire CCG,2/28/2019,C&M-GMS DES Learn Dsblty Hlth Chk,PRC DELEGATED CO-COMMISSIONING,DR LEEPER & PARTNERS,25994484,"4,480.00",,LL000037280
Department of Health,NHS South West Lincolnshire CCG,2/28/2019,C&M-GMS Global Sum,PRC DELEGATED CO-COMMISSIONING,DR LEEPER & PARTNERS,25994484,"43,441.89",,LL000037280
Department of Health,NHS South West Lincolnshire CCG,2/28/2019,C&M-GMS QOF Aspiration,PRC DELEGATED CO-COMMISSIONING,DR LEEPER & PARTNERS,25994484,"4,426.07",,LL000037280
Department of Health,NHS South West Lincolnshire CCG,2/28/2019,C&M-GMS Global Sum,PRC DELEGATED CO-COMMISSIONING,DR PARKIN & PARTNERS GRANTHAM,25994486,"111,875.85",,LL000037282
Department of Health,NHS South West Lincolnshire CCG,2/28/2019,C&M-GMS MPIG Correction Factor,PRC DELEGATED CO-COMMISSIONING,DR PARKIN & PARTNERS GRANTHAM,25994486,"5,183.13",,LL000037282
Department of Health,NHS South West Lincolnshire CCG,2/28/2019,C&M-GMS Prem Notional Rent,PRC DELEGATED CO-COMMISSIONING,DR PARKIN & PARTNERS GRANTHAM,25994486,"7,456.25",,LL000037282
Department of Health,NHS South West Lincolnshire CCG,2/28/2019,C&M-GMS QOF Aspiration,PRC DELEGATED CO-COMMISSIONING,DR PARKIN & PARTNERS GRANTHAM,25994486,"16,675.22",,LL000037282
Department of Health,NHS South West Lincolnshire CCG,2/28/2019,C&M-GMS DES Learn Dsblty Hlth Chk,PRC DELEGATED CO-COMMISSIONING,DR PARRY & PARTNERS SLEAFORD,25994488,280.00,,LL000037284
Department of Health,NHS South West Lincolnshire CCG,2/28/2019,C&M-GMS Global Sum,PRC DELEGATED CO-COMMISSIONING,DR PARRY & PARTNERS SLEAFORD,25994488,"55,566.46",,LL000037284
Department of Health,NHS South West Lincolnshire CCG,2/28/2019,C&M-GMS Prem Actual Rent,PRC DELEGATED CO-COMMISSIONING,DR PARRY & PARTNERS SLEAFORD,25994488,"4,214.37",,LL000037284
Department of Health,NHS South West Lincolnshire CCG,2/28/2019,C&M-GMS Prem Water Rates,PRC DELEGATED CO-COMMISSIONING,DR PARRY & PARTNERS SLEAFORD,25994488,155.23,,LL000037284
Department of Health,NHS South West Lincolnshire CCG,2/28/2019,C&M-GMS QOF Aspiration,PRC DELEGATED CO-COMMISSIONING,DR PARRY & PARTNERS SLEAFORD,25994488,"6,695.56",,LL000037284
Department of Health,NHS South West Lincolnshire CCG,2/28/2019,C&M-GMS DES Learn Dsblty Hlth Chk,PRC DELEGATED CO-COMMISSIONING,DR MTC HIGGINS & PARTNERS,25994490,840.00,,LL000037286
Department of Health,NHS South West Lincolnshire CCG,2/28/2019,C&M-GMS DES Violent Patients,PRC DELEGATED CO-COMMISSIONING,DR MTC HIGGINS & PARTNERS,25994490,726.00,,LL000037286
Department of Health,NHS South West Lincolnshire CCG,2/28/2019,C&M-GMS Global Sum,PRC DELEGATED CO-COMMISSIONING,DR MTC HIGGINS & PARTNERS,25994490,"54,540.29",,LL000037286
Department of Health,NHS South West Lincolnshire CCG,2/28/2019,C&M-GMS MPIG Correction Factor,PRC DELEGATED CO-COMMISSIONING,DR MTC HIGGINS & PARTNERS,25994490,907.41,,LL000037286
Department of Health,NHS South West Lincolnshire CCG,2/28/2019,C&M-GMS Prem Notional Rent,PRC DELEGATED CO-COMMISSIONING,DR MTC HIGGINS & PARTNERS,25994490,"5,037.33",,LL000037286
Department of Health,NHS South West Lincolnshire CCG,2/28/2019,C&M-GMS QOF Aspiration,PRC DELEGATED CO-COMMISSIONING,DR MTC HIGGINS & PARTNERS,25994490,"7,251.36",,LL000037286
Department of Health,NHS South West Lincolnshire CCG,2/28/2019,C&M-GMS Global Sum,PRC DELEGATED CO-COMMISSIONING,DR RYDER & PARTNERS,25994492,"65,124.27",,LL000037288
Department of Health,NHS South West Lincolnshire CCG,2/28/2019,C&M-GMS Prem Actual Rent,PRC DELEGATED CO-COMMISSIONING,DR RYDER & PARTNERS,25994492,"34,440.00",,LL000037288
Department of Health,NHS South West Lincolnshire CCG,2/28/2019,C&M-GMS QOF Aspiration,PRC DELEGATED CO-COMMISSIONING,DR RYDER & PARTNERS,25994492,"6,432.22",,LL000037288
Department of Health,NHS South West Lincolnshire CCG,2/28/2019,C&M-GMS DES Learn Dsblty Hlth Chk,PRC DELEGATED CO-COMMISSIONING,DR WEBSTER & PARTNERS,25994494,"2,240.00",,LL000037290
Department of Health,NHS South West Lincolnshire CCG,2/28/2019,C&M-GMS Global Sum,PRC DELEGATED CO-COMMISSIONING,DR WEBSTER & PARTNERS,25994494,"128,170.34",,LL000037290
Department of Health,NHS South West Lincolnshire CCG,2/28/2019,C&M-GMS Prem Notional Rent,PRC DELEGATED CO-COMMISSIONING,DR WEBSTER & PARTNERS,25994494,"12,683.33",,LL000037290
Department of Health,NHS South West Lincolnshire CCG,2/28/2019,C&M-GMS QOF Aspiration,PRC DELEGATED CO-COMMISSIONING,DR WEBSTER & PARTNERS,25994494,"16,479.95",,LL000037290
Department of Health,NHS South West Lincolnshire CCG,2/28/2019,C&M-GMS Global Sum,PRC DELEGATED CO-COMMISSIONING,DRS BAMBER & MCKECHNIE,25994496,"17,907.98",,LL000037292
Department of Health,NHS South West Lincolnshire CCG,2/28/2019,C&M-GMS MPIG Correction Factor,PRC DELEGATED CO-COMMISSIONING,DRS BAMBER & MCKECHNIE,25994496,36.19,,LL000037292
Department of Health,NHS South West Lincolnshire CCG,2/28/2019,C&M-GMS PCO Locum Sickness,PRC DELEGATED CO-COMMISSIONING,DRS BAMBER & MCKECHNIE,25994496,"13,556.42",,LL000037292
Department of Health,NHS South West Lincolnshire CCG,2/28/2019,C&M-GMS Prem Notional Rent,PRC DELEGATED CO-COMMISSIONING,DRS BAMBER & MCKECHNIE,25994496,"3,344.08",,LL000037292
Department of Health,NHS South West Lincolnshire CCG,2/28/2019,C&M-GMS QOF Aspiration,PRC DELEGATED CO-COMMISSIONING,DRS BAMBER & MCKECHNIE,25994496,"1,847.96",,LL000037292
Department of Health,NHS South West Lincolnshire CCG,2/28/2019,C&M-GMS DES Learn Dsblty Hlth Chk,PRC DELEGATED CO-COMMISSIONING,DR TEDBURY & PARTNERS,25994498,140.00,,LL000037294
Department of Health,NHS South West Lincolnshire CCG,2/28/2019,C&M-GMS Global Sum,PRC DELEGATED CO-COMMISSIONING,DR TEDBURY & PARTNERS,25994498,"96,299.64",,LL000037294
Department of Health,NHS South West Lincolnshire CCG,2/28/2019,C&M-GMS MPIG Correction Factor,PRC DELEGATED CO-COMMISSIONING,DR TEDBURY & PARTNERS,25994498,71.53,,LL000037294
Department of Health,NHS South West Lincolnshire CCG,2/28/2019,C&M-GMS Prem Notional Rent,PRC DELEGATED CO-COMMISSIONING,DR TEDBURY & PARTNERS,25994498,"7,279.67",,LL000037294
Department of Health,NHS South West Lincolnshire CCG,2/28/2019,C&M-GMS QOF Aspiration,PRC DELEGATED CO-COMMISSIONING,DR TEDBURY & PARTNERS,25994498,"11,329.16",,LL000037294
Department of Health,NHS South West Lincolnshire CCG,2/28/2019,C&M-GMS DES Learn Dsblty Hlth Chk,PRC DELEGATED CO-COMMISSIONING,DR VIJAYAN & PARTNERS,25994500,"1,260.00",,LL000037296
Department of Health,NHS South West Lincolnshire CCG,2/28/2019,C&M-GMS Global Sum,PRC DELEGATED CO-COMMISSIONING,DR VIJAYAN & PARTNERS,25994500,"80,431.91",,LL000037296
Department of Health,NHS South West Lincolnshire CCG,2/28/2019,C&M-GMS MPIG Correction Factor,PRC DELEGATED CO-COMMISSIONING,DR VIJAYAN & PARTNERS,25994500,"1,605.94",,LL000037296
Department of Health,NHS South West Lincolnshire CCG,2/28/2019,C&M-GMS Prem Notional Rent,PRC DELEGATED CO-COMMISSIONING,DR VIJAYAN & PARTNERS,25994500,"4,394.91",,LL000037296
Department of Health,NHS South West Lincolnshire CCG,2/28/2019,C&M-GMS QOF Aspiration,PRC DELEGATED CO-COMMISSIONING,DR VIJAYAN & PARTNERS,25994500,"8,997.27",,LL000037296
Department of Health,NHS South West Lincolnshire CCG,2/28/2019,C&M-GMS Global Sum,PRC DELEGATED CO-COMMISSIONING,GLENSIDE COUNTRY PRACTICE,25994502,"26,818.55",,LL000037298
Department of Health,NHS South West Lincolnshire CCG,2/28/2019,C&M-GMS MPIG Correction Factor,PRC DELEGATED CO-COMMISSIONING,GLENSIDE COUNTRY PRACTICE,25994502,"1,060.30",,LL000037298
Department of Health,NHS South West Lincolnshire CCG,2/28/2019,C&M-GMS Prem Notional Rent,PRC DELEGATED CO-COMMISSIONING,GLENSIDE COUNTRY PRACTICE,25994502,"4,187.50",,LL000037298
Department of Health,NHS South West Lincolnshire CCG,2/28/2019,C&M-GMS QOF Aspiration,PRC DELEGATED CO-COMMISSIONING,GLENSIDE COUNTRY PRACTICE,25994502,"2,708.12",,LL000037298
Department of Health,NHS South West Lincolnshire CCG,2/28/2019,C&M-GMS DES Learn Dsblty Hlth Chk,PRC DELEGATED CO-COMMISSIONING,WELBY PRACTICE (THE),25994504,140.00,,LL000037300
Department of Health,NHS South West Lincolnshire CCG,2/28/2019,C&M-GMS Global Sum,PRC DELEGATED CO-COMMISSIONING,WELBY PRACTICE (THE),25994504,"60,445.51",,LL000037300
Department of Health,NHS South West Lincolnshire CCG,2/28/2019,C&M-GMS MPIG Correction Factor,PRC DELEGATED CO-COMMISSIONING,WELBY PRACTICE (THE),25994504,"3,218.70",,LL000037300
Department of Health,NHS South West Lincolnshire CCG,2/28/2019,C&M-GMS Prem Actual Rent,PRC DELEGATED CO-COMMISSIONING,WELBY PRACTICE (THE),25994504,"18,816.00",,LL000037300
Department of Health,NHS South West Lincolnshire CCG,2/28/2019,C&M-GMS Prem Notional Rent,PRC DELEGATED CO-COMMISSIONING,WELBY PRACTICE (THE),25994504,"7,954.16",,LL000037300
Department of Health,NHS South West Lincolnshire CCG,2/28/2019,C&M-GMS QOF Aspiration,PRC DELEGATED CO-COMMISSIONING,WELBY PRACTICE (THE),25994504,"5,616.28",,LL000037300
Department of Health,NHS South West Lincolnshire CCG,2/28/2019,Income tax <1Yr,BALANCE SHEET,HMRC,25998477,"29,177.05",,120PB005700771910
Department of Health,NHS South West Lincolnshire CCG,2/28/2019,Income tax <1Yr-Student Loans,BALANCE SHEET,HMRC,25998477,436.00,,120PB005700771910
Department of Health,NHS South West Lincolnshire CCG,2/28/2019,National Insurance < 1 yr-NI- ERS,BALANCE SHEET,HMRC,25998477,"18,188.11",,120PB005700771910
Department of Health,NHS South West Lincolnshire CCG,2/28/2019,National Insurance < 1 yr-NI-EES,BALANCE SHEET,HMRC,25998477,"13,196.51",,120PB005700771910
Department of Health,NHS South West Lincolnshire CCG,2/28/2019,Clinical&Medical-Independent Sector,PROGRAMME PROJECTS,SPECSAVERS HEARCARE LTD,26009900,"32,634.50",747671301,21560096
Department of Health,NHS South West Lincolnshire CCG,2/28/2019,Clinical&Medical-Independent Sector,MENTAL HEALTH SERVICES - ADULTS,PRIORY CLINIC NOTTINGHAM,26009966,"26,917.00",,316CBSWJAN19
Department of Health,NHS South West Lincolnshire CCG,2/28/2019,Clinical&Medical-Independent Sector,OUT OF HOURS,DHU 111 (EAST MIDLANDS) CIC,26023253,"47,149.92",GB257028406,1046
Department of Health,NHS South West Lincolnshire CCG,2/28/2019,Hcare Srv Rec Fdtn Trust-CQUIN,ACUTE COMMISSIONING,CAMBRIDGE UNIVERSITY HOSPITALS NHS FOUNDATION TRUST,26047328,308.08,654910528,70022061
Department of Health,NHS South West Lincolnshire CCG,2/28/2019,Hcare Srv Rec Fdtn Trust-Contract Baseline,ACUTE COMMISSIONING,CAMBRIDGE UNIVERSITY HOSPITALS NHS FOUNDATION TRUST,26047328,"25,820.83",654910528,70022061
Department of Health,NHS South West Lincolnshire CCG,2/28/2019,Hcare Srv Rec Fdtn Trust-Contract Baseline,ACUTE COMMISSIONING,NORTHERN LINCOLNSHIRE AND GOOLE HOSPITALS NHS FOUNDATION TRUST,26047343,"232,300.00",654977580,2400022660
Department of Health,NHS South West Lincolnshire CCG,2/28/2019,C&M-GMS Cost of Drugs -Dispensing,LOCAL ENHANCED SERVICES,DR AJ WATTS & PARTNERS,26084171,"-106,013.14",,LL000037483
Department of Health,NHS South West Lincolnshire CCG,2/28/2019,C&M-GMS PrscChrgsCll&RmttdbyGPCntra,PRC DELEGATED CO-COMMISSIONING,DR AJ WATTS & PARTNERS,26084171,"-6,212.80",,LL000037483
Department of Health,NHS South West Lincolnshire CCG,2/28/2019,C&M-GMS Cost of Drugs -Dispensing,LOCAL ENHANCED SERVICES,DR AJ WATTS & PARTNERS,26084172,"210,222.53",,LL000037484
Department of Health,NHS South West Lincolnshire CCG,2/28/2019,C&M-GMS Prof Fees Dispensing,PRC DELEGATED CO-COMMISSIONING,DR AJ WATTS & PARTNERS,26084172,"44,354.68",,LL000037484
Department of Health,NHS South West Lincolnshire CCG,2/28/2019,C&M-GMS PrscrptnChrgsColl&RmttdbyGP,LOCAL ENHANCED SERVICES,DR AJ WATTS & PARTNERS,26084172,"6,212.80",,LL000037484
Department of Health,NHS South West Lincolnshire CCG,2/28/2019,C&M-GMS Cost of Drugs -Dispensing,LOCAL ENHANCED SERVICES,DR G ENNIS,26084174,"-28,004.22",,LL000037486
Department of Health,NHS South West Lincolnshire CCG,2/28/2019,C&M-GMS PrscChrgsCll&RmttdbyGPCntra,PRC DELEGATED CO-COMMISSIONING,DR G ENNIS,26084174,"-2,226.40",,LL000037486
Department of Health,NHS South West Lincolnshire CCG,2/28/2019,C&M-GMS Cost of Drugs -Dispensing,LOCAL ENHANCED SERVICES,DR G ENNIS,26084175,"56,489.61",,LL000037487
Department of Health,NHS South West Lincolnshire CCG,2/28/2019,C&M-GMS Prof Fees Dispensing,PRC DELEGATED CO-COMMISSIONING,DR G ENNIS,26084175,"10,992.37",,LL000037487
Department of Health,NHS South West Lincolnshire CCG,2/28/2019,C&M-GMS PrscrptnChrgsColl&RmttdbyGP,LOCAL ENHANCED SERVICES,DR G ENNIS,26084175,"2,226.40",,LL000037487
Department of Health,NHS South West Lincolnshire CCG,2/28/2019,C&M-GMS Cost of Drugs -Dispensing,LOCAL ENHANCED SERVICES,DR JB ELDER & PARTNERS,26084177,"-48,917.67",,LL000037489
Department of Health,NHS South West Lincolnshire CCG,2/28/2019,C&M-GMS PrscChrgsCll&RmttdbyGPCntra,PRC DELEGATED CO-COMMISSIONING,DR JB ELDER & PARTNERS,26084177,"-2,842.40",,LL000037489
Department of Health,NHS South West Lincolnshire CCG,2/28/2019,C&M-GMS Cost of Drugs -Dispensing,LOCAL ENHANCED SERVICES,DR JB ELDER & PARTNERS,26084178,"92,728.56",,LL000037490
Department of Health,NHS South West Lincolnshire CCG,2/28/2019,C&M-GMS Prof Fees Dispensing,PRC DELEGATED CO-COMMISSIONING,DR JB ELDER & PARTNERS,26084178,"16,287.56",,LL000037490
Department of Health,NHS South West Lincolnshire CCG,2/28/2019,C&M-GMS PrscrptnChrgsColl&RmttdbyGP,LOCAL ENHANCED SERVICES,DR JB ELDER & PARTNERS,26084178,"2,842.40",,LL000037490
Department of Health,NHS South West Lincolnshire CCG,2/28/2019,C&M-GMS Cost of Drugs -Dispensing,LOCAL ENHANCED SERVICES,DR LAWRENSON & PARTNERS,26084179,"-56,880.84",,LL000037491
Department of Health,NHS South West Lincolnshire CCG,2/28/2019,C&M-GMS PrscChrgsCll&RmttdbyGPCntra,PRC DELEGATED CO-COMMISSIONING,DR LAWRENSON & PARTNERS,26084179,"-3,528.80",,LL000037491
Department of Health,NHS South West Lincolnshire CCG,2/28/2019,C&M-GMS Cost of Drugs -Dispensing,LOCAL ENHANCED SERVICES,DR LAWRENSON & PARTNERS,26084180,"107,536.47",,LL000037492
Department of Health,NHS South West Lincolnshire CCG,2/28/2019,C&M-GMS Prof Fees Dispensing,PRC DELEGATED CO-COMMISSIONING,DR LAWRENSON & PARTNERS,26084180,"20,774.26",,LL000037492
Department of Health,NHS South West Lincolnshire CCG,2/28/2019,C&M-GMS PrscrptnChrgsColl&RmttdbyGP,LOCAL ENHANCED SERVICES,DR LAWRENSON & PARTNERS,26084180,"3,528.80",,LL000037492
Department of Health,NHS South West Lincolnshire CCG,2/28/2019,C&M-GMS Cost of Drugs -Dispensing,LOCAL ENHANCED SERVICES,DR LEEPER & PARTNERS,26084181,"-86,379.11",,LL000037493
Department of Health,NHS South West Lincolnshire CCG,2/28/2019,C&M-GMS PrscChrgsCll&RmttdbyGPCntra,PRC DELEGATED CO-COMMISSIONING,DR LEEPER & PARTNERS,26084181,"-3,968.80",,LL000037493
Department of Health,NHS South West Lincolnshire CCG,2/28/2019,C&M-GMS Cost of Drugs -Dispensing,LOCAL ENHANCED SERVICES,DR LEEPER & PARTNERS,26084182,"170,575.53",,LL000037494
Department of Health,NHS South West Lincolnshire CCG,2/28/2019,C&M-GMS Prof Fees Dispensing,PRC DELEGATED CO-COMMISSIONING,DR LEEPER & PARTNERS,26084182,"31,265.17",,LL000037494
Department of Health,NHS South West Lincolnshire CCG,2/28/2019,C&M-GMS PrscrptnChrgsColl&RmttdbyGP,LOCAL ENHANCED SERVICES,DR LEEPER & PARTNERS,26084182,"3,968.80",,LL000037494
Department of Health,NHS South West Lincolnshire CCG,2/28/2019,C&M-GMS Cost of Drugs -Dispensing,LOCAL ENHANCED SERVICES,DR PARRY & PARTNERS SLEAFORD,26084184,"-108,182.50",,LL000037496
Department of Health,NHS South West Lincolnshire CCG,2/28/2019,C&M-GMS PrscChrgsCll&RmttdbyGPCntra,PRC DELEGATED CO-COMMISSIONING,DR PARRY & PARTNERS SLEAFORD,26084184,"-4,312.00",,LL000037496
Department of Health,NHS South West Lincolnshire CCG,2/28/2019,C&M-GMS Cost of Drugs -Dispensing,LOCAL ENHANCED SERVICES,DR PARRY & PARTNERS SLEAFORD,26084185,"187,980.63",,LL000037497
Department of Health,NHS South West Lincolnshire CCG,2/28/2019,C&M-GMS Prof Fees Dispensing,PRC DELEGATED CO-COMMISSIONING,DR PARRY & PARTNERS SLEAFORD,26084185,"45,871.49",,LL000037497
Department of Health,NHS South West Lincolnshire CCG,2/28/2019,C&M-GMS PrscrptnChrgsColl&RmttdbyGP,LOCAL ENHANCED SERVICES,DR PARRY & PARTNERS SLEAFORD,26084185,"4,312.00",,LL000037497
Department of Health,NHS South West Lincolnshire CCG,2/28/2019,C&M-GMS Cost of Drugs -Dispensing,LOCAL ENHANCED SERVICES,DR RYDER & PARTNERS,26084187,"-32,915.66",,LL000037499
Department of Health,NHS South West Lincolnshire CCG,2/28/2019,C&M-GMS PrscChrgsCll&RmttdbyGPCntra,PRC DELEGATED CO-COMMISSIONING,DR RYDER & PARTNERS,26084187,"-1,073.60",,LL000037499
Department of Health,NHS South West Lincolnshire CCG,2/28/2019,C&M-GMS Cost of Drugs -Dispensing,LOCAL ENHANCED SERVICES,DR RYDER & PARTNERS,26084188,"42,088.55",,LL000037500
Department of Health,NHS South West Lincolnshire CCG,2/28/2019,C&M-GMS Prof Fees Dispensing,PRC DELEGATED CO-COMMISSIONING,DR RYDER & PARTNERS,26084188,"12,132.58",,LL000037500
Department of Health,NHS South West Lincolnshire CCG,2/28/2019,C&M-GMS PrscrptnChrgsColl&RmttdbyGP,LOCAL ENHANCED SERVICES,DR RYDER & PARTNERS,26084188,"1,073.60",,LL000037500
Department of Health,NHS South West Lincolnshire CCG,2/28/2019,C&M-GMS Cost of Drugs -Dispensing,LOCAL ENHANCED SERVICES,DR WEBSTER & PARTNERS,26084189,"-43,554.85",,LL000037501
Department of Health,NHS South West Lincolnshire CCG,2/28/2019,C&M-GMS PrscChrgsCll&RmttdbyGPCntra,PRC DELEGATED CO-COMMISSIONING,DR WEBSTER & PARTNERS,26084189,"-2,288.00",,LL000037501
Department of Health,NHS South West Lincolnshire CCG,2/28/2019,C&M-GMS Cost of Drugs -Dispensing,LOCAL ENHANCED SERVICES,DR WEBSTER & PARTNERS,26084190,"81,890.09",,LL000037502
Department of Health,NHS South West Lincolnshire CCG,2/28/2019,C&M-GMS Prof Fees Dispensing,PRC DELEGATED CO-COMMISSIONING,DR WEBSTER & PARTNERS,26084190,"16,398.90",,LL000037502
Department of Health,NHS South West Lincolnshire CCG,2/28/2019,C&M-GMS PrscrptnChrgsColl&RmttdbyGP,LOCAL ENHANCED SERVICES,DR WEBSTER & PARTNERS,26084190,"2,288.00",,LL000037502
Department of Health,NHS South West Lincolnshire CCG,2/28/2019,C&M-GMS Cost of Drugs -Dispensing,LOCAL ENHANCED SERVICES,DRS BAMBER & MCKECHNIE,26084191,"-26,196.32",,LL000037503
Department of Health,NHS South West Lincolnshire CCG,2/28/2019,C&M-GMS PrscChrgsCll&RmttdbyGPCntra,PRC DELEGATED CO-COMMISSIONING,DRS BAMBER & MCKECHNIE,26084191,-950.40,,LL000037503
Department of Health,NHS South West Lincolnshire CCG,2/28/2019,C&M-GMS Cost of Drugs -Dispensing,LOCAL ENHANCED SERVICES,DRS BAMBER & MCKECHNIE,26084192,"38,219.18",,LL000037504
Department of Health,NHS South West Lincolnshire CCG,2/28/2019,C&M-GMS Prof Fees Dispensing,PRC DELEGATED CO-COMMISSIONING,DRS BAMBER & MCKECHNIE,26084192,"8,404.26",,LL000037504
Department of Health,NHS South West Lincolnshire CCG,2/28/2019,C&M-GMS PrscrptnChrgsColl&RmttdbyGP,LOCAL ENHANCED SERVICES,DRS BAMBER & MCKECHNIE,26084192,950.40,,LL000037504
Department of Health,NHS South West Lincolnshire CCG,2/28/2019,C&M-GMS Cost of Drugs -Dispensing,LOCAL ENHANCED SERVICES,DR VIJAYAN & PARTNERS,26084195,"34,230.90",,LL000037507
Department of Health,NHS South West Lincolnshire CCG,2/28/2019,C&M-GMS Prof Fees Dispensing,PRC DELEGATED CO-COMMISSIONING,DR VIJAYAN & PARTNERS,26084195,"7,565.89",,LL000037507
Department of Health,NHS South West Lincolnshire CCG,2/28/2019,C&M-GMS PrscrptnChrgsColl&RmttdbyGP,LOCAL ENHANCED SERVICES,DR VIJAYAN & PARTNERS,26084195,818.40,,LL000037507
Department of Health,NHS South West Lincolnshire CCG,2/28/2019,C&M-GMS Cost of Drugs -Dispensing,LOCAL ENHANCED SERVICES,GLENSIDE COUNTRY PRACTICE,26084196,"-36,598.86",,LL000037508
Department of Health,NHS South West Lincolnshire CCG,2/28/2019,C&M-GMS PrscChrgsCll&RmttdbyGPCntra,PRC DELEGATED CO-COMMISSIONING,GLENSIDE COUNTRY PRACTICE,26084196,"-1,293.60",,LL000037508
Department of Health,NHS South West Lincolnshire CCG,2/28/2019,C&M-GMS Cost of Drugs -Dispensing,LOCAL ENHANCED SERVICES,GLENSIDE COUNTRY PRACTICE,26084197,"75,516.05",,LL000037509
Department of Health,NHS South West Lincolnshire CCG,2/28/2019,C&M-GMS Prof Fees Dispensing,PRC DELEGATED CO-COMMISSIONING,GLENSIDE COUNTRY PRACTICE,26084197,"15,684.78",,LL000037509
Department of Health,NHS South West Lincolnshire CCG,2/28/2019,C&M-GMS PrscrptnChrgsColl&RmttdbyGP,LOCAL ENHANCED SERVICES,GLENSIDE COUNTRY PRACTICE,26084197,"1,293.60",,LL000037509
Department of Health,NHS South West Lincolnshire CCG,2/28/2019,C&M-GMS Cost of Drugs -Dispensing,LOCAL ENHANCED SERVICES,WELBY PRACTICE (THE),26084198,"-31,321.28",,LL000037510
Department of Health,NHS South West Lincolnshire CCG,2/28/2019,C&M-GMS PrscChrgsCll&RmttdbyGPCntra,PRC DELEGATED CO-COMMISSIONING,WELBY PRACTICE (THE),26084198,"-1,504.80",,LL000037510
Department of Health,NHS South West Lincolnshire CCG,2/28/2019,C&M-GMS Cost of Drugs -Dispensing,LOCAL ENHANCED SERVICES,WELBY PRACTICE (THE),26084199,"59,397.81",,LL000037511
Department of Health,NHS South West Lincolnshire CCG,2/28/2019,C&M-GMS Prof Fees Dispensing,PRC DELEGATED CO-COMMISSIONING,WELBY PRACTICE (THE),26084199,"12,259.94",,LL000037511
Department of Health,NHS South West Lincolnshire CCG,2/28/2019,C&M-GMS PrscrptnChrgsColl&RmttdbyGP,LOCAL ENHANCED SERVICES,WELBY PRACTICE (THE),26084199,"1,504.80",,LL000037511
Department of Health,NHS South West Lincolnshire CCG,2/28/2019,Hcare Srv Rec NHS Trust-Non Contract,ACUTE COMMISSIONING,UNITED LINCOLNSHIRE HOSPITALS NHS TRUST,26107456,"106,880.47",654973592,196758
Department of Health,NHS South West Lincolnshire CCG,2/28/2019,Clinical&Medical-Independent Sector,ACUTE COMMISSIONING,BMI HEALTHCARE LTD,26107478,"-27,518.76",GB235134980,104102
Department of Health,NHS South West Lincolnshire CCG,2/28/2019,Clinical&Medical-Othe Public Sector,CARERS,LINCOLNSHIRE COUNTY COUNCIL,26107482,"146,487.00",,10074629
Department of Health,NHS South West Lincolnshire CCG,2/28/2019,Clinical&Medical-Othe Public Sector,CHILD AND ADOLESCENT MENTAL HEALTH,LINCOLNSHIRE COUNTY COUNCIL,26107482,"93,396.00",,10074629
Department of Health,NHS South West Lincolnshire CCG,2/28/2019,Clinical&Medical-Othe Public Sector,COMMUNITY SERVICES,LINCOLNSHIRE COUNTY COUNCIL,26107482,"42,982.00",,10074629
Department of Health,NHS South West Lincolnshire CCG,2/28/2019,Clinical&Medical-Othe Public Sector,LEARNING DIFFICULTIES,LINCOLNSHIRE COUNTY COUNCIL,26107482,"265,254.00",,10074629
Department of Health,NHS South West Lincolnshire CCG,2/28/2019,Clinical&Medical-Independent Sector,PATIENT TRANSPORT,THAMES AMBULANCE SERVICE LTD,26124058,"56,030.58",809846883,20978
Department of Health,NHS South West Lincolnshire CCG,2/28/2019,Recharge : Received,LONG TERM CONDITIONS,LINCS COMMUNITY HEALTH SERVICES NHS TRUST,26148113,"117,629.00",654440975,4000043171
Department of Health,NHS South West Lincolnshire CCG,2/28/2019,Recharge : Received,LONG TERM CONDITIONS,LINCS COMMUNITY HEALTH SERVICES NHS TRUST,26148120,"-117,629.00",654440975,4440002004
Department of Health,NHS South West Lincolnshire CCG,2/28/2019,Chrgs from SLA,CONTRACT MANAGEMENT,OPTUM HEALTH SOLUTIONS (UK) LTD,26174650,"91,719.12",GB108297604,1105036
Department of Health,NHS South West Lincolnshire CCG,2/28/2019,Chrgs from SLA,PRIMARY CARE IT,OPTUM HEALTH SOLUTIONS (UK) LTD,26174650,"33,780.00",GB108297604,1105036
Department of Health,NHS South West Lincolnshire CCG,2/28/2019,Chrgs from SLA,COMMUNITY SERVICES,OPTUM HEALTH SOLUTIONS (UK) LTD,26184887,"-32,199.68",GB108297604,1101710
Department of Health,NHS South West Lincolnshire CCG,2/28/2019,Services From Local Authorities,QUALITY ASSURANCE,LINCOLNSHIRE COUNTY COUNCIL,26184915,"40,000.00",,10073934
Department of Health,NHS South West Lincolnshire CCG,2/28/2019,Chrgs from SLA,COMMUNITY SERVICES,OPTUM HEALTH SOLUTIONS (UK) LTD,26184943,"32,199.68",GB108297604,1099345
Department of Health,NHS South West Lincolnshire CCG,2/28/2019,Chrgs from SLA,CONTRACT MANAGEMENT,OPTUM HEALTH SOLUTIONS (UK) LTD,26187151,"91,718.78",GB108297604,1107939
Department of Health,NHS South West Lincolnshire CCG,2/28/2019,Chrgs from SLA,PRIMARY CARE IT,OPTUM HEALTH SOLUTIONS (UK) LTD,26187151,"33,780.34",GB108297604,1107939
Department of Health,NHS South West Lincolnshire CCG,2/28/2019,Charges from CSU,CONTINUING HEALTHCARE ASSESSMENT & SUPPORT,NHS ARDEN AND GEM CSU,26203707,"26,236.83",GB526164259,7312613105
Department of Health,NHS South West Lincolnshire CCG,2/28/2019,Charges from CSU,CONTRACT MANAGEMENT,NHS ARDEN AND GEM CSU,26203707,"2,972.08",GB526164259,7312613105
,,,,,,,,,
,,,,,,,,,
,,,,,,,"7,998,957.75",,
