Department family,Entity,Date,Expense Type,Expense area,Supplier,Transaction number,AP Amount (�)
Department of Health,NHS South West Lincolnshire CCG,11/30/2018,Clinical&Medical-Independent Sector,WHEELCHAIR SERVICE,MILLBROOK HEALTHCARE LTD,24552704,"25,382.62"
Department of Health,NHS South West Lincolnshire CCG,11/30/2018,C&M-PMS Baseline Adjustment,PRC DELEGATED CO-COMMISSIONING,DR GALLOP & PARTNERS,24584183,"45,455.09"
Department of Health,NHS South West Lincolnshire CCG,11/30/2018,C&M-PMS DES Minor Surgery,PRC DELEGATED CO-COMMISSIONING,DR GALLOP & PARTNERS,24584183,391.86
Department of Health,NHS South West Lincolnshire CCG,11/30/2018,C&M-PMS GP Statutory Levy,PRC DELEGATED CO-COMMISSIONING,DR GALLOP & PARTNERS,24584183,4.18
Department of Health,NHS South West Lincolnshire CCG,11/30/2018,C&M-PMS Prem Notional Rent,PRC DELEGATED CO-COMMISSIONING,DR GALLOP & PARTNERS,24584183,"4,833.33"
Department of Health,NHS South West Lincolnshire CCG,11/30/2018,C&M-PMS QOF Aspiration,PRC DELEGATED CO-COMMISSIONING,DR GALLOP & PARTNERS,24584183,"4,520.73"
Department of Health,NHS South West Lincolnshire CCG,11/30/2018,C&M-PMS Voluntary Levy,PRC DELEGATED CO-COMMISSIONING,DR GALLOP & PARTNERS,24584183,0.50
Department of Health,NHS South West Lincolnshire CCG,11/30/2018,ME-PMS GP Pension EEs Adjs - PMS,PRC DELEGATED CO-COMMISSIONING,DR GALLOP & PARTNERS,24584183,"1,116.00"
Department of Health,NHS South West Lincolnshire CCG,11/30/2018,ME-PMS GP Pension ERs Adjs - PMS,PRC DELEGATED CO-COMMISSIONING,DR GALLOP & PARTNERS,24584183,"1,725.60"
Department of Health,NHS South West Lincolnshire CCG,11/30/2018,Clinical&Medical-Voluntary Sector,HOSPICES,ST BARNABAS HOSPICE TRUST,24616459,"66,550.27"
Department of Health,NHS South West Lincolnshire CCG,11/30/2018,Clinical&Medical-Voluntary Sector,HOSPICES,ST BARNABAS HOSPICE TRUST,24616460,"58,403.33"
Department of Health,NHS South West Lincolnshire CCG,11/30/2018,Hcare Srv Rec NHS Trust-CQUIN,AMBULANCE SERVICES,EAST MIDLANDS AMBULANCE SERVICE NHS TRUST,24633209,"3,913.00"
Department of Health,NHS South West Lincolnshire CCG,11/30/2018,Hcare Srv Rec NHS Trust-Contract Baseline,AMBULANCE SERVICES,EAST MIDLANDS AMBULANCE SERVICE NHS TRUST,24633209,"313,018.00"
Department of Health,NHS South West Lincolnshire CCG,11/30/2018,Hcare Srv Rec NHS Trust-Contract Baseline,COMMUNITY SERVICES,LINCS COMMUNITY HEALTH SERVICES NHS TRUST,24633507,"784,794.13"
Department of Health,NHS South West Lincolnshire CCG,11/30/2018,Hcare Srv Rec NHS Trust-Prior Year,ACUTE COMMISSIONING,UNITED LINCOLNSHIRE HOSPITALS NHS TRUST,24650466,"520,545.63"
Department of Health,NHS South West Lincolnshire CCG,11/30/2018,Hcare Srv Rec NHS Trust-Prior Year,ACUTE COMMISSIONING,UNITED LINCOLNSHIRE HOSPITALS NHS TRUST,24650467,"-204,927.87"
Department of Health,NHS South West Lincolnshire CCG,11/30/2018,Hcare Srv Rec NHS Trust-Over/ Under Performance,ACUTE COMMISSIONING,UNITED LINCOLNSHIRE HOSPITALS NHS TRUST,24650468,"216,261.97"
Department of Health,NHS South West Lincolnshire CCG,11/30/2018,Hcare Srv Rec NHS Trust-Over/ Under Performance,ACUTE COMMISSIONING,UNITED LINCOLNSHIRE HOSPITALS NHS TRUST,24650470,"285,988.95"
Department of Health,NHS South West Lincolnshire CCG,11/30/2018,Hcare Srv Rec NHS Trust-Over/ Under Performance,ACUTE COMMISSIONING,UNITED LINCOLNSHIRE HOSPITALS NHS TRUST,24650471,"305,461.95"
Department of Health,NHS South West Lincolnshire CCG,11/30/2018,Hcare Srv Rec NHS Trust-Over/ Under Performance,ACUTE COMMISSIONING,UNIVERSITY HOSPITALS OF LEICESTER NHS TRUST,24650472,"67,717.53"
Department of Health,NHS South West Lincolnshire CCG,11/30/2018,Hcare Srv Rec NHS Trust-Over/ Under Performance,ACUTE COMMISSIONING,UNITED LINCOLNSHIRE HOSPITALS NHS TRUST,24650473,"304,164.55"
Department of Health,NHS South West Lincolnshire CCG,11/30/2018,Hcare Srv Rec NHS Trust-Over/ Under Performance,ACUTE COMMISSIONING,UNITED LINCOLNSHIRE HOSPITALS NHS TRUST,24650475,"317,708.31"
Department of Health,NHS South West Lincolnshire CCG,11/30/2018,Hcare Srv Rec NHS Trust-Over/ Under Performance,ACUTE COMMISSIONING,UNITED LINCOLNSHIRE HOSPITALS NHS TRUST,24650476,"-86,924.05"
Department of Health,NHS South West Lincolnshire CCG,11/30/2018,Charges from CSU,CONTINUING HEALTHCARE ASSESSMENT & SUPPORT,NHS ARDEN AND GEM CSU,24650478,"26,236.83"
Department of Health,NHS South West Lincolnshire CCG,11/30/2018,Charges from CSU,CONTRACT MANAGEMENT,NHS ARDEN AND GEM CSU,24650478,"1,872.08"
Department of Health,NHS South West Lincolnshire CCG,11/30/2018,Hcare Srv Rec Fdtn Trust-Contract Baseline,MENTAL HEALTH CONTRACTS,LINCOLNSHIRE PARTNERSHIP NHS FOUNDATION TRUST,24676908,"187,000.00"
Department of Health,NHS South West Lincolnshire CCG,11/30/2018,Hcare Srv Rec Fdtn Trust-Contract Baseline,MENTAL HEALTH CONTRACTS,LINCOLNSHIRE PARTNERSHIP NHS FOUNDATION TRUST,24711666,"939,196.68"
Department of Health,NHS South West Lincolnshire CCG,11/30/2018,Services From Local Authorities,SAFEGUARDING,LINCOLNSHIRE COUNTY COUNCIL,24718965,"30,000.00"
Department of Health,NHS South West Lincolnshire CCG,11/30/2018,Hcare Srv Rec NHS Trust-Non Contract,ACUTE COMMISSIONING,UNITED LINCOLNSHIRE HOSPITALS NHS TRUST,24731517,"96,462.52"
Department of Health,NHS South West Lincolnshire CCG,11/30/2018,C&M-GMS Global Sum,PRC DELEGATED CO-COMMISSIONING,DR AJ WATTS & PARTNERS,24739002,"71,788.23"
Department of Health,NHS South West Lincolnshire CCG,11/30/2018,C&M-GMS Prem Notional Rent,PRC DELEGATED CO-COMMISSIONING,DR AJ WATTS & PARTNERS,24739002,"3,516.67"
Department of Health,NHS South West Lincolnshire CCG,11/30/2018,C&M-GMS Prem Water Rates,PRC DELEGATED CO-COMMISSIONING,DR AJ WATTS & PARTNERS,24739002,119.05
Department of Health,NHS South West Lincolnshire CCG,11/30/2018,C&M-GMS QOF Aspiration,PRC DELEGATED CO-COMMISSIONING,DR AJ WATTS & PARTNERS,24739002,"7,501.91"
Department of Health,NHS South West Lincolnshire CCG,11/30/2018,C&M-GMS DES Learn Dsblty Hlth Chk,PRC DELEGATED CO-COMMISSIONING,DR ALLSEBROOK & PARTNERS,24739004,700.00
Department of Health,NHS South West Lincolnshire CCG,11/30/2018,C&M-GMS Global Sum,PRC DELEGATED CO-COMMISSIONING,DR ALLSEBROOK & PARTNERS,24739004,"38,359.54"
Department of Health,NHS South West Lincolnshire CCG,11/30/2018,C&M-GMS MPIG Correction Factor,PRC DELEGATED CO-COMMISSIONING,DR ALLSEBROOK & PARTNERS,24739004,567.73
Department of Health,NHS South West Lincolnshire CCG,11/30/2018,C&M-GMS QOF Aspiration,PRC DELEGATED CO-COMMISSIONING,DR ALLSEBROOK & PARTNERS,24739004,"4,297.80"
Department of Health,NHS South West Lincolnshire CCG,11/30/2018,C&M-GMS Global Sum,PRC DELEGATED CO-COMMISSIONING,DR G ENNIS,24739006,"26,466.65"
Department of Health,NHS South West Lincolnshire CCG,11/30/2018,C&M-GMS MPIG Correction Factor,PRC DELEGATED CO-COMMISSIONING,DR G ENNIS,24739006,582.00
Department of Health,NHS South West Lincolnshire CCG,11/30/2018,C&M-GMS Prem Notional Rent,PRC DELEGATED CO-COMMISSIONING,DR G ENNIS,24739006,"4,750.00"
Department of Health,NHS South West Lincolnshire CCG,11/30/2018,C&M-GMS QOF Aspiration,PRC DELEGATED CO-COMMISSIONING,DR G ENNIS,24739006,"2,416.81"
Department of Health,NHS South West Lincolnshire CCG,11/30/2018,ME-GMS GP Pension EEs Adjustments,PRC DELEGATED CO-COMMISSIONING,DR G ENNIS,24739006,150.15
Department of Health,NHS South West Lincolnshire CCG,11/30/2018,ME-GMS GP Pension ERs Adjustments,PRC DELEGATED CO-COMMISSIONING,DR G ENNIS,24739006,232.16
Department of Health,NHS South West Lincolnshire CCG,11/30/2018,C&M-GMS Global Sum,PRC DELEGATED CO-COMMISSIONING,DR JB ELDER & PARTNERS,24739009,"36,695.91"
Department of Health,NHS South West Lincolnshire CCG,11/30/2018,C&M-GMS MPIG Correction Factor,PRC DELEGATED CO-COMMISSIONING,DR JB ELDER & PARTNERS,24739009,170.58
Department of Health,NHS South West Lincolnshire CCG,11/30/2018,C&M-GMS QOF Aspiration,PRC DELEGATED CO-COMMISSIONING,DR JB ELDER & PARTNERS,24739009,"3,811.17"
Department of Health,NHS South West Lincolnshire CCG,11/30/2018,C&M-GMS Global Sum,PRC DELEGATED CO-COMMISSIONING,DR LAWRENSON & PARTNERS,24739011,"47,397.22"
Department of Health,NHS South West Lincolnshire CCG,11/30/2018,C&M-GMS QOF Aspiration,PRC DELEGATED CO-COMMISSIONING,DR LAWRENSON & PARTNERS,24739011,"5,288.83"
Department of Health,NHS South West Lincolnshire CCG,11/30/2018,C&M-GMS DES Learn Dsblty Hlth Chk,PRC DELEGATED CO-COMMISSIONING,DR LEEPER & PARTNERS,24739013,280.00
Department of Health,NHS South West Lincolnshire CCG,11/30/2018,C&M-GMS Global Sum,PRC DELEGATED CO-COMMISSIONING,DR LEEPER & PARTNERS,24739013,"43,479.14"
Department of Health,NHS South West Lincolnshire CCG,11/30/2018,C&M-GMS QOF Aspiration,PRC DELEGATED CO-COMMISSIONING,DR LEEPER & PARTNERS,24739013,"4,426.07"
Department of Health,NHS South West Lincolnshire CCG,11/30/2018,C&M-GMS Global Sum,PRC DELEGATED CO-COMMISSIONING,DR PARKIN & PARTNERS GRANTHAM,24739015,"112,241.01"
Department of Health,NHS South West Lincolnshire CCG,11/30/2018,C&M-GMS MPIG Correction Factor,PRC DELEGATED CO-COMMISSIONING,DR PARKIN & PARTNERS GRANTHAM,24739015,"5,183.13"
Department of Health,NHS South West Lincolnshire CCG,11/30/2018,C&M-GMS Prem Notional Rent,PRC DELEGATED CO-COMMISSIONING,DR PARKIN & PARTNERS GRANTHAM,24739015,"7,456.25"
Department of Health,NHS South West Lincolnshire CCG,11/30/2018,C&M-GMS QOF Aspiration,PRC DELEGATED CO-COMMISSIONING,DR PARKIN & PARTNERS GRANTHAM,24739015,"16,675.22"
Department of Health,NHS South West Lincolnshire CCG,11/30/2018,C&M-GMS Global Sum,PRC DELEGATED CO-COMMISSIONING,DR PARRY & PARTNERS SLEAFORD,24739017,"55,705.20"
Department of Health,NHS South West Lincolnshire CCG,11/30/2018,C&M-GMS Prem Actual Rent,PRC DELEGATED CO-COMMISSIONING,DR PARRY & PARTNERS SLEAFORD,24739017,"3,899.19"
Department of Health,NHS South West Lincolnshire CCG,11/30/2018,C&M-GMS QOF Aspiration,PRC DELEGATED CO-COMMISSIONING,DR PARRY & PARTNERS SLEAFORD,24739017,"6,695.56"
Department of Health,NHS South West Lincolnshire CCG,11/30/2018,C&M-GMS DES Violent Patients,PRC DELEGATED CO-COMMISSIONING,DR MTC HIGGINS & PARTNERS,24739019,"3,085.50"
Department of Health,NHS South West Lincolnshire CCG,11/30/2018,C&M-GMS Global Sum,PRC DELEGATED CO-COMMISSIONING,DR MTC HIGGINS & PARTNERS,24739019,"54,404.61"
Department of Health,NHS South West Lincolnshire CCG,11/30/2018,C&M-GMS MPIG Correction Factor,PRC DELEGATED CO-COMMISSIONING,DR MTC HIGGINS & PARTNERS,24739019,907.41
Department of Health,NHS South West Lincolnshire CCG,11/30/2018,C&M-GMS Prem Notional Rent,PRC DELEGATED CO-COMMISSIONING,DR MTC HIGGINS & PARTNERS,24739019,"5,037.33"
Department of Health,NHS South West Lincolnshire CCG,11/30/2018,C&M-GMS QOF Aspiration,PRC DELEGATED CO-COMMISSIONING,DR MTC HIGGINS & PARTNERS,24739019,"7,251.36"
Department of Health,NHS South West Lincolnshire CCG,11/30/2018,C&M-GMS Global Sum,PRC DELEGATED CO-COMMISSIONING,DR RYDER & PARTNERS,24739021,"64,748.22"
Department of Health,NHS South West Lincolnshire CCG,11/30/2018,C&M-GMS QOF Aspiration,PRC DELEGATED CO-COMMISSIONING,DR RYDER & PARTNERS,24739021,"6,432.22"
Department of Health,NHS South West Lincolnshire CCG,11/30/2018,C&M-GMS DES Learn Dsblty Hlth Chk,PRC DELEGATED CO-COMMISSIONING,DR WEBSTER & PARTNERS,24739023,"1,120.00"
Department of Health,NHS South West Lincolnshire CCG,11/30/2018,C&M-GMS Global Sum,PRC DELEGATED CO-COMMISSIONING,DR WEBSTER & PARTNERS,24739023,"128,008.07"
Department of Health,NHS South West Lincolnshire CCG,11/30/2018,C&M-GMS Prem Notional Rent,PRC DELEGATED CO-COMMISSIONING,DR WEBSTER & PARTNERS,24739023,"12,683.33"
Department of Health,NHS South West Lincolnshire CCG,11/30/2018,C&M-GMS QOF Aspiration,PRC DELEGATED CO-COMMISSIONING,DR WEBSTER & PARTNERS,24739023,"16,479.95"
Department of Health,NHS South West Lincolnshire CCG,11/30/2018,C&M-GMS DES Learn Dsblty Hlth Chk,PRC DELEGATED CO-COMMISSIONING,DR TEDBURY & PARTNERS,24739027,"1,540.00"
Department of Health,NHS South West Lincolnshire CCG,11/30/2018,C&M-GMS Global Sum,PRC DELEGATED CO-COMMISSIONING,DR TEDBURY & PARTNERS,24739027,"97,296.84"
Department of Health,NHS South West Lincolnshire CCG,11/30/2018,C&M-GMS MPIG Correction Factor,PRC DELEGATED CO-COMMISSIONING,DR TEDBURY & PARTNERS,24739027,71.53
Department of Health,NHS South West Lincolnshire CCG,11/30/2018,C&M-GMS Prem Notional Rent,PRC DELEGATED CO-COMMISSIONING,DR TEDBURY & PARTNERS,24739027,"6,759.02"
Department of Health,NHS South West Lincolnshire CCG,11/30/2018,C&M-GMS QOF Aspiration,PRC DELEGATED CO-COMMISSIONING,DR TEDBURY & PARTNERS,24739027,"11,329.16"
Department of Health,NHS South West Lincolnshire CCG,11/30/2018,C&M-GMS DES Learn Dsblty Hlth Chk,PRC DELEGATED CO-COMMISSIONING,DR VIJAYAN & PARTNERS,24739029,140.00
Department of Health,NHS South West Lincolnshire CCG,11/30/2018,C&M-GMS Global Sum,PRC DELEGATED CO-COMMISSIONING,DR VIJAYAN & PARTNERS,24739029,"80,106.12"
Department of Health,NHS South West Lincolnshire CCG,11/30/2018,C&M-GMS MPIG Correction Factor,PRC DELEGATED CO-COMMISSIONING,DR VIJAYAN & PARTNERS,24739029,"1,605.94"
Department of Health,NHS South West Lincolnshire CCG,11/30/2018,C&M-GMS Prem Actual Rent,PRC DELEGATED CO-COMMISSIONING,DR VIJAYAN & PARTNERS,24739029,"2,627.30"
Department of Health,NHS South West Lincolnshire CCG,11/30/2018,C&M-GMS Prem Notional Rent,PRC DELEGATED CO-COMMISSIONING,DR VIJAYAN & PARTNERS,24739029,"4,394.91"
Department of Health,NHS South West Lincolnshire CCG,11/30/2018,C&M-GMS Prem Water Rates,PRC DELEGATED CO-COMMISSIONING,DR VIJAYAN & PARTNERS,24739029,518.91
Department of Health,NHS South West Lincolnshire CCG,11/30/2018,C&M-GMS QOF Aspiration,PRC DELEGATED CO-COMMISSIONING,DR VIJAYAN & PARTNERS,24739029,"8,997.27"
Department of Health,NHS South West Lincolnshire CCG,11/30/2018,C&M-GMS Global Sum,PRC DELEGATED CO-COMMISSIONING,GLENSIDE COUNTRY PRACTICE,24739031,"26,634.49"
Department of Health,NHS South West Lincolnshire CCG,11/30/2018,C&M-GMS MPIG Correction Factor,PRC DELEGATED CO-COMMISSIONING,GLENSIDE COUNTRY PRACTICE,24739031,"1,060.30"
Department of Health,NHS South West Lincolnshire CCG,11/30/2018,C&M-GMS Prem Notional Rent,PRC DELEGATED CO-COMMISSIONING,GLENSIDE COUNTRY PRACTICE,24739031,"4,187.50"
Department of Health,NHS South West Lincolnshire CCG,11/30/2018,C&M-GMS QOF Aspiration,PRC DELEGATED CO-COMMISSIONING,GLENSIDE COUNTRY PRACTICE,24739031,"2,708.12"
Department of Health,NHS South West Lincolnshire CCG,11/30/2018,ME - GMS GP Prior Year ERs,PRC DELEGATED CO-COMMISSIONING,GLENSIDE COUNTRY PRACTICE,24739031,123.69
Department of Health,NHS South West Lincolnshire CCG,11/30/2018,ME-GMS GP Prior Year EEs,PRC DELEGATED CO-COMMISSIONING,GLENSIDE COUNTRY PRACTICE,24739031,108.12
Department of Health,NHS South West Lincolnshire CCG,11/30/2018,C&M-GMS Global Sum,PRC DELEGATED CO-COMMISSIONING,WELBY PRACTICE (THE),24739033,"60,972.44"
Department of Health,NHS South West Lincolnshire CCG,11/30/2018,C&M-GMS MPIG Correction Factor,PRC DELEGATED CO-COMMISSIONING,WELBY PRACTICE (THE),24739033,"3,218.70"
Department of Health,NHS South West Lincolnshire CCG,11/30/2018,C&M-GMS Prem Notional Rent,PRC DELEGATED CO-COMMISSIONING,WELBY PRACTICE (THE),24739033,"7,954.16"
Department of Health,NHS South West Lincolnshire CCG,11/30/2018,C&M-GMS Prem Water Rates,PRC DELEGATED CO-COMMISSIONING,WELBY PRACTICE (THE),24739033,38.02
Department of Health,NHS South West Lincolnshire CCG,11/30/2018,C&M-GMS QOF Aspiration,PRC DELEGATED CO-COMMISSIONING,WELBY PRACTICE (THE),24739033,"5,616.28"
Department of Health,NHS South West Lincolnshire CCG,11/30/2018,Income tax <1Yr,BALANCE SHEET,HMRC,24744138,"24,607.05"
Department of Health,NHS South West Lincolnshire CCG,11/30/2018,Income tax <1Yr-Student Loans,BALANCE SHEET,HMRC,24744138,435.00
Department of Health,NHS South West Lincolnshire CCG,11/30/2018,National Insurance < 1 yr-NI- ERS,BALANCE SHEET,HMRC,24744138,"16,872.06"
Department of Health,NHS South West Lincolnshire CCG,11/30/2018,National Insurance < 1 yr-NI-EES,BALANCE SHEET,HMRC,24744138,"13,337.24"
Department of Health,NHS South West Lincolnshire CCG,11/30/2018,Hcare Srv Rec NHS Trust-Non Contract,ACUTE COMMISSIONING,UNITED LINCOLNSHIRE HOSPITALS NHS TRUST,24745426,"112,661.03"
Department of Health,NHS South West Lincolnshire CCG,11/30/2018,Hcare Srv Rec NHS Trust-Non Contract,ACUTE COMMISSIONING,UNITED LINCOLNSHIRE HOSPITALS NHS TRUST,24745428,"189,158.66"
Department of Health,NHS South West Lincolnshire CCG,11/30/2018,Hcare Srv Rec NHS Trust-CQUIN,ACUTE COMMISSIONING,NOTTINGHAM UNIVERSITY HOSPITALS NHS TRUST,24745439,"14,217.00"
Department of Health,NHS South West Lincolnshire CCG,11/30/2018,Hcare Srv Rec NHS Trust-Contract Baseline,ACUTE COMMISSIONING,NOTTINGHAM UNIVERSITY HOSPITALS NHS TRUST,24745439,"594,417.00"
Department of Health,NHS South West Lincolnshire CCG,11/30/2018,Clinical&Medical-Independent Sector,ACUTE COMMISSIONING,FITZWILLIAM HOSPITAL,24750650,"135,654.83"
Department of Health,NHS South West Lincolnshire CCG,11/30/2018,Clinical&Medical-Independent Sector,ACUTE COMMISSIONING,BOSTON WEST HOSPITAL,24750652,"58,079.37"
Department of Health,NHS South West Lincolnshire CCG,11/30/2018,Hcare Srv Rec Fdtn Trust-Contract Baseline,ACUTE COMMISSIONING,NORTHERN LINCOLNSHIRE AND GOOLE HOSPITALS NHS FOUNDATION TRUST,24768150,"232,300.00"
Department of Health,NHS South West Lincolnshire CCG,11/30/2018,Clinical&Medical-Independent Sector,ACUTE COMMISSIONING,ORTHOPAEDICS & SPINE SPECIALIST HOSPITAL,24768152,"33,835.57"
Department of Health,NHS South West Lincolnshire CCG,11/30/2018,Recharge : Received,MENTAL HEALTH SERVICES - OTHER,NHS LINCOLNSHIRE WEST CCG,24783770,"67,594.00"
Department of Health,NHS South West Lincolnshire CCG,11/30/2018,Cont Care-Physical Disab (<65),CHC ADULT FULLY FUNDED,BARCHESTER HEALTHCARE LTD,24783786,"-30,024.00"
Department of Health,NHS South West Lincolnshire CCG,11/30/2018,Clinical&Medical-Othe Public Sector,SAFEGUARDING,NATIONAL OFFENDER MANAGEMENT SERVICE,24783816,"25,520.00"
Department of Health,NHS South West Lincolnshire CCG,11/30/2018,Clinical&Medical-Independent Sector,MENTAL HEALTH SERVICES - ADULTS,PRIORY CLINIC NOTTINGHAM,24809980,"55,905.00"
Department of Health,NHS South West Lincolnshire CCG,11/30/2018,Clinical&Medical-Othe Public Sector,CARERS,LINCOLNSHIRE COUNTY COUNCIL,24811987,"146,487.00"
Department of Health,NHS South West Lincolnshire CCG,11/30/2018,Clinical&Medical-Othe Public Sector,CHILD AND ADOLESCENT MENTAL HEALTH,LINCOLNSHIRE COUNTY COUNCIL,24811987,"93,396.00"
Department of Health,NHS South West Lincolnshire CCG,11/30/2018,Clinical&Medical-Othe Public Sector,COMMUNITY SERVICES,LINCOLNSHIRE COUNTY COUNCIL,24811987,"42,982.00"
Department of Health,NHS South West Lincolnshire CCG,11/30/2018,Clinical&Medical-Othe Public Sector,LEARNING DIFFICULTIES,LINCOLNSHIRE COUNTY COUNCIL,24811987,"265,254.00"
Department of Health,NHS South West Lincolnshire CCG,11/30/2018,C&M-GMS Cost of Drugs -Dispensing,LOCAL ENHANCED SERVICES,DR AJ WATTS & PARTNERS,24825725,"-101,420.36"
Department of Health,NHS South West Lincolnshire CCG,11/30/2018,C&M-GMS PrscChrgsCll&RmttdbyGPCntra,PRC DELEGATED CO-COMMISSIONING,DR AJ WATTS & PARTNERS,24825725,"-5,781.60"
Department of Health,NHS South West Lincolnshire CCG,11/30/2018,C&M-GMS Cost of Drugs -Dispensing,LOCAL ENHANCED SERVICES,DR AJ WATTS & PARTNERS,24825726,"215,778.66"
Department of Health,NHS South West Lincolnshire CCG,11/30/2018,C&M-GMS Prof Fees Dispensing,PRC DELEGATED CO-COMMISSIONING,DR AJ WATTS & PARTNERS,24825726,"38,652.23"
Department of Health,NHS South West Lincolnshire CCG,11/30/2018,C&M-GMS PrscrptnChrgsColl&RmttdbyGP,LOCAL ENHANCED SERVICES,DR AJ WATTS & PARTNERS,24825726,"5,781.60"
Department of Health,NHS South West Lincolnshire CCG,11/30/2018,C&M-GMS Cost of Drugs -Dispensing,LOCAL ENHANCED SERVICES,DR G ENNIS,24825728,"-27,005.38"
Department of Health,NHS South West Lincolnshire CCG,11/30/2018,C&M-GMS PrscChrgsCll&RmttdbyGPCntra,PRC DELEGATED CO-COMMISSIONING,DR G ENNIS,24825728,"-2,103.20"
Department of Health,NHS South West Lincolnshire CCG,11/30/2018,C&M-GMS Cost of Drugs -Dispensing,LOCAL ENHANCED SERVICES,DR G ENNIS,24825729,"60,239.29"
Department of Health,NHS South West Lincolnshire CCG,11/30/2018,C&M-GMS Prof Fees Dispensing,PRC DELEGATED CO-COMMISSIONING,DR G ENNIS,24825729,"9,779.90"
Department of Health,NHS South West Lincolnshire CCG,11/30/2018,C&M-GMS PrscrptnChrgsColl&RmttdbyGP,LOCAL ENHANCED SERVICES,DR G ENNIS,24825729,"2,103.20"
Department of Health,NHS South West Lincolnshire CCG,11/30/2018,C&M-GMS Cost of Drugs -Dispensing,LOCAL ENHANCED SERVICES,DR JB ELDER & PARTNERS,24825731,"-46,534.62"
Department of Health,NHS South West Lincolnshire CCG,11/30/2018,C&M-GMS PrscChrgsCll&RmttdbyGPCntra,PRC DELEGATED CO-COMMISSIONING,DR JB ELDER & PARTNERS,24825731,"-2,745.60"
Department of Health,NHS South West Lincolnshire CCG,11/30/2018,C&M-GMS Cost of Drugs -Dispensing,LOCAL ENHANCED SERVICES,DR JB ELDER & PARTNERS,24825732,"91,481.48"
Department of Health,NHS South West Lincolnshire CCG,11/30/2018,C&M-GMS Prof Fees Dispensing,PRC DELEGATED CO-COMMISSIONING,DR JB ELDER & PARTNERS,24825732,"14,320.17"
Department of Health,NHS South West Lincolnshire CCG,11/30/2018,C&M-GMS PrscrptnChrgsColl&RmttdbyGP,LOCAL ENHANCED SERVICES,DR JB ELDER & PARTNERS,24825732,"2,745.60"
Department of Health,NHS South West Lincolnshire CCG,11/30/2018,C&M-GMS Cost of Drugs -Dispensing,LOCAL ENHANCED SERVICES,DR LAWRENSON & PARTNERS,24825733,"-48,475.83"
Department of Health,NHS South West Lincolnshire CCG,11/30/2018,C&M-GMS PrscChrgsCll&RmttdbyGPCntra,PRC DELEGATED CO-COMMISSIONING,DR LAWRENSON & PARTNERS,24825733,"-3,432.00"
Department of Health,NHS South West Lincolnshire CCG,11/30/2018,C&M-GMS Cost of Drugs -Dispensing,LOCAL ENHANCED SERVICES,DR LAWRENSON & PARTNERS,24825734,"97,676.85"
Department of Health,NHS South West Lincolnshire CCG,11/30/2018,C&M-GMS Prof Fees Dispensing,PRC DELEGATED CO-COMMISSIONING,DR LAWRENSON & PARTNERS,24825734,"16,823.36"
Department of Health,NHS South West Lincolnshire CCG,11/30/2018,C&M-GMS PrscrptnChrgsColl&RmttdbyGP,LOCAL ENHANCED SERVICES,DR LAWRENSON & PARTNERS,24825734,"3,432.00"
Department of Health,NHS South West Lincolnshire CCG,11/30/2018,C&M-GMS Cost of Drugs -Dispensing,LOCAL ENHANCED SERVICES,DR LEEPER & PARTNERS,24825735,"-74,345.00"
Department of Health,NHS South West Lincolnshire CCG,11/30/2018,C&M-GMS PrscChrgsCll&RmttdbyGPCntra,PRC DELEGATED CO-COMMISSIONING,DR LEEPER & PARTNERS,24825735,"-2,798.40"
Department of Health,NHS South West Lincolnshire CCG,11/30/2018,C&M-GMS Cost of Drugs -Dispensing,LOCAL ENHANCED SERVICES,DR LEEPER & PARTNERS,24825736,"158,081.45"
Department of Health,NHS South West Lincolnshire CCG,11/30/2018,C&M-GMS Prof Fees Dispensing,PRC DELEGATED CO-COMMISSIONING,DR LEEPER & PARTNERS,24825736,"25,348.54"
Department of Health,NHS South West Lincolnshire CCG,11/30/2018,C&M-GMS PrscrptnChrgsColl&RmttdbyGP,LOCAL ENHANCED SERVICES,DR LEEPER & PARTNERS,24825736,"2,798.40"
Department of Health,NHS South West Lincolnshire CCG,11/30/2018,C&M-GMS Cost of Drugs -Dispensing,LOCAL ENHANCED SERVICES,DR PARRY & PARTNERS SLEAFORD,24825738,"-93,713.30"
Department of Health,NHS South West Lincolnshire CCG,11/30/2018,C&M-GMS PrscChrgsCll&RmttdbyGPCntra,PRC DELEGATED CO-COMMISSIONING,DR PARRY & PARTNERS SLEAFORD,24825738,"-3,520.00"
Department of Health,NHS South West Lincolnshire CCG,11/30/2018,C&M-GMS Cost of Drugs -Dispensing,LOCAL ENHANCED SERVICES,DR PARRY & PARTNERS SLEAFORD,24825739,"195,867.55"
Department of Health,NHS South West Lincolnshire CCG,11/30/2018,C&M-GMS Prof Fees Dispensing,PRC DELEGATED CO-COMMISSIONING,DR PARRY & PARTNERS SLEAFORD,24825739,"38,752.76"
Department of Health,NHS South West Lincolnshire CCG,11/30/2018,C&M-GMS PrscrptnChrgsColl&RmttdbyGP,LOCAL ENHANCED SERVICES,DR PARRY & PARTNERS SLEAFORD,24825739,"3,520.00"
Department of Health,NHS South West Lincolnshire CCG,11/30/2018,C&M-GMS Cost of Drugs -Dispensing,LOCAL ENHANCED SERVICES,DR RYDER & PARTNERS,24825741,"-29,645.44"
Department of Health,NHS South West Lincolnshire CCG,11/30/2018,C&M-GMS PrscChrgsCll&RmttdbyGPCntra,PRC DELEGATED CO-COMMISSIONING,DR RYDER & PARTNERS,24825741,-800.80
Department of Health,NHS South West Lincolnshire CCG,11/30/2018,C&M-GMS Cost of Drugs -Dispensing,LOCAL ENHANCED SERVICES,DR RYDER & PARTNERS,24825742,"54,692.56"
Department of Health,NHS South West Lincolnshire CCG,11/30/2018,C&M-GMS Prof Fees Dispensing,PRC DELEGATED CO-COMMISSIONING,DR RYDER & PARTNERS,24825742,"10,858.17"
Department of Health,NHS South West Lincolnshire CCG,11/30/2018,C&M-GMS PrscrptnChrgsColl&RmttdbyGP,LOCAL ENHANCED SERVICES,DR RYDER & PARTNERS,24825742,800.80
Department of Health,NHS South West Lincolnshire CCG,11/30/2018,C&M-GMS Cost of Drugs -Dispensing,LOCAL ENHANCED SERVICES,DR WEBSTER & PARTNERS,24825743,"-42,177.60"
Department of Health,NHS South West Lincolnshire CCG,11/30/2018,C&M-GMS PrscChrgsCll&RmttdbyGPCntra,PRC DELEGATED CO-COMMISSIONING,DR WEBSTER & PARTNERS,24825743,"-2,367.20"
Department of Health,NHS South West Lincolnshire CCG,11/30/2018,C&M-GMS Cost of Drugs -Dispensing,LOCAL ENHANCED SERVICES,DR WEBSTER & PARTNERS,24825744,"95,668.33"
Department of Health,NHS South West Lincolnshire CCG,11/30/2018,C&M-GMS Prof Fees Dispensing,PRC DELEGATED CO-COMMISSIONING,DR WEBSTER & PARTNERS,24825744,"15,539.87"
Department of Health,NHS South West Lincolnshire CCG,11/30/2018,C&M-GMS PrscrptnChrgsColl&RmttdbyGP,LOCAL ENHANCED SERVICES,DR WEBSTER & PARTNERS,24825744,"2,367.20"
Department of Health,NHS South West Lincolnshire CCG,11/30/2018,C&M-GMS Cost of Drugs -Dispensing,LOCAL ENHANCED SERVICES,DRS BAMBER & MCKECHNIE,24825746,"34,324.76"
Department of Health,NHS South West Lincolnshire CCG,11/30/2018,C&M-GMS Prof Fees Dispensing,PRC DELEGATED CO-COMMISSIONING,DRS BAMBER & MCKECHNIE,24825746,"6,129.56"
Department of Health,NHS South West Lincolnshire CCG,11/30/2018,C&M-GMS PrscrptnChrgsColl&RmttdbyGP,LOCAL ENHANCED SERVICES,DRS BAMBER & MCKECHNIE,24825746,888.80
Department of Health,NHS South West Lincolnshire CCG,11/30/2018,C&M-GMS Cost of Drugs -Dispensing,LOCAL ENHANCED SERVICES,DR VIJAYAN & PARTNERS,24825749,"45,662.08"
Department of Health,NHS South West Lincolnshire CCG,11/30/2018,C&M-GMS Prof Fees Dispensing,PRC DELEGATED CO-COMMISSIONING,DR VIJAYAN & PARTNERS,24825749,"7,581.09"
Department of Health,NHS South West Lincolnshire CCG,11/30/2018,C&M-GMS PrscrptnChrgsColl&RmttdbyGP,LOCAL ENHANCED SERVICES,DR VIJAYAN & PARTNERS,24825749,"1,284.80"
Department of Health,NHS South West Lincolnshire CCG,11/30/2018,C&M-GMS Cost of Drugs -Dispensing,LOCAL ENHANCED SERVICES,GLENSIDE COUNTRY PRACTICE,24825750,"-35,739.44"
Department of Health,NHS South West Lincolnshire CCG,11/30/2018,C&M-GMS PrscChrgsCll&RmttdbyGPCntra,PRC DELEGATED CO-COMMISSIONING,GLENSIDE COUNTRY PRACTICE,24825750,"-1,408.00"
Department of Health,NHS South West Lincolnshire CCG,11/30/2018,C&M-GMS Cost of Drugs -Dispensing,LOCAL ENHANCED SERVICES,GLENSIDE COUNTRY PRACTICE,24825751,"71,118.93"
Department of Health,NHS South West Lincolnshire CCG,11/30/2018,C&M-GMS Prof Fees Dispensing,PRC DELEGATED CO-COMMISSIONING,GLENSIDE COUNTRY PRACTICE,24825751,"13,934.91"
Department of Health,NHS South West Lincolnshire CCG,11/30/2018,C&M-GMS PrscrptnChrgsColl&RmttdbyGP,LOCAL ENHANCED SERVICES,GLENSIDE COUNTRY PRACTICE,24825751,"1,408.00"
Department of Health,NHS South West Lincolnshire CCG,11/30/2018,C&M-GMS Cost of Drugs -Dispensing,LOCAL ENHANCED SERVICES,WELBY PRACTICE (THE),24825752,"-35,821.72"
Department of Health,NHS South West Lincolnshire CCG,11/30/2018,C&M-GMS PrscChrgsCll&RmttdbyGPCntra,PRC DELEGATED CO-COMMISSIONING,WELBY PRACTICE (THE),24825752,"-1,804.00"
Department of Health,NHS South West Lincolnshire CCG,11/30/2018,C&M-GMS Cost of Drugs -Dispensing,LOCAL ENHANCED SERVICES,WELBY PRACTICE (THE),24825753,"63,446.99"
Department of Health,NHS South West Lincolnshire CCG,11/30/2018,C&M-GMS Prof Fees Dispensing,PRC DELEGATED CO-COMMISSIONING,WELBY PRACTICE (THE),24825753,"13,705.48"
Department of Health,NHS South West Lincolnshire CCG,11/30/2018,C&M-GMS PrscrptnChrgsColl&RmttdbyGP,LOCAL ENHANCED SERVICES,WELBY PRACTICE (THE),24825753,"1,804.00"
Department of Health,NHS South West Lincolnshire CCG,11/30/2018,Hcare Srv Rec NHS Trust-Contract Baseline,ACUTE COMMISSIONING,UNITED LINCOLNSHIRE HOSPITALS NHS TRUST,24839052,"4,880,111.81"
Department of Health,NHS South West Lincolnshire CCG,11/30/2018,Clinical&Medical-Independent Sector,PATIENT TRANSPORT,THAMES AMBULANCE SERVICE LTD,24857591,"56,386.00"
Department of Health,NHS South West Lincolnshire CCG,11/30/2018,Hcare Srv Rec Fdtn Trust-CQUIN,ACUTE COMMISSIONING,CAMBRIDGE UNIVERSITY HOSPITALS NHS FOUNDATION TRUST,24857619,308.08
Department of Health,NHS South West Lincolnshire CCG,11/30/2018,Hcare Srv Rec Fdtn Trust-Contract Baseline,ACUTE COMMISSIONING,CAMBRIDGE UNIVERSITY HOSPITALS NHS FOUNDATION TRUST,24857619,"25,820.83"
Department of Health,NHS South West Lincolnshire CCG,11/30/2018,Hcare Srv Rec NHS Trust-Prior Year,ACUTE COMMISSIONING,NOTTINGHAM UNIVERSITY HOSPITALS NHS TRUST,24891290,"-237,481.00"
Department of Health,NHS South West Lincolnshire CCG,11/30/2018,Hcare Srv Rec NHS Trust-Prior Year,ACUTE COMMISSIONING,NOTTINGHAM UNIVERSITY HOSPITALS NHS TRUST,24891296,"158,092.00"
Department of Health,NHS South West Lincolnshire CCG,11/30/2018,Hcare Srv Rec NHS Trust-Non Contract,ACUTE COMMISSIONING,UNITED LINCOLNSHIRE HOSPITALS NHS TRUST,24891298,"133,697.48"
Department of Health,NHS South West Lincolnshire CCG,11/30/2018,Hcare Srv Rec Fdtn Trust-Contract Baseline,ACUTE COMMISSIONING,UNIVERSITY HOSPITALS OF DERBY & BURTON NHS FOUNDATION TRUST,24891326,"54,360.86"
Department of Health,NHS South West Lincolnshire CCG,11/30/2018,Hcare Srv Rec NHS Trust-Contract Baseline,ACUTE COMMISSIONING,UNIVERSITY HOSPITALS OF LEICESTER NHS TRUST,24891335,"119,285.00"
Department of Health,NHS South West Lincolnshire CCG,11/30/2018,Clinical&Medical-Independent Sector,ACUTE COMMISSIONING,BMI HEALTHCARE LTD,24891342,"36,966.15"
Department of Health,NHS South West Lincolnshire CCG,11/30/2018,Clinical&Medical-Independent Sector,ACUTE COMMISSIONING,CIRCLE NOTTINGHAM LTD,24891682,"111,029.59"
Department of Health,NHS South West Lincolnshire CCG,11/30/2018,Hcare Srv Rec NHS Trust-Over/ Under Performance,ACUTE COMMISSIONING,UNITED LINCOLNSHIRE HOSPITALS NHS TRUST,24938720,"763,160.66"
Department of Health,NHS South West Lincolnshire CCG,11/30/2018,Hcare Srv Rec NHS Trust-Over/ Under Performance,ACUTE COMMISSIONING,UNITED LINCOLNSHIRE HOSPITALS NHS TRUST,24938732,"-763,160.66"
Department of Health,NHS South West Lincolnshire CCG,11/30/2018,Clinical&Medical-Independent Sector,ACUTE COMMISSIONING,FITZWILLIAM HOSPITAL,24957411,"-44,836.59"
Department of Health,NHS South West Lincolnshire CCG,11/30/2018,Clinical&Medical-Independent Sector,ACUTE COMMISSIONING,FITZWILLIAM HOSPITAL,24957412,"-50,649.49"
Department of Health,NHS South West Lincolnshire CCG,11/30/2018,Clinical&Medical-Independent Sector,ACUTE COMMISSIONING,BMI HEALTHCARE LTD,24967956,"36,515.16"
Department of Health,NHS South West Lincolnshire CCG,11/30/2018,Clinical&Medical-Independent Sector,ACUTE COMMISSIONING,NOTTINGHAM WOODTHORPE HOSPITAL,24967957,"104,129.36"
Department of Health,NHS South West Lincolnshire CCG,11/30/2018,Hcare Srv Rec Fdtn Trust-Contract Baseline,ACUTE COMMISSIONING,SHERWOOD FOREST HOSPITALS NHS FOUNDATION TRUST,24967960,"96,972.42"
Department of Health,NHS South West Lincolnshire CCG,11/30/2018,Clinical&Medical-Independent Sector,ACUTE COMMISSIONING,ORTHOPAEDICS & SPINE SPECIALIST HOSPITAL,24967963,"62,723.00"
