Department family,Entity,Date,Expense Type,Expense area,Supplier,Transaction number,AP Amount (�)
Department of Health,NHS South West Lincolnshire CCG,3/31/2019,Chrgs from SLA,COMMUNITY SERVICES,OPTUM HEALTH SOLUTIONS (UK) LTD,26214289,"26,679.68"
Department of Health,NHS South West Lincolnshire CCG,3/31/2019,Chrgs from SLA,COMMUNITY SERVICES,OPTUM HEALTH SOLUTIONS (UK) LTD,26214417,"26,679.68"
Department of Health,NHS South West Lincolnshire CCG,3/31/2019,C&M-PMS Baseline Adjustment,PRC DELEGATED CO-COMMISSIONING,DR GALLOP & PARTNERS,26246062,"45,455.09"
Department of Health,NHS South West Lincolnshire CCG,3/31/2019,C&M-PMS GP Statutory Levy,PRC DELEGATED CO-COMMISSIONING,DR GALLOP & PARTNERS,26246062,4.18
Department of Health,NHS South West Lincolnshire CCG,3/31/2019,C&M-PMS Prem Notional Rent,PRC DELEGATED CO-COMMISSIONING,DR GALLOP & PARTNERS,26246062,"4,833.33"
Department of Health,NHS South West Lincolnshire CCG,3/31/2019,C&M-PMS QOF Aspiration,PRC DELEGATED CO-COMMISSIONING,DR GALLOP & PARTNERS,26246062,"4,520.73"
Department of Health,NHS South West Lincolnshire CCG,3/31/2019,C&M-PMS Voluntary Levy,PRC DELEGATED CO-COMMISSIONING,DR GALLOP & PARTNERS,26246062,0.50
Department of Health,NHS South West Lincolnshire CCG,3/31/2019,Charges from CSU,CONTINUING HEALTHCARE ASSESSMENT & SUPPORT,NHS ARDEN AND GEM CSU,26313845,"28,350.00"
Department of Health,NHS South West Lincolnshire CCG,3/31/2019,Charges from CSU,CONTINUING HEALTHCARE ASSESSMENT & SUPPORT,NHS ARDEN AND GEM CSU,26314175,"31,924.50"
Department of Health,NHS South West Lincolnshire CCG,3/31/2019,Clinical&Medical-Independent Sector,ACUTE COMMISSIONING,BMI HEALTHCARE LTD,26314203,"36,515.16"
Department of Health,NHS South West Lincolnshire CCG,3/31/2019,Hcare Srv Rec Fdtn Trust-Contract Baseline,ACUTE COMMISSIONING,UNIVERSITY HOSPITALS OF DERBY & BURTON NHS FOUNDATION TRUST,26314213,"54,360.86"
Department of Health,NHS South West Lincolnshire CCG,3/31/2019,Hcare Srv Rec NHS Trust-Contract Baseline,ACUTE COMMISSIONING,UNIVERSITY HOSPITALS OF LEICESTER NHS TRUST,26314220,"119,285.00"
Department of Health,NHS South West Lincolnshire CCG,3/31/2019,Clinical&Medical-Independent Sector,ACUTE COMMISSIONING,ORTHOPAEDICS & SPINE SPECIALIST HOSPITAL,26314226,"62,723.00"
Department of Health,NHS South West Lincolnshire CCG,3/31/2019,Hcare Srv Rec Fdtn Trust-CQUIN,ACUTE COMMISSIONING,NORTH WEST ANGLIA NHS FOUNDATION TRUST,26314242,"4,297.25"
Department of Health,NHS South West Lincolnshire CCG,3/31/2019,Hcare Srv Rec Fdtn Trust-Contract Baseline,ACUTE COMMISSIONING,NORTH WEST ANGLIA NHS FOUNDATION TRUST,26314242,"368,357.92"
Department of Health,NHS South West Lincolnshire CCG,3/31/2019,Hcare Srv Rec Fdtn Trust-Contract Baseline,ACUTE COMMISSIONING,SHERWOOD FOREST HOSPITALS NHS FOUNDATION TRUST,26314249,"96,972.42"
Department of Health,NHS South West Lincolnshire CCG,3/31/2019,Hcare Srv Rec NHS Trust-CQUIN,ACUTE COMMISSIONING,NOTTINGHAM UNIVERSITY HOSPITALS NHS TRUST,26314318,"14,217.00"
Department of Health,NHS South West Lincolnshire CCG,3/31/2019,Hcare Srv Rec NHS Trust-Contract Baseline,ACUTE COMMISSIONING,NOTTINGHAM UNIVERSITY HOSPITALS NHS TRUST,26314318,"594,417.00"
Department of Health,NHS South West Lincolnshire CCG,3/31/2019,Clinical&Medical-Independent Sector,PROGRAMME PROJECTS,SPECSAVERS HEARCARE LTD,26335217,"41,641.00"
Department of Health,NHS South West Lincolnshire CCG,3/31/2019,Hcare Srv Rec NHS Trust-CQUIN,AMBULANCE SERVICES,EAST MIDLANDS AMBULANCE SERVICE NHS TRUST,26335433,"3,913.00"
Department of Health,NHS South West Lincolnshire CCG,3/31/2019,Hcare Srv Rec NHS Trust-Contract Baseline,AMBULANCE SERVICES,EAST MIDLANDS AMBULANCE SERVICE NHS TRUST,26335433,"313,018.00"
Department of Health,NHS South West Lincolnshire CCG,3/31/2019,Clinical&Medical-Independent Sector,ACUTE COMMISSIONING,FITZWILLIAM HOSPITAL,26335453,"-28,451.12"
Department of Health,NHS South West Lincolnshire CCG,3/31/2019,Charges from CSU,CONTINUING HEALTHCARE ASSESSMENT & SUPPORT,NHS ARDEN AND GEM CSU,26335589,"100,000.00"
Department of Health,NHS South West Lincolnshire CCG,3/31/2019,Charges from CSU,CONTINUING HEALTHCARE ASSESSMENT & SUPPORT,NHS ARDEN AND GEM CSU,26335592,"26,236.83"
Department of Health,NHS South West Lincolnshire CCG,3/31/2019,Charges from CSU,CONTRACT MANAGEMENT,NHS ARDEN AND GEM CSU,26335592,"2,972.08"
Department of Health,NHS South West Lincolnshire CCG,3/31/2019,Hcare Srv Rec NHS Trust-Contract Baseline,COMMUNITY SERVICES,LINCS COMMUNITY HEALTH SERVICES NHS TRUST,26335643,"784,794.13"
Department of Health,NHS South West Lincolnshire CCG,3/31/2019,Hcare Srv Rec NHS Trust-Over/ Under Performance,ACUTE COMMISSIONING,NOTTINGHAM UNIVERSITY HOSPITALS NHS TRUST,26352994,"128,718.00"
Department of Health,NHS South West Lincolnshire CCG,3/31/2019,Clinical&Medical-Independent Sector,ACUTE COMMISSIONING,NOTTINGHAM WOODTHORPE HOSPITAL,26353002,"37,929.55"
Department of Health,NHS South West Lincolnshire CCG,3/31/2019,Clinical&Medical-Independent Sector,ACUTE COMMISSIONING,FITZWILLIAM HOSPITAL,26371329,"137,740.83"
Department of Health,NHS South West Lincolnshire CCG,3/31/2019,Clinical&Medical-Independent Sector,ACUTE COMMISSIONING,BOSTON WEST HOSPITAL,26371330,"65,071.92"
Department of Health,NHS South West Lincolnshire CCG,3/31/2019,Clinical&Medical-Voluntary Sector,HOSPICES,ST BARNABAS HOSPICE TRUST,26371340,"66,550.27"
Department of Health,NHS South West Lincolnshire CCG,3/31/2019,Clinical&Medical-Voluntary Sector,HOSPICES,ST BARNABAS HOSPICE TRUST,26371349,"58,403.33"
Department of Health,NHS South West Lincolnshire CCG,3/31/2019,Recharge : Received,Winter Resilience,NHS SOUTH LINCOLNSHIRE CCG,26391961,"38,910.00"
Department of Health,NHS South West Lincolnshire CCG,3/31/2019,Clinical&Medical-Independent Sector,ACUTE COMMISSIONING,NOTTINGHAM WOODTHORPE HOSPITAL,26391997,"104,129.36"
Department of Health,NHS South West Lincolnshire CCG,3/31/2019,Hcare Srv Rec Fdtn Trust-Contract Baseline,MENTAL HEALTH CONTRACTS,LINCOLNSHIRE PARTNERSHIP NHS FOUNDATION TRUST,26392009,"921,427.11"
Department of Health,NHS South West Lincolnshire CCG,3/31/2019,Clinical&Medical-Independent Sector,ACUTE COMMISSIONING,CIRCLE NOTTINGHAM LTD,26418140,"-41,763.33"
Department of Health,NHS South West Lincolnshire CCG,3/31/2019,Clinical&Medical-Independent Sector,OUT OF HOURS,DHU 111 (EAST MIDLANDS) CIC,26418143,"47,149.92"
Department of Health,NHS South West Lincolnshire CCG,3/31/2019,C&M-GMS GP Statutory Levy,PRC DELEGATED CO-COMMISSIONING,DR AJ WATTS & PARTNERS,26428302,-315.00
Department of Health,NHS South West Lincolnshire CCG,3/31/2019,C&M-GMS Prem Actual Rent,PRC DELEGATED CO-COMMISSIONING,DR AJ WATTS & PARTNERS,26428302,"-11,136.00"
Department of Health,NHS South West Lincolnshire CCG,3/31/2019,C&M-GMS Voluntary Levy,PRC DELEGATED CO-COMMISSIONING,DR AJ WATTS & PARTNERS,26428302,-44.61
Department of Health,NHS South West Lincolnshire CCG,3/31/2019,ME-GMS GP Pension EEs,PRC DELEGATED CO-COMMISSIONING,DR AJ WATTS & PARTNERS,26428302,"-6,720.95"
Department of Health,NHS South West Lincolnshire CCG,3/31/2019,ME-GMS GP Pension ERs Adjustments,PRC DELEGATED CO-COMMISSIONING,DR AJ WATTS & PARTNERS,26428302,"-7,278.26"
Department of Health,NHS South West Lincolnshire CCG,3/31/2019,C&M-GMS Global Sum,PRC DELEGATED CO-COMMISSIONING,DR AJ WATTS & PARTNERS,26428303,"71,936.68"
Department of Health,NHS South West Lincolnshire CCG,3/31/2019,C&M-GMS PCO Seniority,PRC DELEGATED CO-COMMISSIONING,DR AJ WATTS & PARTNERS,26428303,"2,171.72"
Department of Health,NHS South West Lincolnshire CCG,3/31/2019,C&M-GMS Prem Actual Rent,PRC DELEGATED CO-COMMISSIONING,DR AJ WATTS & PARTNERS,26428303,"28,800.00"
Department of Health,NHS South West Lincolnshire CCG,3/31/2019,C&M-GMS Prem Notional Rent,PRC DELEGATED CO-COMMISSIONING,DR AJ WATTS & PARTNERS,26428303,"3,516.67"
Department of Health,NHS South West Lincolnshire CCG,3/31/2019,C&M-GMS Prem Water Rates,PRC DELEGATED CO-COMMISSIONING,DR AJ WATTS & PARTNERS,26428303,216.83
Department of Health,NHS South West Lincolnshire CCG,3/31/2019,C&M-GMS QOF Aspiration,PRC DELEGATED CO-COMMISSIONING,DR AJ WATTS & PARTNERS,26428303,"7,501.91"
Department of Health,NHS South West Lincolnshire CCG,3/31/2019,C&M-GMS Global Sum,PRC DELEGATED CO-COMMISSIONING,DR ALLSEBROOK & PARTNERS,26428305,"38,678.87"
Department of Health,NHS South West Lincolnshire CCG,3/31/2019,C&M-GMS MPIG Correction Factor,PRC DELEGATED CO-COMMISSIONING,DR ALLSEBROOK & PARTNERS,26428305,567.73
Department of Health,NHS South West Lincolnshire CCG,3/31/2019,C&M-GMS PCO Seniority,PRC DELEGATED CO-COMMISSIONING,DR ALLSEBROOK & PARTNERS,26428305,"1,022.65"
Department of Health,NHS South West Lincolnshire CCG,3/31/2019,C&M-GMS Prem Actual Rent,PRC DELEGATED CO-COMMISSIONING,DR ALLSEBROOK & PARTNERS,26428305,"27,986.60"
Department of Health,NHS South West Lincolnshire CCG,3/31/2019,C&M-GMS Prem Water Rates,PRC DELEGATED CO-COMMISSIONING,DR ALLSEBROOK & PARTNERS,26428305,119.02
Department of Health,NHS South West Lincolnshire CCG,3/31/2019,C&M-GMS QOF Aspiration,PRC DELEGATED CO-COMMISSIONING,DR ALLSEBROOK & PARTNERS,26428305,"4,297.80"
Department of Health,NHS South West Lincolnshire CCG,3/31/2019,C&M-GMS Global Sum,PRC DELEGATED CO-COMMISSIONING,DR G ENNIS,26428307,"26,757.50"
Department of Health,NHS South West Lincolnshire CCG,3/31/2019,C&M-GMS MPIG Correction Factor,PRC DELEGATED CO-COMMISSIONING,DR G ENNIS,26428307,952.73
Department of Health,NHS South West Lincolnshire CCG,3/31/2019,C&M-GMS Prem Notional Rent,PRC DELEGATED CO-COMMISSIONING,DR G ENNIS,26428307,"4,750.00"
Department of Health,NHS South West Lincolnshire CCG,3/31/2019,C&M-GMS QOF Aspiration,PRC DELEGATED CO-COMMISSIONING,DR G ENNIS,26428307,"2,416.81"
Department of Health,NHS South West Lincolnshire CCG,3/31/2019,C&M-GMS Global Sum,PRC DELEGATED CO-COMMISSIONING,DR JB ELDER & PARTNERS,26428309,"36,949.11"
Department of Health,NHS South West Lincolnshire CCG,3/31/2019,C&M-GMS MPIG Correction Factor,PRC DELEGATED CO-COMMISSIONING,DR JB ELDER & PARTNERS,26428309,170.58
Department of Health,NHS South West Lincolnshire CCG,3/31/2019,C&M-GMS PCO Seniority,PRC DELEGATED CO-COMMISSIONING,DR JB ELDER & PARTNERS,26428309,"3,811.29"
Department of Health,NHS South West Lincolnshire CCG,3/31/2019,C&M-GMS Prem Actual Rent,PRC DELEGATED CO-COMMISSIONING,DR JB ELDER & PARTNERS,26428309,"22,926.44"
Department of Health,NHS South West Lincolnshire CCG,3/31/2019,C&M-GMS QOF Aspiration,PRC DELEGATED CO-COMMISSIONING,DR JB ELDER & PARTNERS,26428309,"3,811.17"
Department of Health,NHS South West Lincolnshire CCG,3/31/2019,ME-GMS GP Pension EEs,PRC DELEGATED CO-COMMISSIONING,DR JB ELDER & PARTNERS,26428309,"3,302.13"
Department of Health,NHS South West Lincolnshire CCG,3/31/2019,ME-GMS GP Pension ERs Adjustments,PRC DELEGATED CO-COMMISSIONING,DR JB ELDER & PARTNERS,26428309,"3,053.98"
Department of Health,NHS South West Lincolnshire CCG,3/31/2019,C&M-GMS DES Learn Dsblty Hlth Chk,PRC DELEGATED CO-COMMISSIONING,DR LAWRENSON & PARTNERS,26428311,140.00
Department of Health,NHS South West Lincolnshire CCG,3/31/2019,C&M-GMS Global Sum,PRC DELEGATED CO-COMMISSIONING,DR LAWRENSON & PARTNERS,26428311,"47,805.38"
Department of Health,NHS South West Lincolnshire CCG,3/31/2019,C&M-GMS PCO Seniority,PRC DELEGATED CO-COMMISSIONING,DR LAWRENSON & PARTNERS,26428311,"1,384.21"
Department of Health,NHS South West Lincolnshire CCG,3/31/2019,C&M-GMS QOF Aspiration,PRC DELEGATED CO-COMMISSIONING,DR LAWRENSON & PARTNERS,26428311,"5,288.83"
Department of Health,NHS South West Lincolnshire CCG,3/31/2019,C&M-GMS Global Sum,PRC DELEGATED CO-COMMISSIONING,DR LEEPER & PARTNERS,26428313,"43,441.89"
Department of Health,NHS South West Lincolnshire CCG,3/31/2019,C&M-GMS PCO Seniority,PRC DELEGATED CO-COMMISSIONING,DR LEEPER & PARTNERS,26428313,"1,777.40"
Department of Health,NHS South West Lincolnshire CCG,3/31/2019,C&M-GMS Prem Actual Rent,PRC DELEGATED CO-COMMISSIONING,DR LEEPER & PARTNERS,26428313,"15,970.50"
Department of Health,NHS South West Lincolnshire CCG,3/31/2019,C&M-GMS QOF Aspiration,PRC DELEGATED CO-COMMISSIONING,DR LEEPER & PARTNERS,26428313,"4,426.07"
Department of Health,NHS South West Lincolnshire CCG,3/31/2019,C&M-GMS Global Sum,PRC DELEGATED CO-COMMISSIONING,DR PARRY & PARTNERS SLEAFORD,26428316,"55,566.46"
Department of Health,NHS South West Lincolnshire CCG,3/31/2019,C&M-GMS PCO Seniority,PRC DELEGATED CO-COMMISSIONING,DR PARRY & PARTNERS SLEAFORD,26428316,"2,296.16"
Department of Health,NHS South West Lincolnshire CCG,3/31/2019,C&M-GMS Prem Actual Rent,PRC DELEGATED CO-COMMISSIONING,DR PARRY & PARTNERS SLEAFORD,26428316,"3,899.19"
Department of Health,NHS South West Lincolnshire CCG,3/31/2019,C&M-GMS QOF Aspiration,PRC DELEGATED CO-COMMISSIONING,DR PARRY & PARTNERS SLEAFORD,26428316,"6,695.56"
Department of Health,NHS South West Lincolnshire CCG,3/31/2019,C&M-GMS DES Violent Patients,PRC DELEGATED CO-COMMISSIONING,DR MTC HIGGINS & PARTNERS,26428318,726.00
Department of Health,NHS South West Lincolnshire CCG,3/31/2019,C&M-GMS Global Sum,PRC DELEGATED CO-COMMISSIONING,DR MTC HIGGINS & PARTNERS,26428318,"54,540.29"
Department of Health,NHS South West Lincolnshire CCG,3/31/2019,C&M-GMS MPIG Correction Factor,PRC DELEGATED CO-COMMISSIONING,DR MTC HIGGINS & PARTNERS,26428318,907.41
Department of Health,NHS South West Lincolnshire CCG,3/31/2019,C&M-GMS PCO Seniority,PRC DELEGATED CO-COMMISSIONING,DR MTC HIGGINS & PARTNERS,26428318,"1,101.39"
Department of Health,NHS South West Lincolnshire CCG,3/31/2019,C&M-GMS Prem Notional Rent,PRC DELEGATED CO-COMMISSIONING,DR MTC HIGGINS & PARTNERS,26428318,"5,037.33"
Department of Health,NHS South West Lincolnshire CCG,3/31/2019,C&M-GMS Prem Water Rates,PRC DELEGATED CO-COMMISSIONING,DR MTC HIGGINS & PARTNERS,26428318,161.34
Department of Health,NHS South West Lincolnshire CCG,3/31/2019,C&M-GMS QOF Aspiration,PRC DELEGATED CO-COMMISSIONING,DR MTC HIGGINS & PARTNERS,26428318,"7,251.36"
Department of Health,NHS South West Lincolnshire CCG,3/31/2019,C&M-GMS DES Learn Dsblty Hlth Chk,PRC DELEGATED CO-COMMISSIONING,DR RYDER & PARTNERS,26428320,"9,380.00"
Department of Health,NHS South West Lincolnshire CCG,3/31/2019,C&M-GMS Global Sum,PRC DELEGATED CO-COMMISSIONING,DR RYDER & PARTNERS,26428320,"65,124.27"
Department of Health,NHS South West Lincolnshire CCG,3/31/2019,C&M-GMS PCO Seniority,PRC DELEGATED CO-COMMISSIONING,DR RYDER & PARTNERS,26428320,"1,132.19"
Department of Health,NHS South West Lincolnshire CCG,3/31/2019,C&M-GMS QOF Aspiration,PRC DELEGATED CO-COMMISSIONING,DR RYDER & PARTNERS,26428320,"6,432.22"
Department of Health,NHS South West Lincolnshire CCG,3/31/2019,ME - GMS GP Prior Year ERs,PRC DELEGATED CO-COMMISSIONING,DR RYDER & PARTNERS,26428320,"3,090.58"
Department of Health,NHS South West Lincolnshire CCG,3/31/2019,ME-GMS GP Prior Year EEs,PRC DELEGATED CO-COMMISSIONING,DR RYDER & PARTNERS,26428320,192.80
Department of Health,NHS South West Lincolnshire CCG,3/31/2019,C&M-GMS Global Sum,PRC DELEGATED CO-COMMISSIONING,DR WEBSTER & PARTNERS,26428322,"128,170.34"
Department of Health,NHS South West Lincolnshire CCG,3/31/2019,C&M-GMS PCO Locum Adop/Pat/Mat,PRC DELEGATED CO-COMMISSIONING,DR WEBSTER & PARTNERS,26428322,"7,854.56"
Department of Health,NHS South West Lincolnshire CCG,3/31/2019,C&M-GMS PCO Seniority,PRC DELEGATED CO-COMMISSIONING,DR WEBSTER & PARTNERS,26428322,"2,330.40"
Department of Health,NHS South West Lincolnshire CCG,3/31/2019,C&M-GMS Prem Notional Rent,PRC DELEGATED CO-COMMISSIONING,DR WEBSTER & PARTNERS,26428322,"12,683.33"
Department of Health,NHS South West Lincolnshire CCG,3/31/2019,C&M-GMS QOF Aspiration,PRC DELEGATED CO-COMMISSIONING,DR WEBSTER & PARTNERS,26428322,"16,479.95"
Department of Health,NHS South West Lincolnshire CCG,3/31/2019,C&M-GMS Global Sum,PRC DELEGATED CO-COMMISSIONING,DR TEDBURY & PARTNERS,26428326,"96,299.64"
Department of Health,NHS South West Lincolnshire CCG,3/31/2019,C&M-GMS MPIG Correction Factor,PRC DELEGATED CO-COMMISSIONING,DR TEDBURY & PARTNERS,26428326,71.53
Department of Health,NHS South West Lincolnshire CCG,3/31/2019,C&M-GMS PCO Seniority,PRC DELEGATED CO-COMMISSIONING,DR TEDBURY & PARTNERS,26428326,"2,395.88"
Department of Health,NHS South West Lincolnshire CCG,3/31/2019,C&M-GMS Prem Notional Rent,PRC DELEGATED CO-COMMISSIONING,DR TEDBURY & PARTNERS,26428326,"7,279.67"
Department of Health,NHS South West Lincolnshire CCG,3/31/2019,C&M-GMS QOF Aspiration,PRC DELEGATED CO-COMMISSIONING,DR TEDBURY & PARTNERS,26428326,"11,329.16"
Department of Health,NHS South West Lincolnshire CCG,3/31/2019,C&M-GMS Global Sum,PRC DELEGATED CO-COMMISSIONING,DR VIJAYAN & PARTNERS,26428328,"80,431.91"
Department of Health,NHS South West Lincolnshire CCG,3/31/2019,C&M-GMS MPIG Correction Factor,PRC DELEGATED CO-COMMISSIONING,DR VIJAYAN & PARTNERS,26428328,"1,605.94"
Department of Health,NHS South West Lincolnshire CCG,3/31/2019,C&M-GMS PCO Seniority,PRC DELEGATED CO-COMMISSIONING,DR VIJAYAN & PARTNERS,26428328,"3,287.97"
Department of Health,NHS South West Lincolnshire CCG,3/31/2019,C&M-GMS Prem Actual Rent,PRC DELEGATED CO-COMMISSIONING,DR VIJAYAN & PARTNERS,26428328,"2,627.30"
Department of Health,NHS South West Lincolnshire CCG,3/31/2019,C&M-GMS Prem Notional Rent,PRC DELEGATED CO-COMMISSIONING,DR VIJAYAN & PARTNERS,26428328,"4,394.91"
Department of Health,NHS South West Lincolnshire CCG,3/31/2019,C&M-GMS Prem Water Rates,PRC DELEGATED CO-COMMISSIONING,DR VIJAYAN & PARTNERS,26428328,305.74
Department of Health,NHS South West Lincolnshire CCG,3/31/2019,C&M-GMS QOF Aspiration,PRC DELEGATED CO-COMMISSIONING,DR VIJAYAN & PARTNERS,26428328,"8,997.27"
Department of Health,NHS South West Lincolnshire CCG,3/31/2019,C&M-GMS Global Sum,PRC DELEGATED CO-COMMISSIONING,GLENSIDE COUNTRY PRACTICE,26428330,"26,818.55"
Department of Health,NHS South West Lincolnshire CCG,3/31/2019,C&M-GMS MPIG Correction Factor,PRC DELEGATED CO-COMMISSIONING,GLENSIDE COUNTRY PRACTICE,26428330,"1,060.30"
Department of Health,NHS South West Lincolnshire CCG,3/31/2019,C&M-GMS Prem Notional Rent,PRC DELEGATED CO-COMMISSIONING,GLENSIDE COUNTRY PRACTICE,26428330,"4,187.50"
Department of Health,NHS South West Lincolnshire CCG,3/31/2019,C&M-GMS QOF Aspiration,PRC DELEGATED CO-COMMISSIONING,GLENSIDE COUNTRY PRACTICE,26428330,"2,708.12"
Department of Health,NHS South West Lincolnshire CCG,3/31/2019,C&M-GMS Global Sum,PRC DELEGATED CO-COMMISSIONING,WELBY PRACTICE (THE),26428332,"60,445.51"
Department of Health,NHS South West Lincolnshire CCG,3/31/2019,C&M-GMS MPIG Correction Factor,PRC DELEGATED CO-COMMISSIONING,WELBY PRACTICE (THE),26428332,"3,218.70"
Department of Health,NHS South West Lincolnshire CCG,3/31/2019,C&M-GMS Prem Actual Rent,PRC DELEGATED CO-COMMISSIONING,WELBY PRACTICE (THE),26428332,"25,088.00"
Department of Health,NHS South West Lincolnshire CCG,3/31/2019,C&M-GMS Prem Notional Rent,PRC DELEGATED CO-COMMISSIONING,WELBY PRACTICE (THE),26428332,"7,954.16"
Department of Health,NHS South West Lincolnshire CCG,3/31/2019,C&M-GMS QOF Aspiration,PRC DELEGATED CO-COMMISSIONING,WELBY PRACTICE (THE),26428332,"5,616.28"
Department of Health,NHS South West Lincolnshire CCG,3/31/2019,Income tax <1Yr,BALANCE SHEET,HMRC,26432206,"28,566.25"
Department of Health,NHS South West Lincolnshire CCG,3/31/2019,Income tax <1Yr-Student Loans,BALANCE SHEET,HMRC,26432206,438.00
Department of Health,NHS South West Lincolnshire CCG,3/31/2019,National Insurance < 1 yr-NI- ERS,BALANCE SHEET,HMRC,26432206,"20,095.72"
Department of Health,NHS South West Lincolnshire CCG,3/31/2019,National Insurance < 1 yr-NI-EES,BALANCE SHEET,HMRC,26432206,"13,797.49"
Department of Health,NHS South West Lincolnshire CCG,3/31/2019,Hcare Srv Rec NHS Trust-Over/ Under Performance,ACUTE COMMISSIONING,UNITED LINCOLNSHIRE HOSPITALS NHS TRUST,26435733,"802,796.98"
Department of Health,NHS South West Lincolnshire CCG,3/31/2019,Recharge : Received,Winter Resilience,NHS SOUTH LINCOLNSHIRE CCG,26435790,"-38,910.00"
Department of Health,NHS South West Lincolnshire CCG,3/31/2019,C&M-GMS DES Learn Dsblty Hlth Chk,PRC DELEGATED CO-COMMISSIONING,DR PARKIN & PARTNERS GRANTHAM,26447988,980.00
Department of Health,NHS South West Lincolnshire CCG,3/31/2019,C&M-GMS Global Sum,PRC DELEGATED CO-COMMISSIONING,DR PARKIN & PARTNERS GRANTHAM,26447988,"111,875.85"
Department of Health,NHS South West Lincolnshire CCG,3/31/2019,C&M-GMS MPIG Correction Factor,PRC DELEGATED CO-COMMISSIONING,DR PARKIN & PARTNERS GRANTHAM,26447988,"5,183.13"
Department of Health,NHS South West Lincolnshire CCG,3/31/2019,C&M-GMS PCO Other,PRC DELEGATED CO-COMMISSIONING,DR PARKIN & PARTNERS GRANTHAM,26447988,"9,486.00"
Department of Health,NHS South West Lincolnshire CCG,3/31/2019,C&M-GMS PCO Seniority,PRC DELEGATED CO-COMMISSIONING,DR PARKIN & PARTNERS GRANTHAM,26447988,"3,665.03"
Department of Health,NHS South West Lincolnshire CCG,3/31/2019,C&M-GMS Prem Notional Rent,PRC DELEGATED CO-COMMISSIONING,DR PARKIN & PARTNERS GRANTHAM,26447988,"7,456.25"
Department of Health,NHS South West Lincolnshire CCG,3/31/2019,C&M-GMS QOF Aspiration,PRC DELEGATED CO-COMMISSIONING,DR PARKIN & PARTNERS GRANTHAM,26447988,"16,675.22"
Department of Health,NHS South West Lincolnshire CCG,3/31/2019,Clinical&Medical-Independent Sector,ACUTE COMMISSIONING,BMI HEALTHCARE LTD,26484462,"31,030.70"
Department of Health,NHS South West Lincolnshire CCG,3/31/2019,Hcare Srv Rec Fdtn Trust-Over/ Under Performance,ACUTE COMMISSIONING,UNIVERSITY HOSPITALS OF DERBY & BURTON NHS FOUNDATION TRUST,26506833,"-26,856.48"
Department of Health,NHS South West Lincolnshire CCG,3/31/2019,Clinical&Medical-Othe Public Sector,CHILD AND ADOLESCENT MENTAL HEALTH,LINCOLNSHIRE COUNTY COUNCIL,26506880,"32,620.00"
Department of Health,NHS South West Lincolnshire CCG,3/31/2019,Clinical&Medical-Independent Sector,MENTAL HEALTH SERVICES - ADULTS,CYGNET HEALTHCARE LTD,26506896,"47,310.00"
Department of Health,NHS South West Lincolnshire CCG,3/31/2019,Clinical&Medical-Othe Public Sector,CARERS,LINCOLNSHIRE COUNTY COUNCIL,26506901,"169,359.00"
Department of Health,NHS South West Lincolnshire CCG,3/31/2019,Clinical&Medical-Othe Public Sector,CHILD AND ADOLESCENT MENTAL HEALTH,LINCOLNSHIRE COUNTY COUNCIL,26506901,"93,396.00"
Department of Health,NHS South West Lincolnshire CCG,3/31/2019,Clinical&Medical-Othe Public Sector,COMMUNITY SERVICES,LINCOLNSHIRE COUNTY COUNCIL,26506901,"42,982.00"
Department of Health,NHS South West Lincolnshire CCG,3/31/2019,Clinical&Medical-Othe Public Sector,LEARNING DIFFICULTIES,LINCOLNSHIRE COUNTY COUNCIL,26506901,"242,203.00"
Department of Health,NHS South West Lincolnshire CCG,3/31/2019,Computer Software/License,CEO/ BOARD OFFICE,DYNAMIC HEALTH,26516128,"550,800.00"
Department of Health,NHS South West Lincolnshire CCG,3/31/2019,C&M-GMS Cost of Drugs -Dispensing,LOCAL ENHANCED SERVICES,DR AJ WATTS & PARTNERS,26520859,"-115,325.64"
Department of Health,NHS South West Lincolnshire CCG,3/31/2019,C&M-GMS PrscChrgsCll&RmttdbyGPCntra,PRC DELEGATED CO-COMMISSIONING,DR AJ WATTS & PARTNERS,26520859,"-6,626.40"
Department of Health,NHS South West Lincolnshire CCG,3/31/2019,C&M-GMS Cost of Drugs -Dispensing,LOCAL ENHANCED SERVICES,DR AJ WATTS & PARTNERS,26520860,"201,945.79"
Department of Health,NHS South West Lincolnshire CCG,3/31/2019,C&M-GMS Prof Fees Dispensing,PRC DELEGATED CO-COMMISSIONING,DR AJ WATTS & PARTNERS,26520860,"46,549.65"
Department of Health,NHS South West Lincolnshire CCG,3/31/2019,C&M-GMS PrscrptnChrgsColl&RmttdbyGP,LOCAL ENHANCED SERVICES,DR AJ WATTS & PARTNERS,26520860,"6,626.40"
Department of Health,NHS South West Lincolnshire CCG,3/31/2019,C&M-GMS Cost of Drugs -Dispensing,LOCAL ENHANCED SERVICES,DR G ENNIS,26520862,"-32,539.76"
Department of Health,NHS South West Lincolnshire CCG,3/31/2019,C&M-GMS PrscChrgsCll&RmttdbyGPCntra,PRC DELEGATED CO-COMMISSIONING,DR G ENNIS,26520862,"-2,376.00"
Department of Health,NHS South West Lincolnshire CCG,3/31/2019,C&M-GMS Cost of Drugs -Dispensing,LOCAL ENHANCED SERVICES,DR G ENNIS,26520863,"55,140.47"
Department of Health,NHS South West Lincolnshire CCG,3/31/2019,C&M-GMS Prof Fees Dispensing,PRC DELEGATED CO-COMMISSIONING,DR G ENNIS,26520863,"12,900.74"
Department of Health,NHS South West Lincolnshire CCG,3/31/2019,C&M-GMS PrscrptnChrgsColl&RmttdbyGP,LOCAL ENHANCED SERVICES,DR G ENNIS,26520863,"2,376.00"
Department of Health,NHS South West Lincolnshire CCG,3/31/2019,C&M-GMS Cost of Drugs -Dispensing,LOCAL ENHANCED SERVICES,DR JB ELDER & PARTNERS,26520865,"-48,601.05"
Department of Health,NHS South West Lincolnshire CCG,3/31/2019,C&M-GMS PrscChrgsCll&RmttdbyGPCntra,PRC DELEGATED CO-COMMISSIONING,DR JB ELDER & PARTNERS,26520865,"-2,780.80"
Department of Health,NHS South West Lincolnshire CCG,3/31/2019,C&M-GMS Cost of Drugs -Dispensing,LOCAL ENHANCED SERVICES,DR JB ELDER & PARTNERS,26520866,"96,104.89"
Department of Health,NHS South West Lincolnshire CCG,3/31/2019,C&M-GMS Prof Fees Dispensing,PRC DELEGATED CO-COMMISSIONING,DR JB ELDER & PARTNERS,26520866,"16,796.45"
Department of Health,NHS South West Lincolnshire CCG,3/31/2019,C&M-GMS PrscrptnChrgsColl&RmttdbyGP,LOCAL ENHANCED SERVICES,DR JB ELDER & PARTNERS,26520866,"2,780.80"
Department of Health,NHS South West Lincolnshire CCG,3/31/2019,C&M-GMS Cost of Drugs -Dispensing,LOCAL ENHANCED SERVICES,DR LAWRENSON & PARTNERS,26520867,"-58,529.68"
Department of Health,NHS South West Lincolnshire CCG,3/31/2019,C&M-GMS PrscChrgsCll&RmttdbyGPCntra,PRC DELEGATED CO-COMMISSIONING,DR LAWRENSON & PARTNERS,26520867,"-3,916.00"
Department of Health,NHS South West Lincolnshire CCG,3/31/2019,C&M-GMS Cost of Drugs -Dispensing,LOCAL ENHANCED SERVICES,DR LAWRENSON & PARTNERS,26520868,"106,440.78"
Department of Health,NHS South West Lincolnshire CCG,3/31/2019,C&M-GMS Prof Fees Dispensing,PRC DELEGATED CO-COMMISSIONING,DR LAWRENSON & PARTNERS,26520868,"22,326.37"
Department of Health,NHS South West Lincolnshire CCG,3/31/2019,C&M-GMS PrscrptnChrgsColl&RmttdbyGP,LOCAL ENHANCED SERVICES,DR LAWRENSON & PARTNERS,26520868,"3,916.00"
Department of Health,NHS South West Lincolnshire CCG,3/31/2019,C&M-GMS Cost of Drugs -Dispensing,LOCAL ENHANCED SERVICES,DR LEEPER & PARTNERS,26520869,"-91,894.27"
Department of Health,NHS South West Lincolnshire CCG,3/31/2019,C&M-GMS PrscChrgsCll&RmttdbyGPCntra,PRC DELEGATED CO-COMMISSIONING,DR LEEPER & PARTNERS,26520869,"-3,062.40"
Department of Health,NHS South West Lincolnshire CCG,3/31/2019,C&M-GMS Cost of Drugs -Dispensing,LOCAL ENHANCED SERVICES,DR LEEPER & PARTNERS,26520870,"159,667.92"
Department of Health,NHS South West Lincolnshire CCG,3/31/2019,C&M-GMS Prof Fees Dispensing,PRC DELEGATED CO-COMMISSIONING,DR LEEPER & PARTNERS,26520870,"32,690.21"
Department of Health,NHS South West Lincolnshire CCG,3/31/2019,C&M-GMS PrscrptnChrgsColl&RmttdbyGP,LOCAL ENHANCED SERVICES,DR LEEPER & PARTNERS,26520870,"3,062.40"
Department of Health,NHS South West Lincolnshire CCG,3/31/2019,C&M-GMS Cost of Drugs -Dispensing,LOCAL ENHANCED SERVICES,DR PARRY & PARTNERS SLEAFORD,26520872,"-99,766.72"
Department of Health,NHS South West Lincolnshire CCG,3/31/2019,C&M-GMS PrscChrgsCll&RmttdbyGPCntra,PRC DELEGATED CO-COMMISSIONING,DR PARRY & PARTNERS SLEAFORD,26520872,"-3,986.40"
Department of Health,NHS South West Lincolnshire CCG,3/31/2019,C&M-GMS Cost of Drugs -Dispensing,LOCAL ENHANCED SERVICES,DR PARRY & PARTNERS SLEAFORD,26520873,"172,413.68"
Department of Health,NHS South West Lincolnshire CCG,3/31/2019,C&M-GMS Prof Fees Dispensing,PRC DELEGATED CO-COMMISSIONING,DR PARRY & PARTNERS SLEAFORD,26520873,"43,041.45"
Department of Health,NHS South West Lincolnshire CCG,3/31/2019,C&M-GMS PrscrptnChrgsColl&RmttdbyGP,LOCAL ENHANCED SERVICES,DR PARRY & PARTNERS SLEAFORD,26520873,"3,986.40"
Department of Health,NHS South West Lincolnshire CCG,3/31/2019,C&M-GMS Cost of Drugs -Dispensing,LOCAL ENHANCED SERVICES,DR RYDER & PARTNERS,26520876,"50,271.35"
Department of Health,NHS South West Lincolnshire CCG,3/31/2019,C&M-GMS Prof Fees Dispensing,PRC DELEGATED CO-COMMISSIONING,DR RYDER & PARTNERS,26520876,"9,746.04"
Department of Health,NHS South West Lincolnshire CCG,3/31/2019,C&M-GMS PrscrptnChrgsColl&RmttdbyGP,LOCAL ENHANCED SERVICES,DR RYDER & PARTNERS,26520876,580.80
Department of Health,NHS South West Lincolnshire CCG,3/31/2019,C&M-GMS Cost of Drugs -Dispensing,LOCAL ENHANCED SERVICES,DR WEBSTER & PARTNERS,26520877,"-43,698.09"
Department of Health,NHS South West Lincolnshire CCG,3/31/2019,C&M-GMS PrscChrgsCll&RmttdbyGPCntra,PRC DELEGATED CO-COMMISSIONING,DR WEBSTER & PARTNERS,26520877,"-1,883.20"
Department of Health,NHS South West Lincolnshire CCG,3/31/2019,C&M-GMS Cost of Drugs -Dispensing,LOCAL ENHANCED SERVICES,DR WEBSTER & PARTNERS,26520878,"71,289.06"
Department of Health,NHS South West Lincolnshire CCG,3/31/2019,C&M-GMS Prof Fees Dispensing,PRC DELEGATED CO-COMMISSIONING,DR WEBSTER & PARTNERS,26520878,"16,437.24"
Department of Health,NHS South West Lincolnshire CCG,3/31/2019,C&M-GMS PrscrptnChrgsColl&RmttdbyGP,LOCAL ENHANCED SERVICES,DR WEBSTER & PARTNERS,26520878,"1,883.20"
Department of Health,NHS South West Lincolnshire CCG,3/31/2019,C&M-GMS Cost of Drugs -Dispensing,LOCAL ENHANCED SERVICES,DRS BAMBER & MCKECHNIE,26520880,"38,289.28"
Department of Health,NHS South West Lincolnshire CCG,3/31/2019,C&M-GMS Prof Fees Dispensing,PRC DELEGATED CO-COMMISSIONING,DRS BAMBER & MCKECHNIE,26520880,"8,382.10"
Department of Health,NHS South West Lincolnshire CCG,3/31/2019,C&M-GMS PrscrptnChrgsColl&RmttdbyGP,LOCAL ENHANCED SERVICES,DRS BAMBER & MCKECHNIE,26520880,"1,293.60"
Department of Health,NHS South West Lincolnshire CCG,3/31/2019,C&M-GMS Cost of Drugs -Dispensing,LOCAL ENHANCED SERVICES,DR VIJAYAN & PARTNERS,26520883,"32,794.53"
Department of Health,NHS South West Lincolnshire CCG,3/31/2019,C&M-GMS Prof Fees Dispensing,PRC DELEGATED CO-COMMISSIONING,DR VIJAYAN & PARTNERS,26520883,"6,137.25"
Department of Health,NHS South West Lincolnshire CCG,3/31/2019,C&M-GMS PrscrptnChrgsColl&RmttdbyGP,LOCAL ENHANCED SERVICES,DR VIJAYAN & PARTNERS,26520883,748.00
Department of Health,NHS South West Lincolnshire CCG,3/31/2019,C&M-GMS Cost of Drugs -Dispensing,LOCAL ENHANCED SERVICES,GLENSIDE COUNTRY PRACTICE,26520884,"-40,925.32"
Department of Health,NHS South West Lincolnshire CCG,3/31/2019,C&M-GMS PrscChrgsCll&RmttdbyGPCntra,PRC DELEGATED CO-COMMISSIONING,GLENSIDE COUNTRY PRACTICE,26520884,"-1,531.20"
Department of Health,NHS South West Lincolnshire CCG,3/31/2019,C&M-GMS Cost of Drugs -Dispensing,LOCAL ENHANCED SERVICES,GLENSIDE COUNTRY PRACTICE,26520885,"61,526.95"
Department of Health,NHS South West Lincolnshire CCG,3/31/2019,C&M-GMS Prof Fees Dispensing,PRC DELEGATED CO-COMMISSIONING,GLENSIDE COUNTRY PRACTICE,26520885,"16,344.82"
Department of Health,NHS South West Lincolnshire CCG,3/31/2019,C&M-GMS PrscrptnChrgsColl&RmttdbyGP,LOCAL ENHANCED SERVICES,GLENSIDE COUNTRY PRACTICE,26520885,"1,531.20"
Department of Health,NHS South West Lincolnshire CCG,3/31/2019,C&M-GMS Cost of Drugs -Dispensing,LOCAL ENHANCED SERVICES,WELBY PRACTICE (THE),26520886,"-30,268.00"
Department of Health,NHS South West Lincolnshire CCG,3/31/2019,C&M-GMS PrscChrgsCll&RmttdbyGPCntra,PRC DELEGATED CO-COMMISSIONING,WELBY PRACTICE (THE),26520886,"-1,381.60"
Department of Health,NHS South West Lincolnshire CCG,3/31/2019,C&M-GMS Cost of Drugs -Dispensing,LOCAL ENHANCED SERVICES,WELBY PRACTICE (THE),26520887,"57,625.47"
Department of Health,NHS South West Lincolnshire CCG,3/31/2019,C&M-GMS Prof Fees Dispensing,PRC DELEGATED CO-COMMISSIONING,WELBY PRACTICE (THE),26520887,"11,483.22"
Department of Health,NHS South West Lincolnshire CCG,3/31/2019,C&M-GMS PrscrptnChrgsColl&RmttdbyGP,LOCAL ENHANCED SERVICES,WELBY PRACTICE (THE),26520887,"1,381.60"
Department of Health,NHS South West Lincolnshire CCG,3/31/2019,Hcare Srv Rec NHS Trust-Over/ Under Performance,ACUTE COMMISSIONING,UNIVERSITY HOSPITALS OF LEICESTER NHS TRUST,26525537,"88,575.62"
Department of Health,NHS South West Lincolnshire CCG,3/31/2019,NHS Recbles <1Yr- CHC Risk Pool Con,BALANCE SHEET,BRYAN BOWEN,26525584,"28,420.55"
Department of Health,NHS South West Lincolnshire CCG,3/31/2019,NHS Recbles <1Yr- CHC Risk Pool Con,BALANCE SHEET,HUGH JAMES NURSING CARE,26525631,"48,013.90"
Department of Health,NHS South West Lincolnshire CCG,3/31/2019,Clinical&Medical-Independent Sector,ACUTE COMMISSIONING,CIRCLE NOTTINGHAM LTD,26605223,"111,029.59"
Department of Health,NHS South West Lincolnshire CCG,3/31/2019,Clinical&Medical-Independent Sector,PATIENT TRANSPORT,THAMES AMBULANCE SERVICE LTD,26605294,"26,030.58"
Department of Health,NHS South West Lincolnshire CCG,3/31/2019,Clinical&Medical-Independent Sector,PROGRAMME PROJECTS,SPECSAVERS HEARCARE LTD,26605558,"36,243.75"
Department of Health,NHS South West Lincolnshire CCG,3/31/2019,Clinical&Medical-Othe Public Sector,MENTAL HEALTH SERVICES - ADULTS,LINCOLNSHIRE COUNTY COUNCIL,26605567,"15,980.77"
Department of Health,NHS South West Lincolnshire CCG,3/31/2019,Cont Care-FNC Client Continence Allow,FUNDED NURSING CARE,LINCOLNSHIRE COUNTY COUNCIL,26605567,"5,666.15"
Department of Health,NHS South West Lincolnshire CCG,3/31/2019,Cont Care-Funded Nursing Care Allow,FUNDED NURSING CARE,LINCOLNSHIRE COUNTY COUNCIL,26605567,"162,770.96"
Department of Health,NHS South West Lincolnshire CCG,3/31/2019,Hcare Srv Rec NHS Trust-Non Contract,ACUTE COMMISSIONING,UNITED LINCOLNSHIRE HOSPITALS NHS TRUST,26610933,"129,236.46"
Department of Health,NHS South West Lincolnshire CCG,3/31/2019,Hcare Srv Rec Fdtn Trust-Contract Baseline,ACUTE COMMISSIONING,CAMBRIDGE UNIVERSITY HOSPITALS NHS FOUNDATION TRUST,26662995,"26,128.91"
,,,,,,,
,,,,,,,"9,096,085.99"
