Department family,Entity,Date,Expense Type,Expense area,Supplier,Transaction number,AP Amount (�),VAT registration number,Purchase invoice number
Department of Health,NHS South West Lincolnshire CCG,7/31/2018,Hcare Srv Rec Fdtn Trust-CQUIN,ACUTE COMMISSIONING,NORTH WEST ANGLIA NHS FOUNDATION TRUST,22872226,"4,297.25",,17440573
Department of Health,NHS South West Lincolnshire CCG,7/31/2018,Hcare Srv Rec Fdtn Trust-Contract Baseline,ACUTE COMMISSIONING,NORTH WEST ANGLIA NHS FOUNDATION TRUST,22872226,"368,357.92",,17440573
Department of Health,NHS South West Lincolnshire CCG,7/31/2018,legal fees,LEARNING DIFFICULTIES,BROWNE JACOBSON LLP,22886710,"83,229.06",116396270,383466
Department of Health,NHS South West Lincolnshire CCG,7/31/2018,C&M-PMS Baseline Adjustment,PRC DELEGATED CO-COMMISSIONING,DR GALLOP & PARTNERS,22897966,"44,951.35",,LL000034209
Department of Health,NHS South West Lincolnshire CCG,7/31/2018,C&M-PMS GP Statutory Levy,PRC DELEGATED CO-COMMISSIONING,DR GALLOP & PARTNERS,22897966,4.18,,LL000034209
Department of Health,NHS South West Lincolnshire CCG,7/31/2018,C&M-PMS Prem Notional Rent,PRC DELEGATED CO-COMMISSIONING,DR GALLOP & PARTNERS,22897966,"4,833.33",,LL000034209
Department of Health,NHS South West Lincolnshire CCG,7/31/2018,C&M-PMS QOF Aspiration,PRC DELEGATED CO-COMMISSIONING,DR GALLOP & PARTNERS,22897966,"4,520.73",,LL000034209
Department of Health,NHS South West Lincolnshire CCG,7/31/2018,C&M-PMS Voluntary Levy,PRC DELEGATED CO-COMMISSIONING,DR GALLOP & PARTNERS,22897966,0.50,,LL000034209
Department of Health,NHS South West Lincolnshire CCG,7/31/2018,Clinical&Medical-Independent Sector,ACUTE COMMISSIONING,BMI HEALTHCARE COLLECTIONS,22905180,"36,515.16",,93239
Department of Health,NHS South West Lincolnshire CCG,7/31/2018,Clinical&Medical-Independent Sector,ACUTE COMMISSIONING,ORTHOPAEDICS & SPINE SPECIALIST HOSPITAL,22905199,"62,723.00",,M04SLA55SW
Department of Health,NHS South West Lincolnshire CCG,7/31/2018,Hcare Srv Rec NHS Trust-CQUIN,AMBULANCE SERVICES,EAST MIDLANDS AMBULANCE SERVICE NHS TRUST,22905247,"3,913.00",,11312006
Department of Health,NHS South West Lincolnshire CCG,7/31/2018,Hcare Srv Rec NHS Trust-Contract Baseline,AMBULANCE SERVICES,EAST MIDLANDS AMBULANCE SERVICE NHS TRUST,22905247,"313,018.00",,11312006
Department of Health,NHS South West Lincolnshire CCG,7/31/2018,Hcare Srv Rec NHS Trust-Contract Baseline,COMMUNITY SERVICES,LINCS COMMUNITY HEALTH SERVICES NHS TRUST,22928437,"784,794.13",654440975,4000039835
Department of Health,NHS South West Lincolnshire CCG,7/31/2018,Clinical&Medical-Independent Sector,WHEELCHAIR SERVICE,MILLBROOK HEALTHCARE LTD,22928439,"25,382.62",GB675991080,18283
Department of Health,NHS South West Lincolnshire CCG,7/31/2018,Hcare Srv Rec Fdtn Trust-Contract Baseline,MENTAL HEALTH CONTRACTS,LINCOLNSHIRE PARTNERSHIP NHS FOUNDATION TRUST,22928441,"912,712.82",654402453,2000017981
Department of Health,NHS South West Lincolnshire CCG,7/31/2018,Hcare Srv Rec Fdtn Trust-Prior Year,ACUTE COMMISSIONING,SHERWOOD FOREST HOSPITALS NHS FOUNDATION TRUST,22964869,"141,990.00",,157019
Department of Health,NHS South West Lincolnshire CCG,7/31/2018,Clinical&Medical-Independent Sector,ACUTE COMMISSIONING,BOSTON WEST HOSPITAL,22964877,"58,079.37",426505170GB,JULY1804QBWH01
Department of Health,NHS South West Lincolnshire CCG,7/31/2018,Clinical&Medical-Independent Sector,ACUTE COMMISSIONING,FITZWILLIAM HOSPITAL,22964879,"135,654.83",,JULY18FW04QSC01
Department of Health,NHS South West Lincolnshire CCG,7/31/2018,Hcare Srv Rec NHS Trust-CQUIN,ACUTE COMMISSIONING,NOTTINGHAM UNIVERSITY HOSPITALS NHS TRUST,23006817,"14,217.00",,2000094499
Department of Health,NHS South West Lincolnshire CCG,7/31/2018,Hcare Srv Rec NHS Trust-Contract Baseline,ACUTE COMMISSIONING,NOTTINGHAM UNIVERSITY HOSPITALS NHS TRUST,23006817,"594,417.00",,2000094499
Department of Health,NHS South West Lincolnshire CCG,7/31/2018,Income tax <1Yr,BALANCE SHEET,HMRC,23019169,"23,636.20",,120PB005700771903
Department of Health,NHS South West Lincolnshire CCG,7/31/2018,Income tax <1Yr-Student Loans,BALANCE SHEET,HMRC,23019169,392.00,,120PB005700771903
Department of Health,NHS South West Lincolnshire CCG,7/31/2018,National Insurance < 1 yr-NI- ERS,BALANCE SHEET,HMRC,23019169,"16,468.15",,120PB005700771903
Department of Health,NHS South West Lincolnshire CCG,7/31/2018,National Insurance < 1 yr-NI-EES,BALANCE SHEET,HMRC,23019169,"12,240.05",,120PB005700771903
Department of Health,NHS South West Lincolnshire CCG,7/31/2018,Statutory Mat Pay < 1 yr,BALANCE SHEET,HMRC,23019169,-400.71,,120PB005700771903
Department of Health,NHS South West Lincolnshire CCG,7/31/2018,Clinical&Medical-Independent Sector,MENTAL HEALTH SERVICES - ADULTS,ELYSIUM HEALTHCARE LTD,23038334,"38,051.10",GB257732580,HLH00182
Department of Health,NHS South West Lincolnshire CCG,7/31/2018,Clinical&Medical-Independent Sector,MENTAL HEALTH SERVICES - ADULTS,ELYSIUM HEALTHCARE LTD,23038340,"39,319.47",GB257732580,HLH00206
Department of Health,NHS South West Lincolnshire CCG,7/31/2018,Clinical&Medical-Voluntary Sector,HOSPICES,ST BARNABAS HOSPICE TRUST,23038386,"66,550.27",,SIN001626
Department of Health,NHS South West Lincolnshire CCG,7/31/2018,C&M-GMS DES Extended Hours Access,PRC DELEGATED CO-COMMISSIONING,DR AJ WATTS & PARTNERS,23052291,"4,290.20",,LL000034329
Department of Health,NHS South West Lincolnshire CCG,7/31/2018,C&M-GMS Global Sum,PRC DELEGATED CO-COMMISSIONING,DR AJ WATTS & PARTNERS,23052291,"70,727.66",,LL000034329
Department of Health,NHS South West Lincolnshire CCG,7/31/2018,C&M-GMS Prem Notional Rent,PRC DELEGATED CO-COMMISSIONING,DR AJ WATTS & PARTNERS,23052291,"3,516.67",,LL000034329
Department of Health,NHS South West Lincolnshire CCG,7/31/2018,C&M-GMS Prem Water Rates,PRC DELEGATED CO-COMMISSIONING,DR AJ WATTS & PARTNERS,23052291,324.33,,LL000034329
Department of Health,NHS South West Lincolnshire CCG,7/31/2018,C&M-GMS QOF Aspiration,PRC DELEGATED CO-COMMISSIONING,DR AJ WATTS & PARTNERS,23052291,"7,501.91",,LL000034329
Department of Health,NHS South West Lincolnshire CCG,7/31/2018,ME - GMS GP Prior Year ERs,PRC DELEGATED CO-COMMISSIONING,DR AJ WATTS & PARTNERS,23052291,"1,448.74",,LL000034329
Department of Health,NHS South West Lincolnshire CCG,7/31/2018,ME-GMS GP Prior Year EEs,PRC DELEGATED CO-COMMISSIONING,DR AJ WATTS & PARTNERS,23052291,"1,460.83",,LL000034329
Department of Health,NHS South West Lincolnshire CCG,7/31/2018,C&M-GMS Global Sum,PRC DELEGATED CO-COMMISSIONING,DR ALLSEBROOK & PARTNERS,23052293,"38,018.40",,LL000034331
Department of Health,NHS South West Lincolnshire CCG,7/31/2018,C&M-GMS MPIG Correction Factor,PRC DELEGATED CO-COMMISSIONING,DR ALLSEBROOK & PARTNERS,23052293,567.73,,LL000034331
Department of Health,NHS South West Lincolnshire CCG,7/31/2018,C&M-GMS QOF Aspiration,PRC DELEGATED CO-COMMISSIONING,DR ALLSEBROOK & PARTNERS,23052293,"4,297.80",,LL000034331
Department of Health,NHS South West Lincolnshire CCG,7/31/2018,C&M-GMS DES Extended Hours Access,PRC DELEGATED CO-COMMISSIONING,DR G ENNIS,23052295,870.20,,LL000034333
Department of Health,NHS South West Lincolnshire CCG,7/31/2018,C&M-GMS Global Sum,PRC DELEGATED CO-COMMISSIONING,DR G ENNIS,23052295,"25,523.14",,LL000034333
Department of Health,NHS South West Lincolnshire CCG,7/31/2018,C&M-GMS MPIG Correction Factor,PRC DELEGATED CO-COMMISSIONING,DR G ENNIS,23052295,582.00,,LL000034333
Department of Health,NHS South West Lincolnshire CCG,7/31/2018,C&M-GMS Prem Notional Rent,PRC DELEGATED CO-COMMISSIONING,DR G ENNIS,23052295,"3,250.00",,LL000034333
Department of Health,NHS South West Lincolnshire CCG,7/31/2018,C&M-GMS QOF Aspiration,PRC DELEGATED CO-COMMISSIONING,DR G ENNIS,23052295,"1,299.96",,LL000034333
Department of Health,NHS South West Lincolnshire CCG,7/31/2018,C&M-GMS DES Extended Hours Access,PRC DELEGATED CO-COMMISSIONING,DR JB ELDER & PARTNERS,23052299,"2,234.88",,LL000034335
Department of Health,NHS South West Lincolnshire CCG,7/31/2018,C&M-GMS Global Sum,PRC DELEGATED CO-COMMISSIONING,DR JB ELDER & PARTNERS,23052299,"36,161.65",,LL000034335
Department of Health,NHS South West Lincolnshire CCG,7/31/2018,C&M-GMS MPIG Correction Factor,PRC DELEGATED CO-COMMISSIONING,DR JB ELDER & PARTNERS,23052299,170.58,,LL000034335
Department of Health,NHS South West Lincolnshire CCG,7/31/2018,C&M-GMS QOF Aspiration,PRC DELEGATED CO-COMMISSIONING,DR JB ELDER & PARTNERS,23052299,"3,811.17",,LL000034335
Department of Health,NHS South West Lincolnshire CCG,7/31/2018,C&M-GMS DES Learn Dsblty Hlth Chk,PRC DELEGATED CO-COMMISSIONING,DR LAWRENSON & PARTNERS,23052305,140.00,,LL000034337
Department of Health,NHS South West Lincolnshire CCG,7/31/2018,C&M-GMS Global Sum,PRC DELEGATED CO-COMMISSIONING,DR LAWRENSON & PARTNERS,23052305,"46,845.65",,LL000034337
Department of Health,NHS South West Lincolnshire CCG,7/31/2018,C&M-GMS Prem Actual Rent,PRC DELEGATED CO-COMMISSIONING,DR LAWRENSON & PARTNERS,23052305,"27,240.00",,LL000034337
Department of Health,NHS South West Lincolnshire CCG,7/31/2018,C&M-GMS Prem Water Rates,PRC DELEGATED CO-COMMISSIONING,DR LAWRENSON & PARTNERS,23052305,236.53,,LL000034337
Department of Health,NHS South West Lincolnshire CCG,7/31/2018,C&M-GMS QOF Aspiration,PRC DELEGATED CO-COMMISSIONING,DR LAWRENSON & PARTNERS,23052305,"5,288.83",,LL000034337
Department of Health,NHS South West Lincolnshire CCG,7/31/2018,C&M-GMS DES Extended Hours Access,PRC DELEGATED CO-COMMISSIONING,DR LEEPER & PARTNERS,23052311,"2,253.88",,LL000034339
Department of Health,NHS South West Lincolnshire CCG,7/31/2018,C&M-GMS Global Sum,PRC DELEGATED CO-COMMISSIONING,DR LEEPER & PARTNERS,23052311,"44,236.97",,LL000034339
Department of Health,NHS South West Lincolnshire CCG,7/31/2018,C&M-GMS Prem Water Rates,PRC DELEGATED CO-COMMISSIONING,DR LEEPER & PARTNERS,23052311,157.97,,LL000034339
Department of Health,NHS South West Lincolnshire CCG,7/31/2018,C&M-GMS QOF Aspiration,PRC DELEGATED CO-COMMISSIONING,DR LEEPER & PARTNERS,23052311,"4,426.07",,LL000034339
Department of Health,NHS South West Lincolnshire CCG,7/31/2018,C&M-GMS DES Extended Hours Access,PRC DELEGATED CO-COMMISSIONING,DR PARKIN & PARTNERS GRANTHAM,23052318,"7,463.20",,LL000034341
Department of Health,NHS South West Lincolnshire CCG,7/31/2018,C&M-GMS Global Sum,PRC DELEGATED CO-COMMISSIONING,DR PARKIN & PARTNERS GRANTHAM,23052318,"110,799.53",,LL000034341
Department of Health,NHS South West Lincolnshire CCG,7/31/2018,C&M-GMS MPIG Correction Factor,PRC DELEGATED CO-COMMISSIONING,DR PARKIN & PARTNERS GRANTHAM,23052318,"5,183.13",,LL000034341
Department of Health,NHS South West Lincolnshire CCG,7/31/2018,C&M-GMS Prem Notional Rent,PRC DELEGATED CO-COMMISSIONING,DR PARKIN & PARTNERS GRANTHAM,23052318,"7,456.25",,LL000034341
Department of Health,NHS South West Lincolnshire CCG,7/31/2018,C&M-GMS QOF Aspiration,PRC DELEGATED CO-COMMISSIONING,DR PARKIN & PARTNERS GRANTHAM,23052318,"16,675.22",,LL000034341
Department of Health,NHS South West Lincolnshire CCG,7/31/2018,C&M-GMS DES Violent Patients,PRC DELEGATED CO-COMMISSIONING,DR MTC HIGGINS & PARTNERS,23052328,264.00,,LL000034345
Department of Health,NHS South West Lincolnshire CCG,7/31/2018,C&M-GMS Global Sum,PRC DELEGATED CO-COMMISSIONING,DR MTC HIGGINS & PARTNERS,23052328,"53,415.31",,LL000034345
Department of Health,NHS South West Lincolnshire CCG,7/31/2018,C&M-GMS MPIG Correction Factor,PRC DELEGATED CO-COMMISSIONING,DR MTC HIGGINS & PARTNERS,23052328,907.41,,LL000034345
Department of Health,NHS South West Lincolnshire CCG,7/31/2018,C&M-GMS Prem Notional Rent,PRC DELEGATED CO-COMMISSIONING,DR MTC HIGGINS & PARTNERS,23052328,"5,037.33",,LL000034345
Department of Health,NHS South West Lincolnshire CCG,7/31/2018,C&M-GMS Prem Rates,PRC DELEGATED CO-COMMISSIONING,DR MTC HIGGINS & PARTNERS,23052328,"28,408.00",,LL000034345
Department of Health,NHS South West Lincolnshire CCG,7/31/2018,C&M-GMS Prem Water Rates,PRC DELEGATED CO-COMMISSIONING,DR MTC HIGGINS & PARTNERS,23052328,828.70,,LL000034345
Department of Health,NHS South West Lincolnshire CCG,7/31/2018,C&M-GMS QOF Aspiration,PRC DELEGATED CO-COMMISSIONING,DR MTC HIGGINS & PARTNERS,23052328,"7,251.36",,LL000034345
Department of Health,NHS South West Lincolnshire CCG,7/31/2018,C&M-GMS DES Learn Dsblty Hlth Chk,PRC DELEGATED CO-COMMISSIONING,DR WEBSTER & PARTNERS,23052339,"1,260.00",,LL000034349
Department of Health,NHS South West Lincolnshire CCG,7/31/2018,C&M-GMS Global Sum,PRC DELEGATED CO-COMMISSIONING,DR WEBSTER & PARTNERS,23052339,"127,453.36",,LL000034349
Department of Health,NHS South West Lincolnshire CCG,7/31/2018,C&M-GMS Prem Notional Rent,PRC DELEGATED CO-COMMISSIONING,DR WEBSTER & PARTNERS,23052339,"12,683.33",,LL000034349
Department of Health,NHS South West Lincolnshire CCG,7/31/2018,C&M-GMS QOF Aspiration,PRC DELEGATED CO-COMMISSIONING,DR WEBSTER & PARTNERS,23052339,"16,479.95",,LL000034349
Department of Health,NHS South West Lincolnshire CCG,7/31/2018,C&M-GMS Dispensing Quality Sch,PRC DELEGATED CO-COMMISSIONING,DRS BAMBER & MCKECHNIE,23052343,"5,913.36",,LL000034351
Department of Health,NHS South West Lincolnshire CCG,7/31/2018,C&M-GMS Global Sum,PRC DELEGATED CO-COMMISSIONING,DRS BAMBER & MCKECHNIE,23052343,"17,858.33",,LL000034351
Department of Health,NHS South West Lincolnshire CCG,7/31/2018,C&M-GMS MPIG Correction Factor,PRC DELEGATED CO-COMMISSIONING,DRS BAMBER & MCKECHNIE,23052343,36.19,,LL000034351
Department of Health,NHS South West Lincolnshire CCG,7/31/2018,C&M-GMS Prem Notional Rent,PRC DELEGATED CO-COMMISSIONING,DRS BAMBER & MCKECHNIE,23052343,"2,783.33",,LL000034351
Department of Health,NHS South West Lincolnshire CCG,7/31/2018,C&M-GMS QOF Aspiration,PRC DELEGATED CO-COMMISSIONING,DRS BAMBER & MCKECHNIE,23052343,"1,847.96",,LL000034351
Department of Health,NHS South West Lincolnshire CCG,7/31/2018,C&M-GMS DES Extended Hours Access,PRC DELEGATED CO-COMMISSIONING,DR TEDBURY & PARTNERS,23052348,"7,121.68",,LL000034353
Department of Health,NHS South West Lincolnshire CCG,7/31/2018,C&M-GMS Global Sum,PRC DELEGATED CO-COMMISSIONING,DR TEDBURY & PARTNERS,23052348,"96,036.63",,LL000034353
Department of Health,NHS South West Lincolnshire CCG,7/31/2018,C&M-GMS MPIG Correction Factor,PRC DELEGATED CO-COMMISSIONING,DR TEDBURY & PARTNERS,23052348,71.53,,LL000034353
Department of Health,NHS South West Lincolnshire CCG,7/31/2018,C&M-GMS Prem Notional Rent,PRC DELEGATED CO-COMMISSIONING,DR TEDBURY & PARTNERS,23052348,"6,759.02",,LL000034353
Department of Health,NHS South West Lincolnshire CCG,7/31/2018,C&M-GMS Prem Water Rates,PRC DELEGATED CO-COMMISSIONING,DR TEDBURY & PARTNERS,23052348,242.49,,LL000034353
Department of Health,NHS South West Lincolnshire CCG,7/31/2018,C&M-GMS QOF Aspiration,PRC DELEGATED CO-COMMISSIONING,DR TEDBURY & PARTNERS,23052348,"11,329.16",,LL000034353
Department of Health,NHS South West Lincolnshire CCG,7/31/2018,ME - GMS GP Prior Year ERs,PRC DELEGATED CO-COMMISSIONING,DR TEDBURY & PARTNERS,23052348,"10,480.52",,LL000034353
Department of Health,NHS South West Lincolnshire CCG,7/31/2018,ME-GMS GP Prior Year AVCs,PRC DELEGATED CO-COMMISSIONING,DR TEDBURY & PARTNERS,23052348,"3,810.89",,LL000034353
Department of Health,NHS South West Lincolnshire CCG,7/31/2018,ME-GMS GP Prior Year EEs,PRC DELEGATED CO-COMMISSIONING,DR TEDBURY & PARTNERS,23052348,"11,151.36",,LL000034353
Department of Health,NHS South West Lincolnshire CCG,7/31/2018,C&M-GMS DES Extended Hours Access,PRC DELEGATED CO-COMMISSIONING,WELBY PRACTICE (THE),23052369,"1,591.25",,LL000034359
Department of Health,NHS South West Lincolnshire CCG,7/31/2018,C&M-GMS Global Sum,PRC DELEGATED CO-COMMISSIONING,WELBY PRACTICE (THE),23052369,"59,948.61",,LL000034359
Department of Health,NHS South West Lincolnshire CCG,7/31/2018,C&M-GMS MPIG Correction Factor,PRC DELEGATED CO-COMMISSIONING,WELBY PRACTICE (THE),23052369,"3,218.70",,LL000034359
Department of Health,NHS South West Lincolnshire CCG,7/31/2018,C&M-GMS Prem Notional Rent,PRC DELEGATED CO-COMMISSIONING,WELBY PRACTICE (THE),23052369,"7,954.16",,LL000034359
Department of Health,NHS South West Lincolnshire CCG,7/31/2018,C&M-GMS QOF Aspiration,PRC DELEGATED CO-COMMISSIONING,WELBY PRACTICE (THE),23052369,"8,102.94",,LL000034359
Department of Health,NHS South West Lincolnshire CCG,7/31/2018,Clinical&Medical-Voluntary Sector,HOSPICES,ST BARNABAS HOSPICE TRUST,23059093,"58,403.33",,SIN001627
Department of Health,NHS South West Lincolnshire CCG,7/31/2018,C&M-GMS DES Extended Hours Access,PRC DELEGATED CO-COMMISSIONING,DR PARRY & PARTNERS SLEAFORD,23068983,"3,051.88",,LL000034343
Department of Health,NHS South West Lincolnshire CCG,7/31/2018,C&M-GMS Global Sum,PRC DELEGATED CO-COMMISSIONING,DR PARRY & PARTNERS SLEAFORD,23068983,"54,925.38",,LL000034343
Department of Health,NHS South West Lincolnshire CCG,7/31/2018,C&M-GMS PCO Other,PRC DELEGATED CO-COMMISSIONING,DR PARRY & PARTNERS SLEAFORD,23068983,"4,156.00",,LL000034343
Department of Health,NHS South West Lincolnshire CCG,7/31/2018,C&M-GMS Prem Actual Rent,PRC DELEGATED CO-COMMISSIONING,DR PARRY & PARTNERS SLEAFORD,23068983,"3,899.19",,LL000034343
Department of Health,NHS South West Lincolnshire CCG,7/31/2018,C&M-GMS Prem Water Rates,PRC DELEGATED CO-COMMISSIONING,DR PARRY & PARTNERS SLEAFORD,23068983,208.74,,LL000034343
Department of Health,NHS South West Lincolnshire CCG,7/31/2018,C&M-GMS QOF Aspiration,PRC DELEGATED CO-COMMISSIONING,DR PARRY & PARTNERS SLEAFORD,23068983,"6,695.56",,LL000034343
Department of Health,NHS South West Lincolnshire CCG,7/31/2018,C&M-GMS DES Learn Dsblty Hlth Chk,PRC DELEGATED CO-COMMISSIONING,DR RYDER & PARTNERS,23068984,280.00,,LL000034347
Department of Health,NHS South West Lincolnshire CCG,7/31/2018,C&M-GMS Global Sum,PRC DELEGATED CO-COMMISSIONING,DR RYDER & PARTNERS,23068984,"63,479.78",,LL000034347
Department of Health,NHS South West Lincolnshire CCG,7/31/2018,C&M-GMS PCO Other,PRC DELEGATED CO-COMMISSIONING,DR RYDER & PARTNERS,23068984,"4,879.00",,LL000034347
Department of Health,NHS South West Lincolnshire CCG,7/31/2018,C&M-GMS Prem Actual Rent,PRC DELEGATED CO-COMMISSIONING,DR RYDER & PARTNERS,23068984,"34,440.00",,LL000034347
Department of Health,NHS South West Lincolnshire CCG,7/31/2018,C&M-GMS QOF Aspiration,PRC DELEGATED CO-COMMISSIONING,DR RYDER & PARTNERS,23068984,"6,432.22",,LL000034347
Department of Health,NHS South West Lincolnshire CCG,7/31/2018,C&M-GMS DES Extended Hours Access,PRC DELEGATED CO-COMMISSIONING,DR VIJAYAN & PARTNERS,23068985,"4,668.30",,LL000034355
Department of Health,NHS South West Lincolnshire CCG,7/31/2018,C&M-GMS Global Sum,PRC DELEGATED CO-COMMISSIONING,DR VIJAYAN & PARTNERS,23068985,"77,814.84",,LL000034355
Department of Health,NHS South West Lincolnshire CCG,7/31/2018,C&M-GMS MPIG Correction Factor,PRC DELEGATED CO-COMMISSIONING,DR VIJAYAN & PARTNERS,23068985,"1,605.94",,LL000034355
Department of Health,NHS South West Lincolnshire CCG,7/31/2018,C&M-GMS PCO Other,PRC DELEGATED CO-COMMISSIONING,DR VIJAYAN & PARTNERS,23068985,"6,059.00",,LL000034355
Department of Health,NHS South West Lincolnshire CCG,7/31/2018,C&M-GMS Prem Notional Rent,PRC DELEGATED CO-COMMISSIONING,DR VIJAYAN & PARTNERS,23068985,"4,394.91",,LL000034355
Department of Health,NHS South West Lincolnshire CCG,7/31/2018,C&M-GMS QOF Aspiration,PRC DELEGATED CO-COMMISSIONING,DR VIJAYAN & PARTNERS,23068985,"8,997.27",,LL000034355
Department of Health,NHS South West Lincolnshire CCG,7/31/2018,C&M-GMS DES Extended Hours Access,PRC DELEGATED CO-COMMISSIONING,GLENSIDE COUNTRY PRACTICE,23068986,"1,632.10",,LL000034357
Department of Health,NHS South West Lincolnshire CCG,7/31/2018,C&M-GMS Global Sum,PRC DELEGATED CO-COMMISSIONING,GLENSIDE COUNTRY PRACTICE,23068986,"26,266.96",,LL000034357
Department of Health,NHS South West Lincolnshire CCG,7/31/2018,C&M-GMS MPIG Correction Factor,PRC DELEGATED CO-COMMISSIONING,GLENSIDE COUNTRY PRACTICE,23068986,"1,060.30",,LL000034357
Department of Health,NHS South West Lincolnshire CCG,7/31/2018,C&M-GMS Prem Notional Rent,PRC DELEGATED CO-COMMISSIONING,GLENSIDE COUNTRY PRACTICE,23068986,"4,187.50",,LL000034357
Department of Health,NHS South West Lincolnshire CCG,7/31/2018,C&M-GMS QOF Aspiration,PRC DELEGATED CO-COMMISSIONING,GLENSIDE COUNTRY PRACTICE,23068986,"2,708.12",,LL000034357
Department of Health,NHS South West Lincolnshire CCG,7/31/2018,ME - GMS GP Prior Year ERs,PRC DELEGATED CO-COMMISSIONING,GLENSIDE COUNTRY PRACTICE,23068986,84.33,,LL000034357
Department of Health,NHS South West Lincolnshire CCG,7/31/2018,ME-GMS GP Prior Year EEs,PRC DELEGATED CO-COMMISSIONING,GLENSIDE COUNTRY PRACTICE,23068986,73.31,,LL000034357
Department of Health,NHS South West Lincolnshire CCG,7/31/2018,Hcare Srv Rec NHS Trust-Over/ Under Performance,ACUTE COMMISSIONING,UNITED LINCOLNSHIRE HOSPITALS NHS TRUST,23074097,"-386,964.86",,208457
Department of Health,NHS South West Lincolnshire CCG,7/31/2018,Hcare Srv Rec NHS Trust-Over/ Under Performance,ACUTE COMMISSIONING,UNITED LINCOLNSHIRE HOSPITALS NHS TRUST,23074108,"104,783.91",,187287
Department of Health,NHS South West Lincolnshire CCG,7/31/2018,Hcare Srv Rec NHS Trust-Over/ Under Performance,ACUTE COMMISSIONING,UNITED LINCOLNSHIRE HOSPITALS NHS TRUST,23074111,"-66,234.60",,208975
Department of Health,NHS South West Lincolnshire CCG,7/31/2018,Hcare Srv Rec NHS Trust-Over/ Under Performance,ACUTE COMMISSIONING,UNITED LINCOLNSHIRE HOSPITALS NHS TRUST,23074120,"430,981.01",,188540
Department of Health,NHS South West Lincolnshire CCG,7/31/2018,Hcare Srv Rec NHS Trust-Over/ Under Performance,ACUTE COMMISSIONING,UNITED LINCOLNSHIRE HOSPITALS NHS TRUST,23074124,"163,299.40",,189092
Department of Health,NHS South West Lincolnshire CCG,7/31/2018,Hcare Srv Rec NHS Trust-Over/ Under Performance,ACUTE COMMISSIONING,UNITED LINCOLNSHIRE HOSPITALS NHS TRUST,23074129,"-206,259.55",,209168
Department of Health,NHS South West Lincolnshire CCG,7/31/2018,Hcare Srv Rec NHS Trust-Over/ Under Performance,ACUTE COMMISSIONING,UNITED LINCOLNSHIRE HOSPITALS NHS TRUST,23074133,"288,815.86",,190208
Department of Health,NHS South West Lincolnshire CCG,7/31/2018,Hcare Srv Rec Fdtn Trust-Contract Baseline,ACUTE COMMISSIONING,NORTHERN LINCOLNSHIRE AND GOOLE HOSPITALS NHS FOUNDATION TRUST,23089222,"238,414.00",654977580,2400020333
Department of Health,NHS South West Lincolnshire CCG,7/31/2018,Hcare Srv Rec NHS Trust-CQUIN,ACUTE COMMISSIONING,UNITED LINCOLNSHIRE HOSPITALS NHS TRUST,23089223,"57,689.76",,193217
Department of Health,NHS South West Lincolnshire CCG,7/31/2018,Hcare Srv Rec NHS Trust-Contract Baseline,ACUTE COMMISSIONING,UNITED LINCOLNSHIRE HOSPITALS NHS TRUST,23089223,"4,822,422.05",,193217
Department of Health,NHS South West Lincolnshire CCG,7/31/2018,Clinical&Medical-Independent Sector,ACUTE COMMISSIONING,CIRCLE NOTTINGHAM LTD,23089231,"105,168.45",157231127,8004
Department of Health,NHS South West Lincolnshire CCG,7/31/2018,C&M-GMS Cost of Drugs -Dispensing,LOCAL ENHANCED SERVICES,DR AJ WATTS & PARTNERS,23126265,"-107,326.40",,LL000034547
Department of Health,NHS South West Lincolnshire CCG,7/31/2018,C&M-GMS PrscChrgsCll&RmttdbyGPCntra,PRC DELEGATED CO-COMMISSIONING,DR AJ WATTS & PARTNERS,23126265,"-6,476.00",,LL000034547
Department of Health,NHS South West Lincolnshire CCG,7/31/2018,C&M-GMS Cost of Drugs -Dispensing,LOCAL ENHANCED SERVICES,DR AJ WATTS & PARTNERS,23126266,"200,627.93",,LL000034548
Department of Health,NHS South West Lincolnshire CCG,7/31/2018,C&M-GMS Prof Fees Dispensing,PRC DELEGATED CO-COMMISSIONING,DR AJ WATTS & PARTNERS,23126266,"39,900.06",,LL000034548
Department of Health,NHS South West Lincolnshire CCG,7/31/2018,C&M-GMS PrscrptnChrgsColl&RmttdbyGP,LOCAL ENHANCED SERVICES,DR AJ WATTS & PARTNERS,23126266,"6,476.00",,LL000034548
Department of Health,NHS South West Lincolnshire CCG,7/31/2018,C&M-GMS Cost of Drugs -Dispensing,LOCAL ENHANCED SERVICES,DR G ENNIS,23126268,"-29,306.70",,LL000034550
Department of Health,NHS South West Lincolnshire CCG,7/31/2018,C&M-GMS PrscChrgsCll&RmttdbyGPCntra,PRC DELEGATED CO-COMMISSIONING,DR G ENNIS,23126268,"-2,094.40",,LL000034550
Department of Health,NHS South West Lincolnshire CCG,7/31/2018,C&M-GMS Cost of Drugs -Dispensing,LOCAL ENHANCED SERVICES,DR G ENNIS,23126269,"58,799.17",,LL000034551
Department of Health,NHS South West Lincolnshire CCG,7/31/2018,C&M-GMS Prof Fees Dispensing,PRC DELEGATED CO-COMMISSIONING,DR G ENNIS,23126269,"9,225.53",,LL000034551
Department of Health,NHS South West Lincolnshire CCG,7/31/2018,C&M-GMS PrscrptnChrgsColl&RmttdbyGP,LOCAL ENHANCED SERVICES,DR G ENNIS,23126269,"2,094.40",,LL000034551
Department of Health,NHS South West Lincolnshire CCG,7/31/2018,C&M-GMS Cost of Drugs -Dispensing,LOCAL ENHANCED SERVICES,DR JB ELDER & PARTNERS,23126271,"-45,325.80",,LL000034553
Department of Health,NHS South West Lincolnshire CCG,7/31/2018,C&M-GMS PrscChrgsCll&RmttdbyGPCntra,PRC DELEGATED CO-COMMISSIONING,DR JB ELDER & PARTNERS,23126271,"-2,754.00",,LL000034553
Department of Health,NHS South West Lincolnshire CCG,7/31/2018,C&M-GMS Cost of Drugs -Dispensing,LOCAL ENHANCED SERVICES,DR JB ELDER & PARTNERS,23126272,"94,747.94",,LL000034554
Department of Health,NHS South West Lincolnshire CCG,7/31/2018,C&M-GMS Prof Fees Dispensing,PRC DELEGATED CO-COMMISSIONING,DR JB ELDER & PARTNERS,23126272,"14,283.73",,LL000034554
Department of Health,NHS South West Lincolnshire CCG,7/31/2018,C&M-GMS PrscrptnChrgsColl&RmttdbyGP,LOCAL ENHANCED SERVICES,DR JB ELDER & PARTNERS,23126272,"2,754.00",,LL000034554
Department of Health,NHS South West Lincolnshire CCG,7/31/2018,C&M-GMS Cost of Drugs -Dispensing,LOCAL ENHANCED SERVICES,DR LAWRENSON & PARTNERS,23126273,"-58,493.33",,LL000034555
Department of Health,NHS South West Lincolnshire CCG,7/31/2018,C&M-GMS PrscChrgsCll&RmttdbyGPCntra,PRC DELEGATED CO-COMMISSIONING,DR LAWRENSON & PARTNERS,23126273,"-3,449.60",,LL000034555
Department of Health,NHS South West Lincolnshire CCG,7/31/2018,C&M-GMS Cost of Drugs -Dispensing,LOCAL ENHANCED SERVICES,DR LAWRENSON & PARTNERS,23126274,"105,595.75",,LL000034556
Department of Health,NHS South West Lincolnshire CCG,7/31/2018,C&M-GMS Prof Fees Dispensing,PRC DELEGATED CO-COMMISSIONING,DR LAWRENSON & PARTNERS,23126274,"20,580.29",,LL000034556
Department of Health,NHS South West Lincolnshire CCG,7/31/2018,C&M-GMS PrscrptnChrgsColl&RmttdbyGP,LOCAL ENHANCED SERVICES,DR LAWRENSON & PARTNERS,23126274,"3,449.60",,LL000034556
Department of Health,NHS South West Lincolnshire CCG,7/31/2018,C&M-GMS Cost of Drugs -Dispensing,LOCAL ENHANCED SERVICES,DR LEEPER & PARTNERS,23126275,"-82,953.98",,LL000034557
Department of Health,NHS South West Lincolnshire CCG,7/31/2018,C&M-GMS PrscChrgsCll&RmttdbyGPCntra,PRC DELEGATED CO-COMMISSIONING,DR LEEPER & PARTNERS,23126275,"-3,414.40",,LL000034557
Department of Health,NHS South West Lincolnshire CCG,7/31/2018,C&M-GMS Cost of Drugs -Dispensing,LOCAL ENHANCED SERVICES,DR LEEPER & PARTNERS,23126276,"144,910.94",,LL000034558
Department of Health,NHS South West Lincolnshire CCG,7/31/2018,C&M-GMS Prof Fees Dispensing,PRC DELEGATED CO-COMMISSIONING,DR LEEPER & PARTNERS,23126276,"27,735.59",,LL000034558
Department of Health,NHS South West Lincolnshire CCG,7/31/2018,C&M-GMS PrscrptnChrgsColl&RmttdbyGP,LOCAL ENHANCED SERVICES,DR LEEPER & PARTNERS,23126276,"3,414.40",,LL000034558
Department of Health,NHS South West Lincolnshire CCG,7/31/2018,C&M-GMS Cost of Drugs -Dispensing,LOCAL ENHANCED SERVICES,DR PARRY & PARTNERS SLEAFORD,23126278,"-90,195.80",,LL000034560
Department of Health,NHS South West Lincolnshire CCG,7/31/2018,C&M-GMS PrscChrgsCll&RmttdbyGPCntra,PRC DELEGATED CO-COMMISSIONING,DR PARRY & PARTNERS SLEAFORD,23126278,"-3,652.00",,LL000034560
Department of Health,NHS South West Lincolnshire CCG,7/31/2018,C&M-GMS Cost of Drugs -Dispensing,LOCAL ENHANCED SERVICES,DR PARRY & PARTNERS SLEAFORD,23126279,"171,306.38",,LL000034561
Department of Health,NHS South West Lincolnshire CCG,7/31/2018,C&M-GMS Prof Fees Dispensing,PRC DELEGATED CO-COMMISSIONING,DR PARRY & PARTNERS SLEAFORD,23126279,"37,257.04",,LL000034561
Department of Health,NHS South West Lincolnshire CCG,7/31/2018,C&M-GMS PrscrptnChrgsColl&RmttdbyGP,LOCAL ENHANCED SERVICES,DR PARRY & PARTNERS SLEAFORD,23126279,"3,652.00",,LL000034561
Department of Health,NHS South West Lincolnshire CCG,7/31/2018,C&M-GMS Cost of Drugs -Dispensing,LOCAL ENHANCED SERVICES,DR RYDER & PARTNERS,23126282,"41,791.23",,LL000034564
Department of Health,NHS South West Lincolnshire CCG,7/31/2018,C&M-GMS Prof Fees Dispensing,PRC DELEGATED CO-COMMISSIONING,DR RYDER & PARTNERS,23126282,"7,661.45",,LL000034564
Department of Health,NHS South West Lincolnshire CCG,7/31/2018,C&M-GMS PrscrptnChrgsColl&RmttdbyGP,LOCAL ENHANCED SERVICES,DR RYDER & PARTNERS,23126282,695.20,,LL000034564
Department of Health,NHS South West Lincolnshire CCG,7/31/2018,C&M-GMS Cost of Drugs -Dispensing,LOCAL ENHANCED SERVICES,DR WEBSTER & PARTNERS,23126283,"-41,170.63",,LL000034565
Department of Health,NHS South West Lincolnshire CCG,7/31/2018,C&M-GMS PrscChrgsCll&RmttdbyGPCntra,PRC DELEGATED CO-COMMISSIONING,DR WEBSTER & PARTNERS,23126283,"-2,120.80",,LL000034565
Department of Health,NHS South West Lincolnshire CCG,7/31/2018,C&M-GMS Cost of Drugs -Dispensing,LOCAL ENHANCED SERVICES,DR WEBSTER & PARTNERS,23126284,"68,930.94",,LL000034566
Department of Health,NHS South West Lincolnshire CCG,7/31/2018,C&M-GMS Prof Fees Dispensing,PRC DELEGATED CO-COMMISSIONING,DR WEBSTER & PARTNERS,23126284,"15,085.40",,LL000034566
Department of Health,NHS South West Lincolnshire CCG,7/31/2018,C&M-GMS PrscrptnChrgsColl&RmttdbyGP,LOCAL ENHANCED SERVICES,DR WEBSTER & PARTNERS,23126284,"2,120.80",,LL000034566
Department of Health,NHS South West Lincolnshire CCG,7/31/2018,C&M-GMS Cost of Drugs -Dispensing,LOCAL ENHANCED SERVICES,DRS BAMBER & MCKECHNIE,23126286,"33,962.43",,LL000034568
Department of Health,NHS South West Lincolnshire CCG,7/31/2018,C&M-GMS Prof Fees Dispensing,PRC DELEGATED CO-COMMISSIONING,DRS BAMBER & MCKECHNIE,23126286,"6,133.65",,LL000034568
Department of Health,NHS South West Lincolnshire CCG,7/31/2018,C&M-GMS PrscrptnChrgsColl&RmttdbyGP,LOCAL ENHANCED SERVICES,DRS BAMBER & MCKECHNIE,23126286,809.60,,LL000034568
Department of Health,NHS South West Lincolnshire CCG,7/31/2018,C&M-GMS Cost of Drugs -Dispensing,LOCAL ENHANCED SERVICES,DR VIJAYAN & PARTNERS,23126289,"34,237.69",,LL000034571
Department of Health,NHS South West Lincolnshire CCG,7/31/2018,C&M-GMS Prof Fees Dispensing,PRC DELEGATED CO-COMMISSIONING,DR VIJAYAN & PARTNERS,23126289,"6,662.42",,LL000034571
Department of Health,NHS South West Lincolnshire CCG,7/31/2018,C&M-GMS PrscrptnChrgsColl&RmttdbyGP,LOCAL ENHANCED SERVICES,DR VIJAYAN & PARTNERS,23126289,"1,161.40",,LL000034571
Department of Health,NHS South West Lincolnshire CCG,7/31/2018,C&M-GMS Cost of Drugs -Dispensing,LOCAL ENHANCED SERVICES,GLENSIDE COUNTRY PRACTICE,23126290,"-37,049.76",,LL000034572
Department of Health,NHS South West Lincolnshire CCG,7/31/2018,C&M-GMS PrscChrgsCll&RmttdbyGPCntra,PRC DELEGATED CO-COMMISSIONING,GLENSIDE COUNTRY PRACTICE,23126290,"-1,311.20",,LL000034572
Department of Health,NHS South West Lincolnshire CCG,7/31/2018,C&M-GMS Cost of Drugs -Dispensing,LOCAL ENHANCED SERVICES,GLENSIDE COUNTRY PRACTICE,23126291,"66,673.79",,LL000034573
Department of Health,NHS South West Lincolnshire CCG,7/31/2018,C&M-GMS Prof Fees Dispensing,PRC DELEGATED CO-COMMISSIONING,GLENSIDE COUNTRY PRACTICE,23126291,"14,391.06",,LL000034573
Department of Health,NHS South West Lincolnshire CCG,7/31/2018,C&M-GMS PrscrptnChrgsColl&RmttdbyGP,LOCAL ENHANCED SERVICES,GLENSIDE COUNTRY PRACTICE,23126291,"1,311.20",,LL000034573
Department of Health,NHS South West Lincolnshire CCG,7/31/2018,C&M-GMS Cost of Drugs -Dispensing,LOCAL ENHANCED SERVICES,WELBY PRACTICE (THE),23126292,"-28,009.46",,LL000034574
Department of Health,NHS South West Lincolnshire CCG,7/31/2018,C&M-GMS PrscChrgsCll&RmttdbyGPCntra,PRC DELEGATED CO-COMMISSIONING,WELBY PRACTICE (THE),23126292,"-1,196.80",,LL000034574
Department of Health,NHS South West Lincolnshire CCG,7/31/2018,Clinical&Medical-Othe Public Sector,CARERS,LINCOLNSHIRE COUNTY COUNCIL,23128602,"146,487.00",,10062300
Department of Health,NHS South West Lincolnshire CCG,7/31/2018,Clinical&Medical-Othe Public Sector,CHILD AND ADOLESCENT MENTAL HEALTH,LINCOLNSHIRE COUNTY COUNCIL,23128602,"93,396.00",,10062300
Department of Health,NHS South West Lincolnshire CCG,7/31/2018,Clinical&Medical-Othe Public Sector,COMMUNITY SERVICES,LINCOLNSHIRE COUNTY COUNCIL,23128602,"42,982.00",,10062300
Department of Health,NHS South West Lincolnshire CCG,7/31/2018,Clinical&Medical-Othe Public Sector,LEARNING DIFFICULTIES,LINCOLNSHIRE COUNTY COUNCIL,23128602,"265,254.00",,10062300
Department of Health,NHS South West Lincolnshire CCG,7/31/2018,C&M-GMS Cost of Drugs -Dispensing,LOCAL ENHANCED SERVICES,WELBY PRACTICE (THE),23140984,"43,791.46",,LL000034575
Department of Health,NHS South West Lincolnshire CCG,7/31/2018,C&M-GMS Cost of Drugs -Prescribing,LOCAL ENHANCED SERVICES,WELBY PRACTICE (THE),23140984,"10,226.03",,LL000034575
Department of Health,NHS South West Lincolnshire CCG,7/31/2018,C&M-GMS Prof Fees Dispensing,PRC DELEGATED CO-COMMISSIONING,WELBY PRACTICE (THE),23140984,"9,810.45",,LL000034575
Department of Health,NHS South West Lincolnshire CCG,7/31/2018,C&M-GMS Prof Fees Prescribing,PRC DELEGATED CO-COMMISSIONING,WELBY PRACTICE (THE),23140984,"2,896.18",,LL000034575
Department of Health,NHS South West Lincolnshire CCG,7/31/2018,C&M-GMS PrscrptnChrgsColl&RmttdbyGP,LOCAL ENHANCED SERVICES,WELBY PRACTICE (THE),23140984,"1,196.80",,LL000034575
Department of Health,NHS South West Lincolnshire CCG,7/31/2018,Clinical&Medical-Independent Sector,PROGRAMME PROJECTS,SPECSAVERS HEARCARE LTD,23167483,"32,048.50",GB854786083,21560072
Department of Health,NHS South West Lincolnshire CCG,7/31/2018,Clinical&Medical-Independent Sector,PROGRAMME PROJECTS,SPECSAVERS HEARCARE LTD,23167492,"33,815.00",GB854786083,21560075
Department of Health,NHS South West Lincolnshire CCG,7/31/2018,Clinical&Medical-Independent Sector,OUT OF HOURS,DHU 111 (EAST MIDLANDS) CIC,23167517,"35,172.97",GB257028406,SINV00682
Department of Health,NHS South West Lincolnshire CCG,7/31/2018,Hcare Srv Rec NHS Trust-Over/ Under Performance,ACUTE COMMISSIONING,NOTTINGHAM UNIVERSITY HOSPITALS NHS TRUST,23167553,"83,704.00",,2000094579
Department of Health,NHS South West Lincolnshire CCG,7/31/2018,Clinical&Medical-Independent Sector,ACUTE COMMISSIONING,BMI HEALTHCARE COLLECTIONS,23167572,"36,515.16",,94491
Department of Health,NHS South West Lincolnshire CCG,7/31/2018,Hcare Srv Rec NHS Trust-Contract Baseline,ACUTE COMMISSIONING,UNIVERSITY HOSPITALS OF LEICESTER NHS TRUST,23167645,"119,285.00",654972400,L0212387
Department of Health,NHS South West Lincolnshire CCG,7/31/2018,C&M-GMS Practice Transformational Support,LOCAL ENHANCED SERVICES,K2 HEALTHCARE LTD,23187722,"250,000.00",,8
Department of Health,NHS South West Lincolnshire CCG,7/31/2018,C&M-GMS Practice Transformational Support,LOCAL ENHANCED SERVICES,K2 HEALTHCARE LTD,23187739,"172,000.00",,6
Department of Health,NHS South West Lincolnshire CCG,7/31/2018,Clinical&Medical-Independent Sector,PATIENT TRANSPORT,THAMES AMBULANCE SERVICE LTD,23192303,"56,386.00",809846883,20318
Department of Health,NHS South West Lincolnshire CCG,7/31/2018,Recharge : Received,LONG TERM CONDITIONS,LINCS COMMUNITY HEALTH SERVICES NHS TRUST,23210867,"123,434.50",654440975,4000038237
Department of Health,NHS South West Lincolnshire CCG,7/31/2018,Recharge : Received,LONG TERM CONDITIONS,LINCS COMMUNITY HEALTH SERVICES NHS TRUST,23210869,"-92,576.00",654440975,4440001832
Department of Health,NHS South West Lincolnshire CCG,7/31/2018,Clinical&Medical-Independent Sector,MENTAL HEALTH SERVICES - ADULTS,BARCHESTER HEALTHCARE LTD,23210873,"-50,532.43",2792285,493000476
Department of Health,NHS South West Lincolnshire CCG,7/31/2018,Hcare Srv Rec NHS Trust-Non Contract,ACUTE COMMISSIONING,UNITED LINCOLNSHIRE HOSPITALS NHS TRUST,23210911,"151,030.53",,192986
Department of Health,NHS South West Lincolnshire CCG,7/31/2018,Charges from CSU,COMMISSIONING - NON ACUTE,NHS ARDEN AND GEM CSU,23210917,"3,063.00",GB526164259,7312611143
Department of Health,NHS South West Lincolnshire CCG,7/31/2018,Charges from CSU,CONTINUING HEALTHCARE ASSESSMENT & SUPPORT,NHS ARDEN AND GEM CSU,23210917,"28,108.91",GB526164259,7312611143
Department of Health,NHS South West Lincolnshire CCG,7/31/2018,Hcare Srv Rec Fdtn Trust-Non Contract,IMPROVING ACCESS TO PSYCHOLOGICAL THERAPIES,LINCOLNSHIRE PARTNERSHIP NHS FOUNDATION TRUST,23210923,"104,000.00",654402453,2000017999
Department of Health,NHS South West Lincolnshire CCG,7/31/2018,Hcare Srv Rec Fdtn Trust-CQUIN,ACUTE COMMISSIONING,CAMBRIDGE UNIVERSITY HOSPITALS NHS FOUNDATION TRUST,23210927,308.08,,70022054
Department of Health,NHS South West Lincolnshire CCG,7/31/2018,Hcare Srv Rec Fdtn Trust-Contract Baseline,ACUTE COMMISSIONING,CAMBRIDGE UNIVERSITY HOSPITALS NHS FOUNDATION TRUST,23210927,"25,820.83",,70022054
Department of Health,NHS South West Lincolnshire CCG,7/31/2018,Hcare Srv Rec Fdtn Trust-Contract Baseline,ACUTE COMMISSIONING,SHERWOOD FOREST HOSPITALS NHS FOUNDATION TRUST,23210931,"96,972.42",,166218
Department of Health,NHS South West Lincolnshire CCG,7/31/2018,Clinical&Medical-Independent Sector,ACUTE COMMISSIONING,NOTTINGHAM WOODTHORPE HOSPITAL,23229338,"104,129.36",,5AUG1804QSWL
,,,,,,,,,
,,,,,,,"13,347,958.81",,
