NHS Birmingham & Solihull CCG,,,,,,,,,,,
>25K Expenditure                                                                                                                                                                                                                                                                         June 2015,,,,,Mar-19,,,,,,
Department family,Entity,Date,Expense Type,Expense area,Supplier,Transaction number,AP Amount (�),VAT registration number,Purchase invoice number,,
Department of Health,NHS Birmingham & Solihull CCG,3/31/2019,Clinical&Medical-Independent Sector,LEARNING DIFFICULTIES,ACCOMPLISH,26333970,"34,042.05 ",,SGN0006931,,
Department of Health,NHS Birmingham & Solihull CCG,3/31/2019,Clinical&Medical-Voluntary Sector,HOSPICES,ACORNS CHILDRENS HOSPICE TRUST,26264198,"43,842.93 ",161951015,BSC1M121819,,
Department of Health,NHS Birmingham & Solihull CCG,3/31/2019,IT(Owned)-Cost-Addns-Purch Assets,Balance Sheet,AMEY OW LTD,26377759,"42,914.45 ",06489969,90731441,,
Department of Health,NHS Birmingham & Solihull CCG,3/31/2019,Clinical&Medical-Independent Sector,LEARNING DIFFICULTIES,ASPIRATIONS CARE LTD,26343657,"88,354.05 ",,LD1819MAR01,,
Department of Health,NHS Birmingham & Solihull CCG,3/31/2019,Clinical&Medical-Independent Sector,OUT OF HOURS,BADGER HEALTHCARE LTD,26264027,"113,333.00 ",,2BADBENMAR19,,
Department of Health,NHS Birmingham & Solihull CCG,3/31/2019,Clinical&Medical-Independent Sector,OUT OF HOURS,BADGER HEALTHCARE LTD,26264007,"159,555.00 ",,BADBENMAR19,,
Department of Health,NHS Birmingham & Solihull CCG,3/31/2019,Clinical&Medical-Independent Sector,OUT OF HOURS,BADGER HEALTHCARE LTD,26264090,"274,645.45 ",,BADBSCMAR19,,
Department of Health,NHS Birmingham & Solihull CCG,3/31/2019,Clinical&Medical-Commercial Sector,OUT OF HOURS,BADGER MEDICAL LTD,26317645,"63,419.45 ",864439494,8287,,
Department of Health,NHS Birmingham & Solihull CCG,3/31/2019,Clinical&Medical-Commercial Sector,OUT OF HOURS,BADGER MEDICAL LTD,26319199,"(63,419.45) ",864439494,8371,,
Department of Health,NHS Birmingham & Solihull CCG,3/31/2019,Clinical&Medical-Commercial Sector,OUT OF HOURS,BADGER MEDICAL LTD,26340253,"26,758.48 ",864439494,8398,,
Department of Health,NHS Birmingham & Solihull CCG,3/31/2019,Clinical&Medical-Independent Sector,OUT OF HOURS,BADGER MIDLANDS MEDICAL LTD,26264033,"91,216.00 ",,BADERDMAR19,,
Department of Health,NHS Birmingham & Solihull CCG,3/31/2019,Clinical&Medical-Voluntary Sector,COMMUNITY SERVICES,BETHEL HEALTH AND HEALING NETWORK,26264194,"25,000.00 ",,BETDM121819,,
Department of Health,NHS Birmingham & Solihull CCG,3/31/2019,C&M-GMS Global Sum,PRC DELEGATED CO-COMMISSIONING,BG HEALTH,26498387,"59,202.22 ",,BIR000039628,,
Department of Health,NHS Birmingham & Solihull CCG,3/31/2019,Hcare Srv Rec Fdtn Trust-Non Contract,CHILD AND ADOLESCENT MENTAL HEALTH,BIRMINGHAM & SOLIHULL MENTAL HEALTH NHS FOUNDATION TRUST,26545350,"(190,500.99) ",654940908,0000002294,,
Department of Health,NHS Birmingham & Solihull CCG,3/31/2019,Hlthcre-Foundation Trsts,CHILD AND ADOLESCENT MENTAL HEALTH,BIRMINGHAM & SOLIHULL MENTAL HEALTH NHS FOUNDATION TRUST,26317792,"148,000.00 ",654940908,0000039323,,
Department of Health,NHS Birmingham & Solihull CCG,3/31/2019,Hcare Srv Rec Fdtn Trust-Non Contract,CHILD AND ADOLESCENT MENTAL HEALTH,BIRMINGHAM & SOLIHULL MENTAL HEALTH NHS FOUNDATION TRUST,26545370,"190,000.00 ",654940908,0000039392,,
Department of Health,NHS Birmingham & Solihull CCG,3/31/2019,Hcare Srv Rec Fdtn Trust-Non Contract,CHILD AND ADOLESCENT MENTAL HEALTH,BIRMINGHAM & SOLIHULL MENTAL HEALTH NHS FOUNDATION TRUST,26563252,"127,000.00 ",654940908,CAMHS1819 P1,,
Department of Health,NHS Birmingham & Solihull CCG,3/31/2019,Hcare Srv Rec Fdtn Trust-Non Contract,CHILD AND ADOLESCENT MENTAL HEALTH,BIRMINGHAM & SOLIHULL MENTAL HEALTH NHS FOUNDATION TRUST,26563253,"168,000.00 ",654940908,CAMHS1819 P2,,
Department of Health,NHS Birmingham & Solihull CCG,3/31/2019,Hcare Srv Rec Fdtn Trust-Non Contract,CHILD AND ADOLESCENT MENTAL HEALTH,BIRMINGHAM & SOLIHULL MENTAL HEALTH NHS FOUNDATION TRUST,26563254,"42,000.00 ",654940908,CAMHS1819 P3,,
Department of Health,NHS Birmingham & Solihull CCG,3/31/2019,Hcare Srv Rec Fdtn Trust-Non Contract,CHILD AND ADOLESCENT MENTAL HEALTH,BIRMINGHAM & SOLIHULL MENTAL HEALTH NHS FOUNDATION TRUST,26563255,"225,000.00 ",654940908,CAMHS1819 P4,,
Department of Health,NHS Birmingham & Solihull CCG,3/31/2019,Hcare Srv Rec Fdtn Trust-Non Contract,CHILD AND ADOLESCENT MENTAL HEALTH,BIRMINGHAM & SOLIHULL MENTAL HEALTH NHS FOUNDATION TRUST,26563256,"88,000.00 ",654940908,CAMHS1819 P5,,
Department of Health,NHS Birmingham & Solihull CCG,3/31/2019,Hcare Srv Rec Fdtn Trust-Non Contract,CHILD AND ADOLESCENT MENTAL HEALTH,BIRMINGHAM & SOLIHULL MENTAL HEALTH NHS FOUNDATION TRUST,26563258,"45,000.00 ",654940908,CAMHS1819 P7,,
Department of Health,NHS Birmingham & Solihull CCG,3/31/2019,Hlthcre-Foundation Trsts,MENTAL HEALTH CONTRACTS,BIRMINGHAM & SOLIHULL MENTAL HEALTH NHS FOUNDATION TRUST,26563259,"1,131,753.00 ",654940908,CVWAVE2 1819,,
Department of Health,NHS Birmingham & Solihull CCG,3/31/2019,Hlthcre-Foundation Trsts,MENTAL HEALTH CONTRACTS,BIRMINGHAM & SOLIHULL MENTAL HEALTH NHS FOUNDATION TRUST,26445464,"7,976,320.00 ",654940908,MH1819MAR01,,
Department of Health,NHS Birmingham & Solihull CCG,3/31/2019,Hlthcre-Foundation Trsts,MENTAL HEALTH SERVICES ¿ OTHER,BIRMINGHAM & SOLIHULL MENTAL HEALTH NHS FOUNDATION TRUST,26445465,"1,735,252.00 ",654940908,MH1819MAR02,,
Department of Health,NHS Birmingham & Solihull CCG,3/31/2019,Hcare Srv Rec Fdtn Trust-Contract Variation,MENTAL HEALTH CONTRACTS,BIRMINGHAM & SOLIHULL MENTAL HEALTH NHS FOUNDATION TRUST,26445466,"1,150,165.00 ",654940908,MH1819MAR03,,
Department of Health,NHS Birmingham & Solihull CCG,3/31/2019,Hcare Srv Rec Fdtn Trust-Non Contract,MENTAL HEALTH CONTRACTS,BIRMINGHAM & SOLIHULL MENTAL HEALTH NHS FOUNDATION TRUST,26445467,"47,962.00 ",654940908,MH1819MAR04,,
Department of Health,NHS Birmingham & Solihull CCG,3/31/2019,Hlthcre-Foundation Trsts,COMMUNITY SERVICES,BIRMINGHAM & SOLIHULL MENTAL HEALTH NHS FOUNDATION TRUST,26445468,"131,676.58 ",654940908,MH1819MAR05,,
Department of Health,NHS Birmingham & Solihull CCG,3/31/2019,Hcare Srv Rec Fdtn Trust-Contract Variation,MENTAL HEALTH SERVICES ¿ OTHER,BIRMINGHAM & SOLIHULL MENTAL HEALTH NHS FOUNDATION TRUST,26445470,"31,023.00 ",654940908,MH1819MAR07,,
Department of Health,NHS Birmingham & Solihull CCG,3/31/2019,Hlthcre-Foundation Trsts,CHILD AND ADOLESCENT MENTAL HEALTH,BIRMINGHAM & SOLIHULL MENTAL HEALTH NHS FOUNDATION TRUST,26445471,"195,173.38 ",654940908,MH1819MAR08,,
Department of Health,NHS Birmingham & Solihull CCG,3/31/2019,Clinical&Medical-Commercial Sector,SAFEGUARDING,BIRMINGHAM & SOLIHULL WOMENS AID,26385790,"280,998.00 ",,995,,
Department of Health,NHS Birmingham & Solihull CCG,3/31/2019,Services From Local Authorities,COMMUNITY SERVICES,BIRMINGHAM CHILDRENS TRUST,25507163,"39,477.00 ",GB283974257,9700000336,,
Department of Health,NHS Birmingham & Solihull CCG,3/31/2019,Services From Local Authorities,COMMUNITY SERVICES,BIRMINGHAM CHILDRENS TRUST,26514014,"58,565.00 ",GB283974257,9700000390,,
Department of Health,NHS Birmingham & Solihull CCG,3/31/2019,Clinical&Medical-Independent Sector,MENTAL HEALTH CONTRACTS,BIRMINGHAM CITIZENS ADVICE BUREAUX SERVICE,26343738,"31,250.00 ",,MH1819M2031,,
Department of Health,NHS Birmingham & Solihull CCG,3/31/2019,Services From Local Authorities,LEARNING DIFFICULTIES,BIRMINGHAM CITY COUNCIL,26545296,"92,824.10 ",112082130,9002512244,,
Department of Health,NHS Birmingham & Solihull CCG,3/31/2019,Clinical&Medical-Othe Public Sector,LEARNING DIFFICULTIES,BIRMINGHAM CITY COUNCIL,26421891,"31,525.70 ",112082130,9002568631,,
Department of Health,NHS Birmingham & Solihull CCG,3/31/2019,Cont Care- Prior Year Payments,CHC ADULT FULLY FUNDED,BIRMINGHAM CITY COUNCIL,26317332,"32,932.99 ",112082130,9002572850,,
Department of Health,NHS Birmingham & Solihull CCG,3/31/2019,Services From Local Authorities,LEARNING DIFFICULTIES,BIRMINGHAM CITY COUNCIL,26340149,"48,775.08 ",112082130,9002652915,,
Department of Health,NHS Birmingham & Solihull CCG,3/31/2019,Cont Care- Prior Year Payments,CHC ADULT FULLY FUNDED,BIRMINGHAM CITY COUNCIL,26319113,"31,105.56 ",112082130,9002655391,,
Department of Health,NHS Birmingham & Solihull CCG,3/31/2019,Clinical&Medical-Voluntary Sector,COMMUNITY SERVICES,BIRMINGHAM CITY COUNCIL,26514378,"168,010.00 ",112082130,9002669761,,
Department of Health,NHS Birmingham & Solihull CCG,3/31/2019,Services From Local Authorities,COMMUNITY SERVICES,BIRMINGHAM CITY COUNCIL,26264261,"2,627,197.00 ",112082130,BCFM121819,,
Department of Health,NHS Birmingham & Solihull CCG,3/31/2019,Soc Care-Mental health services,MENTAL HEALTH SERVICES - S117 MENTAL HEALTH,BIRMINGHAM CITY COUNCIL,26283011,"312,478.44 ",112082130,MHF0319x01,,
Department of Health,NHS Birmingham & Solihull CCG,3/31/2019,Soc Care-Mental health services,MENTAL HEALTH SERVICES - S117 MENTAL HEALTH,BIRMINGHAM CITY COUNCIL,26283013,"53,551.75 ",112082130,MHF0319x02,,
Department of Health,NHS Birmingham & Solihull CCG,3/31/2019,Hlthcre-Foundation Trsts,COMMUNITY SERVICES,BIRMINGHAM COMMUNITY HEALTHCARE NHS FOUNDATION TRUST,26429513,"523,000.00 ",GB654440387,02ADJM121819,,
Department of Health,NHS Birmingham & Solihull CCG,3/31/2019,Cont Care-NHSFT-Children,Children's Continuing Care,BIRMINGHAM COMMUNITY HEALTHCARE NHS FOUNDATION TRUST,26425662,"217,983.83 ",GB654440387,BCHC0319CHC3,,
Department of Health,NHS Birmingham & Solihull CCG,3/31/2019,Hlthcre-Foundation Trsts,COMMUNITY SERVICES,BIRMINGHAM COMMUNITY HEALTHCARE NHS FOUNDATION TRUST,26429431,"9,734,778.83 ",GB654440387,BS02M121819,,
Department of Health,NHS Birmingham & Solihull CCG,3/31/2019,Hlthcre-Foundation Trsts,LEARNING DIFFICULTIES,BIRMINGHAM COMMUNITY HEALTHCARE NHS FOUNDATION TRUST,26425663,"1,113,376.00 ",GB654440387,LDMAR19NHS01,,
Department of Health,NHS Birmingham & Solihull CCG,3/31/2019,Hlthcre-Foundation Trsts,MENTAL HEALTH SERVICES - ADVOCACY,BIRMINGHAM COMMUNITY HEALTHCARE NHS FOUNDATION TRUST,26425664,"207,213.00 ",GB654440387,LDMAR19NHS02,,
Department of Health,NHS Birmingham & Solihull CCG,3/31/2019,Clinical&Medical-Voluntary Sector,MENTAL HEALTH CONTRACTS,BIRMINGHAM INDUSTRIAL THERAPY ASSOCIATION,26343741,"120,023.00 ",,MH1819M2034,,
Department of Health,NHS Birmingham & Solihull CCG,3/31/2019,Other Gen Supplies & Srv,MENTAL HEALTH CONTRACTS,BIRMINGHAM MENTAL HEALTH CONSORTIUM,26317600,"83,083.25 ",,229,,
Department of Health,NHS Birmingham & Solihull CCG,3/31/2019,Other Gen Supplies & Srv,MENTAL HEALTH CONTRACTS,BIRMINGHAM MENTAL HEALTH CONSORTIUM,26317800,"94,174.85 ",,254,,
Department of Health,NHS Birmingham & Solihull CCG,3/31/2019,C&M-GP PRACTICE REVENUE - PCTF,GP FORWARD VIEW,BIRMINGHAM SMARTCARE LTD,26319971,"37,198.00 ",,GP0L226,,
Department of Health,NHS Birmingham & Solihull CCG,3/31/2019,C&M-GMS Practice Transformational Support,LOCAL ENHANCED SERVICES,BIRMINGHAM SMARTCARE LTD,26521762,"39,267.00 ",,GPM1218L4,,
Department of Health,NHS Birmingham & Solihull CCG,3/31/2019,Hcare Srv Rec Fdtn Trust-Non Contract,ACUTE COMMISSIONING,BIRMINGHAM WOMENS AND CHILDRENS NHS FOUNDATION TRUST,26373597,"115,476.83 ",654964300,15710267,,
Department of Health,NHS Birmingham & Solihull CCG,3/31/2019,Hcare Srv Rec Fdtn Trust-Non Contract,ACUTE COMMISSIONING,BIRMINGHAM WOMENS AND CHILDRENS NHS FOUNDATION TRUST,26513885,"131,159.20 ",654964300,15711202,,
Department of Health,NHS Birmingham & Solihull CCG,3/31/2019,Hlthcre-Foundation Trsts,ACUTE COMMISSIONING,BIRMINGHAM WOMENS AND CHILDRENS NHS FOUNDATION TRUST,26385814,"445,306.00 ",654964300,15711333,,
Department of Health,NHS Birmingham & Solihull CCG,3/31/2019,Hlthcre-Foundation Trsts,ACUTE COMMISSIONING,BIRMINGHAM WOMENS AND CHILDRENS NHS FOUNDATION TRUST,26489795,"579,261.00 ",654964300,15711421,,
Department of Health,NHS Birmingham & Solihull CCG,3/31/2019,Hlthcre-Foundation Trsts,ACUTE COMMISSIONING,BIRMINGHAM WOMENS AND CHILDRENS NHS FOUNDATION TRUST,26429425,"5,922,158.50 ",654964300,BS01M121819,,
Department of Health,NHS Birmingham & Solihull CCG,3/31/2019,Hcare Srv Rec Fdtn Trust-Contract Baseline,MENTAL HEALTH CONTRACTS,BIRMINGHAM WOMENS AND CHILDRENS NHS FOUNDATION TRUST,26445472,"2,042,504.00 ",654964300,MH1819MAR09,,
Department of Health,NHS Birmingham & Solihull CCG,3/31/2019,Hlthcre-Foundation Trsts,LEARNING DIFFICULTIES,BLACK COUNTRY PARTNERSHIP NHS FOUNDATION TRUST,26425665,"52,629.00 ",654963890,LDMAR19NHS03,,
Department of Health,NHS Birmingham & Solihull CCG,3/31/2019,Hlthcre-Foundation Trsts,MENTAL HEALTH CONTRACTS,BLACK COUNTRY PARTNERSHIP NHS FOUNDATION TRUST,26445473,"44,954.00 ",654963890,MH1819MAR10,,
Department of Health,NHS Birmingham & Solihull CCG,3/31/2019,Hlthcre-Foundation Trsts,MENTAL HEALTH SERVICES ¿ OTHER,BLACK COUNTRY PARTNERSHIP NHS FOUNDATION TRUST,26445474,"42,976.00 ",654963890,MH1819MAR11,,
Department of Health,NHS Birmingham & Solihull CCG,3/31/2019,Hcare Srv Rec Fdtn Trust-Non Contract,MENTAL HEALTH CONTRACTS,BLACK COUNTRY PARTNERSHIP NHS FOUNDATION TRUST,26445475,"81,243.00 ",654963890,MH1819MAR12,,
Department of Health,NHS Birmingham & Solihull CCG,3/31/2019,Hcare Srv Rec Fdtn Trust-Non Contract,NCAS/OATS,BLACKPOOL TEACHING HOSPITALS NHS FOUNDATION TRUST,26439646,"37,690.22 ",GB654430839,1110040788,,
Department of Health,NHS Birmingham & Solihull CCG,3/31/2019,C&M-PMS Contract Value,PRC DELEGATED CO-COMMISSIONING,BLOOMSBURY HEALTH CENTRE,26498060,"40,518.17 ",,BIR000039622,,
Department of Health,NHS Birmingham & Solihull CCG,3/31/2019,Clinical&Medical-Independent Sector,ACUTE COMMISSIONING,BMI HEALTHCARE LTD,26489197,"36,883.83 ",GB235134980,0000101541,,
Department of Health,NHS Birmingham & Solihull CCG,3/31/2019,Clinical&Medical-Independent Sector,ACUTE COMMISSIONING,BMI HEALTHCARE LTD,26124465,"(30,482.96) ",GB235134980,0000104591,,
Department of Health,NHS Birmingham & Solihull CCG,3/31/2019,Clinical&Medical-Independent Sector,ACUTE COMMISSIONING,BMI HEALTHCARE LTD,26124466,"(31,312.47) ",GB235134980,0000104593,,
Department of Health,NHS Birmingham & Solihull CCG,3/31/2019,Clinical&Medical-Independent Sector,ACUTE COMMISSIONING,BMI HEALTHCARE LTD,26149236,"191,742.75 ",GB235134980,0000104811,,
Department of Health,NHS Birmingham & Solihull CCG,3/31/2019,Clinical&Medical-Independent Sector,ACUTE COMMISSIONING,BMI HEALTHCARE LTD,26149272,"288,929.50 ",GB235134980,0000104812,,
Department of Health,NHS Birmingham & Solihull CCG,3/31/2019,Clinical&Medical-Independent Sector,ACUTE COMMISSIONING,BMI HEALTHCARE LTD,26574678,"83,236.15 ",GB235134980,0000105399,,
Department of Health,NHS Birmingham & Solihull CCG,3/31/2019,Clinical&Medical-Independent Sector,ACUTE COMMISSIONING,BMI HEALTHCARE LTD,26574687,"36,293.61 ",GB235134980,0000105400,,
Department of Health,NHS Birmingham & Solihull CCG,3/31/2019,Clinical&Medical-Voluntary Sector,COMMUNITY SERVICES,BPAS,26513856,"75,724.38 ",855924881,39864,,
Department of Health,NHS Birmingham & Solihull CCG,3/31/2019,Clinical&Medical-Voluntary Sector,COMMUNITY SERVICES,BPAS,26264204,"151,375.50 ",855924881,BXC50M121819,,
Department of Health,NHS Birmingham & Solihull CCG,3/31/2019,Telecoms-Data lines,PRIMARY CARE IT,BT GLOBAL SERVICES,26469124,"49,937.56 ",245719348,0790271330,,
Department of Health,NHS Birmingham & Solihull CCG,3/31/2019,Clinical&Medical-Independent Sector,COMMUNITY SERVICES,BUPA CARE HOMES,26264274,"65,380.00 ",239731641,BPALCM121819,,
Department of Health,NHS Birmingham & Solihull CCG,3/31/2019,Clinical&Medical-Independent Sector,LEARNING DIFFICULTIES,CARE THROUGH THE MILLENNIUM,26343662,"40,987.28 ",,LD1819MAR06,,
Department of Health,NHS Birmingham & Solihull CCG,3/31/2019,Clinical&Medical-Independent Sector,OUT OF HOURS,CHILVERS & MCCREA LTD,26264067,"86,740.00 ",,THEPRACMAR19,,
Department of Health,NHS Birmingham & Solihull CCG,3/31/2019,Clinical&Medical-Commercial Sector,INTERMEDIATE CARE,CHS HEALTHCARE,26376988,"38,262.53 ",669927759,29418,,
Department of Health,NHS Birmingham & Solihull CCG,3/31/2019,C&M-GMS Global Sum,PRC DELEGATED CO-COMMISSIONING,CHURCH STREET PARTNERSHIP,26498062,"39,082.03 ",,BIR000039624,,
Department of Health,NHS Birmingham & Solihull CCG,3/31/2019,Non-PFI Oprtng Lease-Bldgs-Lease Rent,RECHARGES NHS PROPERTY SERVICES LTD,COMMUNITY HEALTH PARTNERSHIPS LTD,26456530,"215,409.04 ",GB782562113,0060100673,,
Department of Health,NHS Birmingham & Solihull CCG,3/31/2019,Non-PFI Oprtng Lease-Bldgs-Lease Rent,RECHARGES NHS PROPERTY SERVICES LTD,COMMUNITY HEALTH PARTNERSHIPS LTD,26456528,"165,242.11 ",GB782562113,0060100674,,
Department of Health,NHS Birmingham & Solihull CCG,3/31/2019,Rent,FINANCE,COMMUNITY HEALTH PARTNERSHIPS LTD,26441557,"31,449.53 ",GB782562113,0060100811,,
Department of Health,NHS Birmingham & Solihull CCG,3/31/2019,Cont Care-Physical Disab (<65),CHC ADULT FULLY FUNDED,COMPLETE CARE HOLDINGS LTD,26347502,"26,060.33 ",270 0600 50,BC1656361884,,
Department of Health,NHS Birmingham & Solihull CCG,3/31/2019,Hcare Srv Rec NHS Trust-Non Contract,LEARNING DIFFICULTIES,COVENTRY AND WARWICKSHIRE PARTNERSHIP NHS TRUST,26513772,"50,622.87 ",654438521,0000034565,,
Department of Health,NHS Birmingham & Solihull CCG,3/31/2019,Hcare Srv Rec NHS Trust-Non Contract,LEARNING DIFFICULTIES,COVENTRY AND WARWICKSHIRE PARTNERSHIP NHS TRUST,26514417,"50,302.80 ",654438521,0000034830,,
Department of Health,NHS Birmingham & Solihull CCG,3/31/2019,Hcare Srv Rec NHS Trust,LEARNING DIFFICULTIES,COVENTRY AND WARWICKSHIRE PARTNERSHIP NHS TRUST,26425668,"267,066.00 ",654438521,LDMAR19NHS05,,
Department of Health,NHS Birmingham & Solihull CCG,3/31/2019,Hcare Srv Rec NHS Trust-Non Contract,MENTAL HEALTH CONTRACTS,COVENTRY AND WARWICKSHIRE PARTNERSHIP NHS TRUST,26445478,"95,317.00 ",654438521,MH1819MAR15,,
Department of Health,NHS Birmingham & Solihull CCG,3/31/2019,C&M-GMS Global Sum,PRC DELEGATED CO-COMMISSIONING,COVENTRY ROAD MEDICAL PRACTICE,26495202,"36,009.10 ",,BIR000039905,,
Department of Health,NHS Birmingham & Solihull CCG,3/31/2019,Cont Care-Interim Funding(Pre Panel),CHC ADULT FULLY FUNDED,CYGNET BEHAVIOURAL HEALTH LTD,26317322,"57,730.05 ",GB 248 2803 96,RAG0060184,,
Department of Health,NHS Birmingham & Solihull CCG,3/31/2019,Cont Care-Interim Funding(Pre Panel),CHC ADULT FULLY FUNDED,CYGNET LEARNING DISABILITIES MIDLANDS LTD,26317336,"56,043.65 ",248 2803 96,CED0070859,,
Department of Health,NHS Birmingham & Solihull CCG,3/31/2019,Cont Care-Interim Funding(Pre Panel),CHC ADULT FULLY FUNDED,CYGNET LEARNING DISABILITIES MIDLANDS LTD,26272517,"(56,043.65) ",248 2803 96,CED06870CN,,
Department of Health,NHS Birmingham & Solihull CCG,3/31/2019,Clinical&Medical-Independent Sector,LEARNING DIFFICULTIES,DANSHELL HEALTHCARE LTD,26343664,"31,250.23 ",,LD1819MAR08,,
Department of Health,NHS Birmingham & Solihull CCG,3/31/2019,C&M-GMS Global Sum,PRC DELEGATED CO-COMMISSIONING,DORRIDGE SURGERY,26496754,"74,857.25 ",,WMF000006464,,
Department of Health,NHS Birmingham & Solihull CCG,3/31/2019,C&M-GMS Global Sum,PRC DELEGATED CO-COMMISSIONING,DOVE MEDICAL PRACTICE,26495181,"74,728.05 ",,BIR000039700,,
Department of Health,NHS Birmingham & Solihull CCG,3/31/2019,C&M-GMS Prem Actual Rent,PRC DELEGATED CO-COMMISSIONING,DOVE MEDICAL PRACTICE,26495181,"35,854.87 ",,BIR000039700,,
Department of Health,NHS Birmingham & Solihull CCG,3/31/2019,C&M-GMS Global Sum,PRC DELEGATED CO-COMMISSIONING,DR A K VORA & PARTNERS,26498068,"54,579.61 ",,BIR000039632,,
Department of Health,NHS Birmingham & Solihull CCG,3/31/2019,C&M-PMS Contract Value,PRC DELEGATED CO-COMMISSIONING,DR AGARWAL M D,26498064,"49,822.03 ",,BIR000039626,,
Department of Health,NHS Birmingham & Solihull CCG,3/31/2019,C&M-GMS Global Sum,PRC DELEGATED CO-COMMISSIONING,DR AINSWORTH AFC & PARTNERS,26498084,"84,546.77 ",,BIR000039650,,
Department of Health,NHS Birmingham & Solihull CCG,3/31/2019,C&M-GMS Global Sum,PRC DELEGATED CO-COMMISSIONING,DR ALAM M K & PARTNER,26498086,"26,283.59 ",,BIR000039652,,
Department of Health,NHS Birmingham & Solihull CCG,3/31/2019,C&M-GMS Global Sum,PRC DELEGATED CO-COMMISSIONING,DR ALEEM AKHTAR,26498088,"37,571.14 ",,BIR000039654,,
Department of Health,NHS Birmingham & Solihull CCG,3/31/2019,C&M-GMS Global Sum,PRC DELEGATED CO-COMMISSIONING,DR ALI A & PARTNERS,26498090,"39,574.22 ",,BIR000039656,,
Department of Health,NHS Birmingham & Solihull CCG,3/31/2019,C&M-GMS Global Sum,PRC DELEGATED CO-COMMISSIONING,DR ANFILOGOFF N H & PARTNERS,26498092,"72,869.17 ",,BIR000039658,,
Department of Health,NHS Birmingham & Solihull CCG,3/31/2019,C&M-GMS Global Sum,PRC DELEGATED CO-COMMISSIONING,DR BAJPAI A C & DR SENGUPTA S L,26498072,"52,253.78 ",,BIR000039636,,
Department of Health,NHS Birmingham & Solihull CCG,3/31/2019,C&M-GMS Global Sum,PRC DELEGATED CO-COMMISSIONING,DR BANGASH N H & DR BANGASH A Q,26498074,"32,888.13 ",,BIR000039638,,
Department of Health,NHS Birmingham & Solihull CCG,3/31/2019,C&M-GMS Global Sum,PRC DELEGATED CO-COMMISSIONING,DR BEIGHTON P G & PARTNERS,26498075,"64,659.99 ",,BIR000039640,,
Department of Health,NHS Birmingham & Solihull CCG,3/31/2019,C&M-GMS Global Sum,PRC DELEGATED CO-COMMISSIONING,DR BHARDWAJ M K & PARTNERS,26498077,"28,319.76 ",,BIR000039642,,
Department of Health,NHS Birmingham & Solihull CCG,3/31/2019,C&M-GMS Global Sum,PRC DELEGATED CO-COMMISSIONING,DR BHATTACHARYYA A & DR AMJAD Z,26496717,"45,192.76 ",,WMF000006424,,
Department of Health,NHS Birmingham & Solihull CCG,3/31/2019,C&M-GMS Global Sum,PRC DELEGATED CO-COMMISSIONING,DR BLEBY M J & PARTNERS,26496719,"29,547.40 ",,WMF000006426,,
Department of Health,NHS Birmingham & Solihull CCG,3/31/2019,C&M-GMS Global Sum,PRC DELEGATED CO-COMMISSIONING,DR BLIGHT A P & PARTNERS,26519984,"116,405.69 ",,BIR000039644,,
Department of Health,NHS Birmingham & Solihull CCG,3/31/2019,C&M-GMS Global Sum,PRC DELEGATED CO-COMMISSIONING,DR BROWN N P & PARTNERS,26498080,"121,833.35 ",,BIR000039646,,
Department of Health,NHS Birmingham & Solihull CCG,3/31/2019,C&M-GMS Global Sum,PRC DELEGATED CO-COMMISSIONING,DR C CHEEL & PARTNERS,26498082,"43,958.60 ",,BIR000039648,,
Department of Health,NHS Birmingham & Solihull CCG,3/31/2019,C&M-GMS Global Sum,PRC DELEGATED CO-COMMISSIONING,DR CAMM M J & PARTNERS,26496715,"95,714.34 ",,WMF000006422,,
Department of Health,NHS Birmingham & Solihull CCG,3/31/2019,C&M-GMS Global Sum,PRC DELEGATED CO-COMMISSIONING,DR CLAY S N & PARTNERS,26498102,"96,795.60 ",,BIR000039676,,
Department of Health,NHS Birmingham & Solihull CCG,3/31/2019,C&M-GP PRACTICE REVENUE - PCTF,GP FORWARD VIEW,DR CLAY S N & PARTNERS,26319977,"32,448.96 ",,GP0L232,,
Department of Health,NHS Birmingham & Solihull CCG,3/31/2019,C&M-GMS Global Sum,PRC DELEGATED CO-COMMISSIONING,DR CLOWES R L & PARTNERS,26496723,"71,720.21 ",,WMF000006430,,
Department of Health,NHS Birmingham & Solihull CCG,3/31/2019,C&M-GMS Global Sum,PRC DELEGATED CO-COMMISSIONING,DR COGBILL P G & PARTNERS,26496725,"75,892.58 ",,WMF000006432,,
Department of Health,NHS Birmingham & Solihull CCG,3/31/2019,C&M-GMS PCO Locum Adop/Pat/Mat,PRC DELEGATED CO-COMMISSIONING,DR COGBILL P G & PARTNERS,26496725,"29,394.28 ",,WMF000006432,,
Department of Health,NHS Birmingham & Solihull CCG,3/31/2019,C&M-GMS Global Sum,PRC DELEGATED CO-COMMISSIONING,DR COWLES S M & PARTNERS,26496727,"72,615.26 ",,WMF000006434,,
Department of Health,NHS Birmingham & Solihull CCG,3/31/2019,C&M-PMS Contract Value,PRC DELEGATED CO-COMMISSIONING,DR CROSS V H & DR ALLEN C H,26498104,"73,440.63 ",,BIR000039678,,
Department of Health,NHS Birmingham & Solihull CCG,3/31/2019,C&M-GMS Global Sum,PRC DELEGATED CO-COMMISSIONING,DR DANIELL P A & PARTNERS,26519985,"64,801.75 ",,BIR000039664,,
Department of Health,NHS Birmingham & Solihull CCG,3/31/2019,C&M-PMS Contract Value,PRC DELEGATED CO-COMMISSIONING,DR FORREST M & PARTNERS,26498118,"110,886.54 ",,BIR000039696,,
Department of Health,NHS Birmingham & Solihull CCG,3/31/2019,C&M-GMS Global Sum,PRC DELEGATED CO-COMMISSIONING,DR GASPAR A S & PARTNERS,26498124,"47,170.72 ",,BIR000039704,,
Department of Health,NHS Birmingham & Solihull CCG,3/31/2019,C&M-GMS Global Sum,PRC DELEGATED CO-COMMISSIONING,DR GIDDINGS P & PARTNERS,26498126,"49,838.69 ",,BIR000039706,,
Department of Health,NHS Birmingham & Solihull CCG,3/31/2019,C&M-GMS Global Sum,PRC DELEGATED CO-COMMISSIONING,DR GREEN S L & PARTNERS,26496729,"71,202.13 ",,WMF000006436,,
Department of Health,NHS Birmingham & Solihull CCG,3/31/2019,C&M-GMS Global Sum,PRC DELEGATED CO-COMMISSIONING,DR H DAVIS & PARTNERS,26498106,"33,637.47 ",,BIR000039680,,
Department of Health,NHS Birmingham & Solihull CCG,3/31/2019,C&M-GMS Global Sum,PRC DELEGATED CO-COMMISSIONING,DR HALES A D & PARTNERS,26498984,"87,297.87 ",,WMF000006438,,
Department of Health,NHS Birmingham & Solihull CCG,3/31/2019,C&M-GMS Global Sum,PRC DELEGATED CO-COMMISSIONING,DR HARDIE A D & PARTNERS,26498112,"63,718.59 ",,BIR000039690,,
Department of Health,NHS Birmingham & Solihull CCG,3/31/2019,C&M-GP PRACTICE REVENUE - PCTF,GP FORWARD VIEW,DR HARROWER R F & PARTNERS,26319970,"41,226.56 ",,GP0L225,,
Department of Health,NHS Birmingham & Solihull CCG,3/31/2019,C&M-GMS Global Sum,PRC DELEGATED CO-COMMISSIONING,DR HARROWER R F & PARTNERS,26496731,"31,798.60 ",,WMF000006440,,
Department of Health,NHS Birmingham & Solihull CCG,3/31/2019,C&M-GMS Global Sum,PRC DELEGATED CO-COMMISSIONING,DR HORTON G & PARTNERS,26498114,"85,322.56 ",,BIR000039692,,
Department of Health,NHS Birmingham & Solihull CCG,3/31/2019,C&M-PMS Contract Value,PRC DELEGATED CO-COMMISSIONING,DR HUSSAIN A,26498116,"88,196.98 ",,BIR000039694,,
Department of Health,NHS Birmingham & Solihull CCG,3/31/2019,C&M-GMS Global Sum,PRC DELEGATED CO-COMMISSIONING,DR INGAM P J & PARTNERS,26498108,"344,505.17 ",,BIR000039684,,
Department of Health,NHS Birmingham & Solihull CCG,3/31/2019,C&M-GMS QOF Aspiration,PRC DELEGATED CO-COMMISSIONING,DR INGAM P J & PARTNERS,26498108,"36,532.66 ",,BIR000039684,,
Department of Health,NHS Birmingham & Solihull CCG,3/31/2019,C&M-GMS Global Sum,PRC DELEGATED CO-COMMISSIONING,DR J CAMERON & PARTNER,26498140,"32,012.15 ",,BIR000039722,,
Department of Health,NHS Birmingham & Solihull CCG,3/31/2019,C&M-GMS Global Sum,PRC DELEGATED CO-COMMISSIONING,DR JONES M M & PARTNERS,26498146,"45,859.28 ",,BIR000039728,,
Department of Health,NHS Birmingham & Solihull CCG,3/31/2019,C&M-GMS Global Sum,PRC DELEGATED CO-COMMISSIONING,DR KARAMDAD D R & DR ALI Z,26498128,"56,857.81 ",,BIR000039708,,
Department of Health,NHS Birmingham & Solihull CCG,3/31/2019,C&M-GMS Global Sum,PRC DELEGATED CO-COMMISSIONING,DR KARZOUN F K & PARTNERS,26498130,"54,155.15 ",,BIR000039710,,
Department of Health,NHS Birmingham & Solihull CCG,3/31/2019,C&M-GMS Global Sum,PRC DELEGATED CO-COMMISSIONING,DR KHALID N & PARTNERS,26498134,"28,781.32 ",,BIR000039714,,
Department of Health,NHS Birmingham & Solihull CCG,3/31/2019,C&M-GMS Global Sum,PRC DELEGATED CO-COMMISSIONING,DR KHAN I & DR ISZATT M E,26498136,"28,148.70 ",,BIR000039716,,
Department of Health,NHS Birmingham & Solihull CCG,3/31/2019,C&M-PMS Contract Value,PRC DELEGATED CO-COMMISSIONING,DR KHATTAK S S & PARTNER,26498138,"44,586.28 ",,BIR000039720,,
Department of Health,NHS Birmingham & Solihull CCG,3/31/2019,C&M-GMS Global Sum,PRC DELEGATED CO-COMMISSIONING,DR KJ ARORA & PARTNERS,26498154,"42,551.82 ",,BIR000039736,,
Department of Health,NHS Birmingham & Solihull CCG,3/31/2019,C&M-GMS Global Sum,PRC DELEGATED CO-COMMISSIONING,DR KOMMALAPATI K,26498156,"25,901.37 ",,BIR000039738,,
Department of Health,NHS Birmingham & Solihull CCG,3/31/2019,C&M-GMS Global Sum,PRC DELEGATED CO-COMMISSIONING,DR KOTECHA S B & PARTNERS,26496735,"161,466.19 ",,WMF000006444,,
Department of Health,NHS Birmingham & Solihull CCG,3/31/2019,C&M-GMS Global Sum,PRC DELEGATED CO-COMMISSIONING,DR KUMAR S & DR SINHA R,26498160,"49,323.35 ",,BIR000039744,,
Department of Health,NHS Birmingham & Solihull CCG,3/31/2019,C&M-GMS Global Sum,PRC DELEGATED CO-COMMISSIONING,DR LAWLEY J L & PARTNERS,26496737,"69,057.75 ",,WMF000006446,,
Department of Health,NHS Birmingham & Solihull CCG,3/31/2019,C&M-GMS Global Sum,PRC DELEGATED CO-COMMISSIONING,DR LEIGH C & PARTNERS,26498162,"65,004.71 ",,BIR000039748,,
Department of Health,NHS Birmingham & Solihull CCG,3/31/2019,C&M-GMS Global Sum,PRC DELEGATED CO-COMMISSIONING,DR LUMLEY L C & PARTNERS,26498164,"57,117.62 ",,BIR000039750,,
Department of Health,NHS Birmingham & Solihull CCG,3/31/2019,C&M-GMS Global Sum,PRC DELEGATED CO-COMMISSIONING,DR MELCHIOR A M & DR FLEMING G C,26498152,"34,670.98 ",,BIR000039734,,
Department of Health,NHS Birmingham & Solihull CCG,3/31/2019,C&M-GMS Global Sum,PRC DELEGATED CO-COMMISSIONING,DR MELROSE P A & PARTNERS,26496733,"54,408.89 ",,WMF000006442,,
Department of Health,NHS Birmingham & Solihull CCG,3/31/2019,C&M-GMS Global Sum,PRC DELEGATED CO-COMMISSIONING,DR MICHELLE CAUGHEY-ROGERS,26496756,"53,102.57 ",,WMF000006466,,
Department of Health,NHS Birmingham & Solihull CCG,3/31/2019,C&M-GMS Global Sum,PRC DELEGATED CO-COMMISSIONING,DR MOHAMMED NASIR IMAM,26496323,"33,034.51 ",,BIR000039682,,
Department of Health,NHS Birmingham & Solihull CCG,3/31/2019,C&M-GMS Global Sum,PRC DELEGATED CO-COMMISSIONING,DR MORGAN D R & PARTNERS,26498185,"88,278.64 ",,BIR000039768,,
Department of Health,NHS Birmingham & Solihull CCG,3/31/2019,C&M-GMS Prem Actual Rent,PRC DELEGATED CO-COMMISSIONING,DR MORGAN D R & PARTNERS,26498185,"28,267.76 ",,BIR000039768,,
Department of Health,NHS Birmingham & Solihull CCG,3/31/2019,C&M-GMS Global Sum,PRC DELEGATED CO-COMMISSIONING,DR MORLEY R L & PARTNERS,26498187,"528,716.52 ",,BIR000039770,,
Department of Health,NHS Birmingham & Solihull CCG,3/31/2019,C&M-GMS Prem Actual Rent,PRC DELEGATED CO-COMMISSIONING,DR MORLEY R L & PARTNERS,26498187,"33,886.67 ",,BIR000039770,,
Department of Health,NHS Birmingham & Solihull CCG,3/31/2019,C&M-GMS QOF Aspiration,PRC DELEGATED CO-COMMISSIONING,DR MORLEY R L & PARTNERS,26498187,"48,378.09 ",,BIR000039770,,
Department of Health,NHS Birmingham & Solihull CCG,3/31/2019,C&M-GP PRACTICE REVENUE - PCTF,GP FORWARD VIEW,DR MORLEY R L & PARTNERS,26319969,"37,138.89 ",,GP0L224,,
Department of Health,NHS Birmingham & Solihull CCG,3/31/2019,Clinical&Medical-Clinical Other,LOCAL ENHANCED SERVICES,DR MORLEY R L & PARTNERS,26521840,"32,122.99 ",,GPM1218L29,,
Department of Health,NHS Birmingham & Solihull CCG,3/31/2019,C&M-GMS Global Sum,PRC DELEGATED CO-COMMISSIONING,DR MUGHAL S,26498189,"37,150.53 ",,BIR000039772,,
Department of Health,NHS Birmingham & Solihull CCG,3/31/2019,C&M-GMS Global Sum,PRC DELEGATED CO-COMMISSIONING,DR NAZKI M T & DR MIR A,26498166,"31,399.16 ",,BIR000039752,,
Department of Health,NHS Birmingham & Solihull CCG,3/31/2019,C&M-GMS Global Sum,PRC DELEGATED CO-COMMISSIONING,DR OBRIEN D C & DR MATIOPOULOU V,26496739,"38,561.52 ",,WMF000006448,,
Department of Health,NHS Birmingham & Solihull CCG,3/31/2019,C&M-GMS Global Sum,PRC DELEGATED CO-COMMISSIONING,DR P MACHIN & PARTNERS,26498172,"89,780.25 ",,BIR000039758,,
Department of Health,NHS Birmingham & Solihull CCG,3/31/2019,C&M-GMS Global Sum,PRC DELEGATED CO-COMMISSIONING,DR P MADHAVAN,26498174,"48,313.67 ",,BIR000039760,,
Department of Health,NHS Birmingham & Solihull CCG,3/31/2019,C&M-PMS Contract Value,PRC DELEGATED CO-COMMISSIONING,DR PANDIT S S & PARTNERS,26498170,"40,945.45 ",,BIR000039756,,
Department of Health,NHS Birmingham & Solihull CCG,3/31/2019,C&M-PMS Contract Value,PRC DELEGATED CO-COMMISSIONING,DR PAYNE M L & PARTNERS,26498204,"87,640.14 ",,BIR000039791,,
Department of Health,NHS Birmingham & Solihull CCG,3/31/2019,C&M-GMS Global Sum,PRC DELEGATED CO-COMMISSIONING,DR POTTER C M & PARTNERS,26498208,"70,511.16 ",,BIR000039795,,
Department of Health,NHS Birmingham & Solihull CCG,3/31/2019,C&M-GMS Global Sum,PRC DELEGATED CO-COMMISSIONING,DR POWIS M D & PARTNERS,26496743,"279,919.54 ",,WMF000006452,,
Department of Health,NHS Birmingham & Solihull CCG,3/31/2019,C&M-GMS Prem Notional Rent,PRC DELEGATED CO-COMMISSIONING,DR POWIS M D & PARTNERS,26496743,"39,424.41 ",,WMF000006452,,
Department of Health,NHS Birmingham & Solihull CCG,3/31/2019,C&M-GMS QOF Aspiration,PRC DELEGATED CO-COMMISSIONING,DR POWIS M D & PARTNERS,26496743,"32,408.38 ",,WMF000006452,,
Department of Health,NHS Birmingham & Solihull CCG,3/31/2019,C&M-GMS Global Sum,PRC DELEGATED CO-COMMISSIONING,DR R AHMED & S AHMED,26498210,"30,012.87 ",,BIR000039801,,
Department of Health,NHS Birmingham & Solihull CCG,3/31/2019,C&M-PMS Contract Value,PRC DELEGATED CO-COMMISSIONING,DR R RAMACHANDRAM,26498192,"35,897.45 ",,BIR000039778,,
Department of Health,NHS Birmingham & Solihull CCG,3/31/2019,C&M-GMS Global Sum,PRC DELEGATED CO-COMMISSIONING,DR RAICHURA V K & PARTNERS,26519989,"102,137.06 ",,BIR000039780,,
Department of Health,NHS Birmingham & Solihull CCG,3/31/2019,C&M-PMS Contract Value,PRC DELEGATED CO-COMMISSIONING,DR RAJPUT V K & DR RAJPUT S,26498195,"31,136.44 ",,BIR000039782,,
Department of Health,NHS Birmingham & Solihull CCG,3/31/2019,C&M-GMS Global Sum,PRC DELEGATED CO-COMMISSIONING,DR REES T W & PARTNERS,26498197,"83,092.85 ",,BIR000039784,,
Department of Health,NHS Birmingham & Solihull CCG,3/31/2019,C&M-GMS Global Sum,PRC DELEGATED CO-COMMISSIONING,DR RICE P F & PARTNERS,26498199,"62,651.48 ",,BIR000039786,,
Department of Health,NHS Birmingham & Solihull CCG,3/31/2019,C&M-GMS Global Sum,PRC DELEGATED CO-COMMISSIONING,DR SAGOO V S & PARTNERS,26496749,"87,141.26 ",,WMF000006458,,
Department of Health,NHS Birmingham & Solihull CCG,3/31/2019,C&M-GMS Global Sum,PRC DELEGATED CO-COMMISSIONING,DR SAHAY P K & DR RISCHIE P,26519990,"44,660.19 ",,BIR000039831,,
Department of Health,NHS Birmingham & Solihull CCG,3/31/2019,C&M-GMS Global Sum,PRC DELEGATED CO-COMMISSIONING,DR SAHOTA B S & DR CASSAM K,26498235,"36,240.21 ",,BIR000039833,,
Department of Health,NHS Birmingham & Solihull CCG,3/31/2019,C&M-GMS Global Sum,PRC DELEGATED CO-COMMISSIONING,DR SANGHERA J S & PARTNERS,26498239,"109,885.82 ",,BIR000039837,,
Department of Health,NHS Birmingham & Solihull CCG,3/31/2019,C&M-GMS Prem Actual Rent,PRC DELEGATED CO-COMMISSIONING,DR SANGHERA J S & PARTNERS,26498239,"37,703.95 ",,BIR000039837,,
Department of Health,NHS Birmingham & Solihull CCG,3/31/2019,C&M-GMS Global Sum,PRC DELEGATED CO-COMMISSIONING,DR SCOTT P E,26496745,"29,470.97 ",,WMF000006454,,
Department of Health,NHS Birmingham & Solihull CCG,3/31/2019,C&M-GMS Global Sum,PRC DELEGATED CO-COMMISSIONING,DR SENGUPTA T & DR HOGAN D J,26498214,"35,088.50 ",,BIR000039805,,
Department of Health,NHS Birmingham & Solihull CCG,3/31/2019,C&M-PMS Contract Value,PRC DELEGATED CO-COMMISSIONING,DR SHAH S Y & PARTNERS,26498216,"64,168.20 ",,BIR000039807,,
Department of Health,NHS Birmingham & Solihull CCG,3/31/2019,C&M-GMS Global Sum,PRC DELEGATED CO-COMMISSIONING,DR SHAIKH M D & DR SHAIKH B A,26498218,"35,106.24 ",,BIR000039809,,
Department of Health,NHS Birmingham & Solihull CCG,3/31/2019,C&M-GMS Global Sum,PRC DELEGATED CO-COMMISSIONING,DR SHERLAW S R & PARTNERS,26498222,"93,596.20 ",,BIR000039815,,
Department of Health,NHS Birmingham & Solihull CCG,3/31/2019,C&M-GMS Global Sum,PRC DELEGATED CO-COMMISSIONING,DR SHIPMAN P A M & PARTNERS,26498224,"35,164.72 ",,BIR000039817,,
Department of Health,NHS Birmingham & Solihull CCG,3/31/2019,C&M-GMS Global Sum,PRC DELEGATED CO-COMMISSIONING,DR SIMON P D & PARTNERS,26496747,"56,811.62 ",,WMF000006456,,
Department of Health,NHS Birmingham & Solihull CCG,3/31/2019,C&M-GMS Global Sum,PRC DELEGATED CO-COMMISSIONING,DR SINCLAIR A S & PARTNERS,26498226,"45,019.00 ",,BIR000039819,,
Department of Health,NHS Birmingham & Solihull CCG,3/31/2019,C&M-GMS Global Sum,PRC DELEGATED CO-COMMISSIONING,DR SINGH A & DR AHMAD W,26498228,"54,399.87 ",,BIR000039821,,
Department of Health,NHS Birmingham & Solihull CCG,3/31/2019,C&M-GMS Global Sum,PRC DELEGATED CO-COMMISSIONING,DR SINHA A K,26498230,"25,606.91 ",,BIR000039823,,
Department of Health,NHS Birmingham & Solihull CCG,3/31/2019,C&M-GMS Global Sum,PRC DELEGATED CO-COMMISSIONING,DR SPANNUTH F & PARTNERS,26498232,"74,185.76 ",,BIR000039827,,
Department of Health,NHS Birmingham & Solihull CCG,3/31/2019,C&M-GMS Global Sum,PRC DELEGATED CO-COMMISSIONING,DR STORER A & PARTNERS,26498220,"82,299.55 ",,BIR000039811,,
Department of Health,NHS Birmingham & Solihull CCG,3/31/2019,C&M-GMS Global Sum,PRC DELEGATED CO-COMMISSIONING,DR TAYLOR J G & PARTNERS,26498255,"54,191.10 ",,BIR000039859,,
Department of Health,NHS Birmingham & Solihull CCG,3/31/2019,C&M-GMS Global Sum,PRC DELEGATED CO-COMMISSIONING,DR TRICKLEBANK B & PARTNERS,26519992,"62,869.45 ",,BIR000039861,,
Department of Health,NHS Birmingham & Solihull CCG,3/31/2019,C&M-GMS Global Sum,PRC DELEGATED CO-COMMISSIONING,DR TUDOR V S & PARTNERS,26498258,"86,527.65 ",,BIR000039863,,
Department of Health,NHS Birmingham & Solihull CCG,3/31/2019,C&M-PMS Contract Value,PRC DELEGATED CO-COMMISSIONING,DR WALJI M T I & PANDIT S S,26498241,"55,203.83 ",,BIR000039841,,
Department of Health,NHS Birmingham & Solihull CCG,3/31/2019,C&M-GMS Global Sum,PRC DELEGATED CO-COMMISSIONING,DR WALLACE P A & PARTNERS,26496751,"85,679.72 ",,WMF000006460,,
Department of Health,NHS Birmingham & Solihull CCG,3/31/2019,C&M-GMS Global Sum,PRC DELEGATED CO-COMMISSIONING,DR WARD J P Q & PARTNERS,26498243,"35,968.27 ",,BIR000039843,,
Department of Health,NHS Birmingham & Solihull CCG,3/31/2019,C&M-GMS Global Sum,PRC DELEGATED CO-COMMISSIONING,DR YOUNG G B & PARTNERS,26498245,"181,909.95 ",,BIR000039849,,
Department of Health,NHS Birmingham & Solihull CCG,3/31/2019,C&M-GMS Prem Actual Rent,PRC DELEGATED CO-COMMISSIONING,DR YOUNG G B & PARTNERS,26498245,"53,019.33 ",,BIR000039849,,
Department of Health,NHS Birmingham & Solihull CCG,3/31/2019,C&M-GMS Global Sum,PRC DELEGATED CO-COMMISSIONING,DR ZAFAR A & PARTNERS,26498247,"37,717.81 ",,BIR000039851,,
Department of Health,NHS Birmingham & Solihull CCG,3/31/2019,C&M-GMS Global Sum,PRC DELEGATED CO-COMMISSIONING,DR ZAMAN A,26498249,"36,185.79 ",,BIR000039853,,
Department of Health,NHS Birmingham & Solihull CCG,3/31/2019,C&M-GMS Global Sum,PRC DELEGATED CO-COMMISSIONING,DR ZAMAN T M,26498251,"60,106.73 ",,BIR000039855,,
Department of Health,NHS Birmingham & Solihull CCG,3/31/2019,C&M-GMS Global Sum,PRC DELEGATED CO-COMMISSIONING,DRS COWARD A D & COWARD C M,26498253,"90,548.56 ",,BIR000039857,,
Department of Health,NHS Birmingham & Solihull CCG,3/31/2019,C&M-GMS Global Sum,PRC DELEGATED CO-COMMISSIONING,DRS V K DADHEECH & H DADHEECH,26498260,"50,138.13 ",,BIR000039865,,
Department of Health,NHS Birmingham & Solihull CCG,3/31/2019,C&M-GMS Global Sum,PRC DELEGATED CO-COMMISSIONING,DRUIDS HEATH SURGERY,26498290,"74,537.04 ",,BIR000039899,,
Department of Health,NHS Birmingham & Solihull CCG,3/31/2019,Hcare Srv Rec NHS Trust,MENTAL HEALTH CONTRACTS,DUDLEY AND WALSALL MENTAL HEALTH PARTNERSHIP NHS TRUST,26445476,"45,900.00 ",654439224,MH1819MAR13,,
Department of Health,NHS Birmingham & Solihull CCG,3/31/2019,Hlthcre-Foundation Trsts,ACUTE COMMISSIONING,DUDLEY GROUP HOSPITALS NHS FOUNDATION TRUST,26429442,"140,671.67 ",654919109,BS05M121819,,
Department of Health,NHS Birmingham & Solihull CCG,3/31/2019,Clinical&Medical-Independent Sector,LEARNING DIFFICULTIES,ELYSIUM HEALTHCARE LTD,26317724,"28,098.92 ",GB257732580,WDH00554,,
Department of Health,NHS Birmingham & Solihull CCG,3/31/2019,Clinical&Medical-Independent Sector,LEARNING DIFFICULTIES,ELYSIUM HEALTHCARE LTD,26373624,"31,109.37 ",GB257732580,WDH00588,,
Department of Health,NHS Birmingham & Solihull CCG,3/31/2019,Clinical&Medical-Independent Sector,LEARNING DIFFICULTIES,FAIRMONT RESIDENTIAL LTD,26343668,"56,470.97 ",,LD1819MAR12,,
Department of Health,NHS Birmingham & Solihull CCG,3/31/2019,C&M-PMS Contract Value,PRC DELEGATED CO-COMMISSIONING,FIRSTCARE PRACTICE,26498262,"43,588.49 ",,BIR000039867,,
Department of Health,NHS Birmingham & Solihull CCG,3/31/2019,Clinical&Medical-Independent Sector,LEARNING DIFFICULTIES,FORWARD PLUS WEST MIDLANDS LTD,26317716,"33,449.18 ",,13,,
Department of Health,NHS Birmingham & Solihull CCG,3/31/2019,Clinical&Medical-Independent Sector,LEARNING DIFFICULTIES,FORWARD PLUS WEST MIDLANDS LTD,26441542,"37,033.01 ",,19,,
Department of Health,NHS Birmingham & Solihull CCG,3/31/2019,C&M-GMS Global Sum,PRC DELEGATED CO-COMMISSIONING,GRANTON MEDICAL CENTRE,26498400,"61,111.83 ",,BIR000039845,,
Department of Health,NHS Birmingham & Solihull CCG,3/31/2019,Clinical&Medical-Independent Sector,LEARNING DIFFICULTIES,GRAY HEALTHCARE LTD,26333936,"36,647.19 ",,BS021,,
Department of Health,NHS Birmingham & Solihull CCG,3/31/2019,Clinical&Medical-Independent Sector,LEARNING DIFFICULTIES,GRAY HEALTHCARE LTD,26513789,"27,485.39 ",,BS023,,
Department of Health,NHS Birmingham & Solihull CCG,3/31/2019,Clinical&Medical-Independent Sector,LEARNING DIFFICULTIES,GRAY HEALTHCARE LTD,26514493,"(27,485.39) ",,CN001,,
Department of Health,NHS Birmingham & Solihull CCG,3/31/2019,Hcare Srv Rec Fdtn Trust-Non Contract,NCAS/OATS,GUYS & ST THOMAS HOSPITAL NHS FOUNDATION TRUST,26421981,"32,745.00 ",654923417,3252102,,
Department of Health,NHS Birmingham & Solihull CCG,3/31/2019,C&M-GMS Global Sum,PRC DELEGATED CO-COMMISSIONING,HAMD MEDICAL PRACTICE,26498264,"41,868.56 ",,BIR000039869,,
Department of Health,NHS Birmingham & Solihull CCG,3/31/2019,Clinical&Medical-Clinical Other,LOCAL ENHANCED SERVICES,HEALTH HARMONIE LTD,26264229,"27,184.00 ",,BXC60M121819,,
Department of Health,NHS Birmingham & Solihull CCG,3/31/2019,C&M-PMS Contract Value,PRC DELEGATED CO-COMMISSIONING,HILL GENERAL PRACTICE (THE),26498292,"45,936.17 ",,BIR000039903,,
Department of Health,NHS Birmingham & Solihull CCG,3/31/2019,C&M-GMS Global Sum,PRC DELEGATED CO-COMMISSIONING,HOBMOOR ROAD SURGERY,26495193,"87,632.21 ",,BIR000039839,,
Department of Health,NHS Birmingham & Solihull CCG,3/31/2019,C&M-PMS Contract Value,PRC DELEGATED CO-COMMISSIONING,HODGE HILL FAMILY PRACTICE (THE),26498266,"63,501.22 ",,BIR000039871,,
Department of Health,NHS Birmingham & Solihull CCG,3/31/2019,Clinical&Medical-Independent Sector,LEARNING DIFFICULTIES,HUNTERCOMBE GROUP (THE),26343669,"63,819.62 ",GB927365991,LD1819MAR13,,
Department of Health,NHS Birmingham & Solihull CCG,3/31/2019,Clinical&Medical-Independent Sector,LEARNING DIFFICULTIES,HUNTERCOMBE GROUP (THE),26343670,"(39,548.22) ",GB927365991,LD1819MAR14,,
Department of Health,NHS Birmingham & Solihull CCG,3/31/2019,Clinical&Medical-Independent Sector,LEARNING DIFFICULTIES,JAFFRAY CARE SOCIETY,26343672,"35,729.35 ",,LD1819MAR16,,
Department of Health,NHS Birmingham & Solihull CCG,3/31/2019,C&M-GMS Global Sum,PRC DELEGATED CO-COMMISSIONING,JIGGINS LANE MEDICAL CENTRE,26495189,"54,593.59 ",,BIR000039825,,
Department of Health,NHS Birmingham & Solihull CCG,3/31/2019,Clinical&Medical-Voluntary Sector,HOSPICES,JOHN TAYLOR HOSPICE,26264182,"329,616.42 ",,BXC13M121819,,
Department of Health,NHS Birmingham & Solihull CCG,3/31/2019,C&M-GMS Global Sum,PRC DELEGATED CO-COMMISSIONING,KAY & PARTNERS,26499608,"101,712.73 ",,WBH000012296,,
Department of Health,NHS Birmingham & Solihull CCG,3/31/2019,C&M-PMS Contract Value,PRC DELEGATED CO-COMMISSIONING,KINGSHURST MEDICAL CENTRE,26498986,"69,477.00 ",,WMF000006468,,
Department of Health,NHS Birmingham & Solihull CCG,3/31/2019,C&M-GMS Global Sum,PRC DELEGATED CO-COMMISSIONING,LORDSWOOD MEDICAL GROUP,26496325,"187,652.27 ",,BIR000039686,,
Department of Health,NHS Birmingham & Solihull CCG,3/31/2019,C&M-GMS Global Sum,PRC DELEGATED CO-COMMISSIONING,MANOR PRACTICE (THE),26495191,"118,378.04 ",,BIR000039829,,
Department of Health,NHS Birmingham & Solihull CCG,3/31/2019,Clinical&Medical-Voluntary Sector,PALLIATIVE CARE,MARIE CURIE,26264286,"32,687.00 ",626722537,MCNURM121819,,
Department of Health,NHS Birmingham & Solihull CCG,3/31/2019,Clinical&Medical-Voluntary Sector,PALLIATIVE CARE,MARIE CURIE,26264282,"92,633.00 ",626722537,MCWPHM121819,,
Department of Health,NHS Birmingham & Solihull CCG,3/31/2019,C&M-GMS Global Sum,PRC DELEGATED CO-COMMISSIONING,MAYPOLE HEALTH CENTRE (YAP),26519991,"35,032.80 ",,BIR000039847,,
Department of Health,NHS Birmingham & Solihull CCG,3/31/2019,Clinical&Medical-Voluntary Sector,COMMUNITY SERVICES,MIDLAND EYE,26545372,"98,916.00 ",,2186,,
Department of Health,NHS Birmingham & Solihull CCG,3/31/2019,C&M-GMS Global Sum,PRC DELEGATED CO-COMMISSIONING,MILLENNIUM MEDICAL CENTRE,26498268,"67,319.20 ",,BIR000039873,,
Department of Health,NHS Birmingham & Solihull CCG,3/31/2019,C&M-PMS Contract Value,PRC DELEGATED CO-COMMISSIONING,MILLS & PARTNERS,26499609,"169,493.82 ",,WBH000012298,,
Department of Health,NHS Birmingham & Solihull CCG,3/31/2019,Clinical&Medical-Voluntary Sector,MENTAL HEALTH CONTRACTS,MIND IN BIRMINGHAM (DEERWOOD GRANGE),26343720,"27,747.00 ",,MH1819M2013,,
Department of Health,NHS Birmingham & Solihull CCG,3/31/2019,C&M-GMS Global Sum,PRC DELEGATED CO-COMMISSIONING,MODALITY PARTNERSHIP,26495200,"47,864.00 ",282321127,BIR000039797,,
Department of Health,NHS Birmingham & Solihull CCG,3/31/2019,Clinical&Medical-Clinical Other,LEARNING DIFFICULTIES,NDTI,26545396,"42,960.00 ",603381470,3300,,
Department of Health,NHS Birmingham & Solihull CCG,3/31/2019,Charges from CSU,EMERGENCY PLANNING,NHS ARDEN AND GEM CSU,26439540,"27,900.00 ",GB526164259,7312612095,,
Department of Health,NHS Birmingham & Solihull CCG,3/31/2019,Charges from CSU,EMERGENCY PLANNING,NHS ARDEN AND GEM CSU,26439852,"27,900.00 ",GB526164259,7312613441,,
Department of Health,NHS Birmingham & Solihull CCG,3/31/2019,Charges from CSU,FINANCE,NHS ARDEN AND GEM CSU,26422874,"36,980.74 ",GB526164259,7312613515,,
Department of Health,NHS Birmingham & Solihull CCG,3/31/2019,Cont Care-Learning Disab(<65),CHC ADULT FULLY FUNDED,NHS HARDWICK CCG,26530496,"158,082.24 ",,7016901934,,
Department of Health,NHS Birmingham & Solihull CCG,3/31/2019,Cont Care-Learning Disab(<65),CHC ADULT FULLY FUNDED,NHS HARDWICK CCG,26533532,"(158,082.24) ",,7016902068,,
Department of Health,NHS Birmingham & Solihull CCG,3/31/2019,Charges from CSU,ADMIN PROJECTS,NHS MIDLANDS AND LANCASHIRE CSU,26513733,"61,159.16 ",GB 654442045,7312312499,,
Department of Health,NHS Birmingham & Solihull CCG,3/31/2019,Charges from CSU,COMMUNITY SERVICES,NHS MIDLANDS AND LANCASHIRE CSU,26317855,"82,718.55 ",GB 654442045,7312312821,,
Department of Health,NHS Birmingham & Solihull CCG,3/31/2019,Charges from CSU,CONTINUING HEALTHCARE ASSESSMENT & SUPPORT,NHS MIDLANDS AND LANCASHIRE CSU,26441069,"341,878.67 ",GB 654442045,7312312879,,
Department of Health,NHS Birmingham & Solihull CCG,3/31/2019,Charges from CSU,FINANCE,NHS MIDLANDS AND LANCASHIRE CSU,26441072,"98,267.92 ",GB 654442045,7312312880,,
Department of Health,NHS Birmingham & Solihull CCG,3/31/2019,Charges from CSU,PRIMARY CARE IT,NHS MIDLANDS AND LANCASHIRE CSU,26423021,"137,957.97 ",GB 654442045,7312312882,,
Department of Health,NHS Birmingham & Solihull CCG,3/31/2019,Charges from CSU,PRIMARY CARE IT,NHS MIDLANDS AND LANCASHIRE CSU,26423259,"64,000.00 ",GB 654442045,7312313005,,
Department of Health,NHS Birmingham & Solihull CCG,3/31/2019,IT(Owned)-Cost-Addns-Purch Assets,Balance Sheet,NHS MIDLANDS AND LANCASHIRE CSU,26460344,"50,000.00 ",GB 654442045,7312313074,,
Department of Health,NHS Birmingham & Solihull CCG,3/31/2019,IT(Owned)-Cost-Addns-Purch Assets,Balance Sheet,NHS MIDLANDS AND LANCASHIRE CSU,26460345,"49,145.00 ",GB 654442045,7312313075,,
Department of Health,NHS Birmingham & Solihull CCG,3/31/2019,IT(Owned)-Cost-Addns-Purch Assets,Balance Sheet,NHS MIDLANDS AND LANCASHIRE CSU,26460346,"50,000.00 ",GB 654442045,7312313077,,
Department of Health,NHS Birmingham & Solihull CCG,3/31/2019,Charges from CSU,MEDICINES MANAGEMENT - CLINICAL,NHS MIDLANDS AND LANCASHIRE CSU,26514499,"88,993.50 ",GB 654442045,7312313137,,
Department of Health,NHS Birmingham & Solihull CCG,3/31/2019,Charges from CSU,COMMUNITY SERVICES,NHS MIDLANDS AND LANCASHIRE CSU,26545576,"79,378.85 ",GB 654442045,7312313170,,
Department of Health,NHS Birmingham & Solihull CCG,3/31/2019,Rent,FINANCE,NHS PROPERTY SERVICES LTD,26441620,"(100,655.07) ",156725100,00000001H121086,,
Department of Health,NHS Birmingham & Solihull CCG,3/31/2019,Rent,FINANCE,NHS PROPERTY SERVICES LTD,26441669,"142,407.97 ",156725100,00000001H121089,,
Department of Health,NHS Birmingham & Solihull CCG,3/31/2019,Non-PFI Oprtng Lease-Bldgs-Lease Rent,RECHARGES NHS PROPERTY SERVICES LTD,NHS PROPERTY SERVICES LTD,26441663,"34,229.31 ",156725100,00000001H126446,,
Department of Health,NHS Birmingham & Solihull CCG,3/31/2019,Non-PFI Oprtng Lease-Bldgs-Lease Rent,RECHARGES NHS PROPERTY SERVICES LTD,NHS PROPERTY SERVICES LTD,26441672,"35,218.43 ",156725100,00000001H128928,,
Department of Health,NHS Birmingham & Solihull CCG,3/31/2019,Non-PFI Oprtng Lease-Bldgs-Lease Rent,RECHARGES NHS PROPERTY SERVICES LTD,NHS PROPERTY SERVICES LTD,26441639,"(27,430.09) ",156725100,00000001H138520,,
Department of Health,NHS Birmingham & Solihull CCG,3/31/2019,Non-PFI Oprtng Lease-Bldgs-Lease Rent,RECHARGES NHS PROPERTY SERVICES LTD,NHS PROPERTY SERVICES LTD,26441570,"(35,779.20) ",156725100,00000001H51444,,
Department of Health,NHS Birmingham & Solihull CCG,3/31/2019,Rent,FINANCE,NHS PROPERTY SERVICES LTD,26513566,"87,982.29 ",156725100,00000001H69956,,
Department of Health,NHS Birmingham & Solihull CCG,3/31/2019,Rent,FINANCE,NHS PROPERTY SERVICES LTD,26513551,"59,529.36 ",156725100,00000001H69960,,
Department of Health,NHS Birmingham & Solihull CCG,3/31/2019,Non-PFI Oprtng Lease-Bldgs-Lease Rent,RECHARGES NHS PROPERTY SERVICES LTD,NHS PROPERTY SERVICES LTD,26187858,"69,726.16 ",156725100,H48899,,
Department of Health,NHS Birmingham & Solihull CCG,3/31/2019,Non-PFI Oprtng Lease-Bldgs-Lease Rent,RECHARGES NHS PROPERTY SERVICES LTD,NHS PROPERTY SERVICES LTD,26439348,"57,908.18 ",156725100,NAVS00198,,
Department of Health,NHS Birmingham & Solihull CCG,3/31/2019,Non-PFI Oprtng Lease-Bldgs-Lease Rent,RECHARGES NHS PROPERTY SERVICES LTD,NHS PROPERTY SERVICES LTD,26439386,"27,317.26 ",156725100,NAVS01430,,
Department of Health,NHS Birmingham & Solihull CCG,3/31/2019,Non-PFI Oprtng Lease-Bldgs-Lease Rent,RECHARGES NHS PROPERTY SERVICES LTD,NHS PROPERTY SERVICES LTD,26439333,"45,435.23 ",156725100,NAVS02207,,
Department of Health,NHS Birmingham & Solihull CCG,3/31/2019,Non-PFI Oprtng Lease-Bldgs-Lease Rent,RECHARGES NHS PROPERTY SERVICES LTD,NHS PROPERTY SERVICES LTD,26441670,"(101,771.97) ",156725100,NAVSC01493,,
Department of Health,NHS Birmingham & Solihull CCG,3/31/2019,Non-PFI Oprtng Lease-Bldgs-Lease Rent,RECHARGES NHS PROPERTY SERVICES LTD,NHS PROPERTY SERVICES LTD,26441629,"(124,262.27) ",156725100,NAVSC01559,,
Department of Health,NHS Birmingham & Solihull CCG,3/31/2019,Clinical&Medical-Serv Recd-CCGs,OUT OF HOURS,NHS SANDWELL AND WEST BIRMINGHAM CCG,26187976,"134,836.00 ",,7019503085,,
Department of Health,NHS Birmingham & Solihull CCG,3/31/2019,Healthcare Srv Rec CCG,NHS 111,NHS SANDWELL AND WEST BIRMINGHAM CCG,26456487,"330,298.96 ",,7019503132,,
Department of Health,NHS Birmingham & Solihull CCG,3/31/2019,Hcare Srv Rec NHS Trust,COMMUNITY SERVICES,NORTH BRISTOL NHS TRUST,26513663,"27,705.00 ",654970112,356814,,
Department of Health,NHS Birmingham & Solihull CCG,3/31/2019,Hcare Srv Rec NHS Trust,COMMUNITY SERVICES,NORTH BRISTOL NHS TRUST,26514230,"27,580.00 ",654970112,358790,,
Department of Health,NHS Birmingham & Solihull CCG,3/31/2019,Hcare Srv Rec NHS Trust-Non Contract,NCAS/OATS,NOTTINGHAM UNIVERSITY HOSPITALS NHS TRUST,26422848,"27,595.70 ",654434827,2000100090,,
Department of Health,NHS Birmingham & Solihull CCG,3/31/2019,C&M-PMS Contract Value,PRC DELEGATED CO-COMMISSIONING,OAKLEAF,26498272,"95,550.14 ",,BIR000039879,,
Department of Health,NHS Birmingham & Solihull CCG,3/31/2019,C&M-GMS Global Sum,PRC DELEGATED CO-COMMISSIONING,OAKS MEDICAL PRACTICE (THE),26495185,"95,211.81 ",,BIR000039742,,
Department of Health,NHS Birmingham & Solihull CCG,3/31/2019,Clinical&Medical-Commercial Sector,COMMUNITY SERVICES,OPTEGRA UK LTD,26317811,"60,732.54 ",GB938297867,1050004403,,
Department of Health,NHS Birmingham & Solihull CCG,3/31/2019,Clinical&Medical-Independent Sector,LEARNING DIFFICULTIES,ORION CARE SERVICES,26343676,"62,290.08 ",,LD1819MAR20,,
Department of Health,NHS Birmingham & Solihull CCG,3/31/2019,C&M-GP PRACTICE REVENUE - PCTF,GP FORWARD VIEW,OUR HEALTH PARTNERSHIP,26319976,"235,595.91 ",,GP0L231,,
Department of Health,NHS Birmingham & Solihull CCG,3/31/2019,C&M-PMS Contract Value,PRC DELEGATED CO-COMMISSIONING,PAK HEALTH CENTRE,26498274,"46,339.58 ",,BIR000039881,,
Department of Health,NHS Birmingham & Solihull CCG,3/31/2019,C&M-GMS Global Sum,PRC DELEGATED CO-COMMISSIONING,PARK MEDICAL CENTRE (THE),26498403,"58,481.83 ",,BIR000039875,,
Department of Health,NHS Birmingham & Solihull CCG,3/31/2019,C&M-GMS Global Sum,PRC DELEGATED CO-COMMISSIONING,PARKFIELD MEDICAL CENTRE BIRMINGHAM,26496753,"26,893.46 ",,WMF000006462,,
Department of Health,NHS Birmingham & Solihull CCG,3/31/2019,Clinical&Medical-Independent Sector,LEARNING DIFFICULTIES,PARKVIEW NURSING HOME,26343677,"55,964.91 ",,LD1819MAR21,,
Department of Health,NHS Birmingham & Solihull CCG,3/31/2019,External Consultancy Fees,CEO/ BOARD OFFICE,PERFECT CIRCLE JV LTD,26138096,"27,008.93 ",250752517,GASG0014006,,
Department of Health,NHS Birmingham & Solihull CCG,3/31/2019,Cont Care-Physical Disab (<65),CHC AD FULL FUND PERS HLTH BUD,PHB BC145766,26580651,"28,524.21 ",,PHB0419E060,,
Department of Health,NHS Birmingham & Solihull CCG,3/31/2019,C&M-PMS Contract Value,PRC DELEGATED CO-COMMISSIONING,POPLAR PRIMARY CARE CENTRE,26498276,"45,886.28 ",,BIR000039883,,
Department of Health,NHS Birmingham & Solihull CCG,3/31/2019,Clinical&Medical-Independent Sector,LEARNING DIFFICULTIES,PRECIOUS HOMES LTD,26190180,"25,383.86 ",,SWA0000254,,
Department of Health,NHS Birmingham & Solihull CCG,3/31/2019,Cont Care-Physical Disab (<65),CHC AD FULL FUND PERS HLTH BUD,PREPAID FINANCIAL SERVICES,26580448,"32,126.92 ",971986853,PHB0419E003,,
Department of Health,NHS Birmingham & Solihull CCG,3/31/2019,Cont Care-Learning Disab(<65),CHC AD FULL FUND PERS HLTH BUD,PREPAID FINANCIAL SERVICES,26580606,"33,096.00 ",971986853,PHB0419E049,,
Department of Health,NHS Birmingham & Solihull CCG,3/31/2019,Clinical&Medical-Independent Sector,COLLABORATIVE COMMISSIONING,PRIMARY EYECARE SERVICES LTD,26439771,"50,402.00 ",,208420,,
Department of Health,NHS Birmingham & Solihull CCG,3/31/2019,Clinical&Medical-Clinical Other,LEARNING DIFFICULTIES,RESPOND,26545516,"53,000.00 ",,1651,,
Department of Health,NHS Birmingham & Solihull CCG,3/31/2019,C&M-GMS Global Sum,PRC DELEGATED CO-COMMISSIONING,RIDGACRE HOUSE SURGERY,26498278,"69,781.31 ",,BIR000039885,,
Department of Health,NHS Birmingham & Solihull CCG,3/31/2019,C&M-GMS Global Sum,PRC DELEGATED CO-COMMISSIONING,RIVER BROOK MEDICAL CENTRE,26498280,"43,539.26 ",,BIR000039887,,
Department of Health,NHS Birmingham & Solihull CCG,3/31/2019,Hlthcre-Foundation Trsts,ACUTE COMMISSIONING,ROYAL ORTHOPAEDIC HOSPITAL NHS FOUNDATION TRUST,26429454,"2,261,946.67 ",654965296,BS09M121819,,
Department of Health,NHS Birmingham & Solihull CCG,3/31/2019,Hcare Srv Rec NHS Trust,ACUTE COMMISSIONING,ROYAL WOLVERHAMPTON HOSPITALS NHS TRUST (THE),26429458,"110,122.14 ",654947886,BS10M121819,,
Department of Health,NHS Birmingham & Solihull CCG,3/31/2019,Hcare Srv Rec Fdtn Trust-Non Contract,NCAS/OATS,SALFORD ROYAL NHS FOUNDATION TRUST,26187905,"35,015.04 ",654939786,S0022637,,
Department of Health,NHS Birmingham & Solihull CCG,3/31/2019,Hcare Srv Rec NHS Trust,ACUTE COMMISSIONING,SANDWELL AND WEST BIRMINGHAM HOSPITALS NHS TRUST,26206062,"5,768,823.92 ",GB654916216,BS12M121819,,
Department of Health,NHS Birmingham & Solihull CCG,3/31/2019,Clinical&Medical-Independent Sector,ACUTE COMMISSIONING,SCRIVENS LTD,26148768,"87,981.70 ",GB111480514,15E1560,,
Department of Health,NHS Birmingham & Solihull CCG,3/31/2019,Clinical&Medical-Independent Sector,COLLABORATIVE COMMISSIONING,SCRIVENS LTD,26441382,"102,487.82 ",GB111480514,15E1581,,
Department of Health,NHS Birmingham & Solihull CCG,3/31/2019,C&M-GMS Global Sum,PRC DELEGATED CO-COMMISSIONING,SMALL HEATH MEDICAL PRACTICE,26498394,"41,343.29 ",,BIR000039774,,
Department of Health,NHS Birmingham & Solihull CCG,3/31/2019,C&M-GP PRACTICE REVENUE - PCTF,GP FORWARD VIEW,SOLIHEALTH LTD,26319978,"76,432.36 ",,GP0L233,,
Department of Health,NHS Birmingham & Solihull CCG,3/31/2019,Clinical&Medical-Othe Public Sector,COMMUNITY SERVICES,SOLIHULL METROPOLITAN BOROUGH COUNCIL,26264269,"758,150.00 ",,SBCFM121819,,
Department of Health,NHS Birmingham & Solihull CCG,3/31/2019,Hcare Srv Rec Oth-NHS-Prior Year,MENTAL CAPACITY ACT,SOLIHULL MIND,26317684,"50,000.00 ",,100536,,
Department of Health,NHS Birmingham & Solihull CCG,3/31/2019,Clinical&Medical-Independent Sector,INTERMEDIATE CARE,SOUTH DOC SERVICES LTD,26264221,"75,062.22 ",,EABM121819,,
Department of Health,NHS Birmingham & Solihull CCG,3/31/2019,Clinical&Medical-Independent Sector,OUT OF HOURS,SOUTH DOC SERVICES LTD,26264042,"215,413.00 ",,KATRDMAR19,,
Department of Health,NHS Birmingham & Solihull CCG,3/31/2019,Hlthcre-Foundation Trsts,ACUTE COMMISSIONING,SOUTH WARWICKSHIRE NHS FOUNDATION TRUST,26429469,"346,858.58 ",654942118,BS13M121819,,
Department of Health,NHS Birmingham & Solihull CCG,3/31/2019,Hlthcre-Foundation Trsts,ACUTE COMMISSIONING,SOUTH WARWICKSHIRE NHS FOUNDATION TRUST,26292293,"32,530.00 ",654942118,W0113334,,
Department of Health,NHS Birmingham & Solihull CCG,3/31/2019,Cont Care-Physical Disab (65+),CHC ADULT FULLY FUNDED,SOUTHSIDE CARE GROUP,26545361,"28,600.00 ",,INV3065A,,
Department of Health,NHS Birmingham & Solihull CCG,3/31/2019,C&M-PMS Contract Value,PRC DELEGATED CO-COMMISSIONING,SPARKBROOK COMMUNITY & HC,26498282,"46,578.98 ",,BIR000039889,,
Department of Health,NHS Birmingham & Solihull CCG,3/31/2019,Clinical&Medical-Independent Sector,COLLABORATIVE COMMISSIONING,SPECSAVERS HEARCARE LTD,26187916,"40,283.60 ",892237991,20030896,,
Department of Health,NHS Birmingham & Solihull CCG,3/31/2019,Clinical&Medical-Independent Sector,COMMISSIONING - NON ACUTE,SPECSAVERS HEARCARE LTD,26245797,"44,892.00 ",892237991,20030904,,
Department of Health,NHS Birmingham & Solihull CCG,3/31/2019,Clinical&Medical-Independent Sector,COMMISSIONING - NON ACUTE,SPECSAVERS HEARCARE LTD,26245786,"34,987.00 ",892237991,21350937,,
Department of Health,NHS Birmingham & Solihull CCG,3/31/2019,Clinical&Medical-Independent Sector,ACUTE COMMISSIONING,SPIRE HEALTHCARE LTD,26124399,"34,134.22 ",915970991,15ELASCQ1819M01M06,,
Department of Health,NHS Birmingham & Solihull CCG,3/31/2019,Clinical&Medical-Independent Sector,ACUTE COMMISSIONING,SPIRE HEALTHCARE LTD,26245941,"330,885.00 ",915970991,15ELASPF181912,,
Department of Health,NHS Birmingham & Solihull CCG,3/31/2019,Clinical&Medical-Independent Sector,ACUTE COMMISSIONING,SPIRE HEALTHCARE LTD,26124474,"45,695.60 ",915970991,15ELASREC181909,,
Department of Health,NHS Birmingham & Solihull CCG,3/31/2019,Clinical&Medical-Independent Sector,ACUTE COMMISSIONING,SPIRE HEALTHCARE LTD,26148686,"59,951.97 ",915970991,15EPKYCQ1819M01M06,,
Department of Health,NHS Birmingham & Solihull CCG,3/31/2019,Clinical&Medical-Independent Sector,ACUTE COMMISSIONING,SPIRE HEALTHCARE LTD,26245928,"718,228.00 ",915970991,15EPKYPF181912,,
Department of Health,NHS Birmingham & Solihull CCG,3/31/2019,Clinical&Medical-Independent Sector,ACUTE COMMISSIONING,SPIRE HEALTHCARE LTD,26124472,"(122,436.20) ",915970991,15EPKYREC181909,,
Department of Health,NHS Birmingham & Solihull CCG,3/31/2019,Clinical&Medical-Voluntary Sector,HOSPICES,ST GILES HOSPICE,26264187,"43,056.38 ",486883086,BXC16M121819,,
Department of Health,NHS Birmingham & Solihull CCG,3/31/2019,Clinical&Medical-Voluntary Sector,MENTAL HEALTH CONTRACTS,STONHAM,26343722,"28,699.00 ",,MH1819M2015,,
Department of Health,NHS Birmingham & Solihull CCG,3/31/2019,C&M-PMS Contract Value,PRC DELEGATED CO-COMMISSIONING,STRENSHAM ROAD SURGERY DR SHEIKH,26498284,"40,669.80 ",,BIR000039891,,
Department of Health,NHS Birmingham & Solihull CCG,3/31/2019,C&M-GMS Global Sum,PRC DELEGATED CO-COMMISSIONING,TUDOR PRACTICE STOCKLAND GREEN LTD,26498286,"31,687.35 ",,BIR000039893,,
Department of Health,NHS Birmingham & Solihull CCG,3/31/2019,Hcare Srv Rec Fdtn Trust-Non Contract,NCAS/OATS,UNIVERSITY COLLEGE LONDON HOSPITALS NHS FOUNDATION TRUST,26269645,"27,389.00 ",654948687,5010186337,,
Department of Health,NHS Birmingham & Solihull CCG,3/31/2019,Hcare Srv Rec Fdtn Trust-Non Contract,NCAS/OATS,UNIVERSITY COLLEGE LONDON HOSPITALS NHS FOUNDATION TRUST,26439841,"36,280.00 ",654948687,5010194273,,
Department of Health,NHS Birmingham & Solihull CCG,3/31/2019,Hcare Srv Rec Fdtn Trust-Contract Baseline,ACUTE COMMISSIONING,UNIVERSITY HOSPITALS BIRMINGHAM NHS FOUNDATION TRUST,26429446,"33,216,790.83 ",GB654912816,BS07M121819,,
Department of Health,NHS Birmingham & Solihull CCG,3/31/2019,Hcare Srv Rec Fdtn Trust-Contract Baseline,COMMUNITY SERVICES,UNIVERSITY HOSPITALS BIRMINGHAM NHS FOUNDATION TRUST,26429450,"1,541,237.06 ",GB654912816,BS08M121819,,
Department of Health,NHS Birmingham & Solihull CCG,3/31/2019,Hlthcre-Foundation Trsts,ACUTE COMMISSIONING,UNIVERSITY HOSPITALS BIRMINGHAM NHS FOUNDATION TRUST,26429480,"15,565,565.25 ",GB654912816,BS15M121819,,
Department of Health,NHS Birmingham & Solihull CCG,3/31/2019,Hlthcre-Foundation Trsts,PRESCRIBING,UNIVERSITY HOSPITALS BIRMINGHAM NHS FOUNDATION TRUST,26513573,"158,275.00 ",GB654912816,OHA003620,,
Department of Health,NHS Birmingham & Solihull CCG,3/31/2019,Hlthcre-Foundation Trsts,COMMUNITY SERVICES,UNIVERSITY HOSPITALS BIRMINGHAM NHS FOUNDATION TRUST,26269806,"35,231.93 ",GB654912816,OHA005513,,
Department of Health,NHS Birmingham & Solihull CCG,3/31/2019,Hcare Srv Rec Fdtn Trust-Contract Baseline,COMMUNITY SERVICES,UNIVERSITY HOSPITALS BIRMINGHAM NHS FOUNDATION TRUST,26229219,"45,863.00 ",GB654912816,OHA007467,,
Department of Health,NHS Birmingham & Solihull CCG,3/31/2019,Hcare Srv Rec Fdtn Trust-Prior Year,ACUTE COMMISSIONING,UNIVERSITY HOSPITALS BIRMINGHAM NHS FOUNDATION TRUST,26245687,"(619,858.00) ",GB654912816,OPC126774,,
Department of Health,NHS Birmingham & Solihull CCG,3/31/2019,Hlthcre-Foundation Trsts,NCAS/OATS,UNIVERSITY HOSPITALS BIRMINGHAM NHS FOUNDATION TRUST,26245742,"69,972.72 ",GB654912816,OPU044452,,
Department of Health,NHS Birmingham & Solihull CCG,3/31/2019,Hlthcre-Foundation Trsts,ACUTE COMMISSIONING,UNIVERSITY HOSPITALS BIRMINGHAM NHS FOUNDATION TRUST,26245746,"76,264.11 ",GB654912816,OPU044468,,
Department of Health,NHS Birmingham & Solihull CCG,3/31/2019,Hlthcre-Foundation Trsts,ACUTE COMMISSIONING,UNIVERSITY HOSPITALS BIRMINGHAM NHS FOUNDATION TRUST,26245748,"154,741.23 ",GB654912816,OPU044469,,
Department of Health,NHS Birmingham & Solihull CCG,3/31/2019,Hcare Srv Rec Fdtn Trust-Non Contract,NCAS/OATS,UNIVERSITY HOSPITALS BIRMINGHAM NHS FOUNDATION TRUST,26245750,"65,138.88 ",GB654912816,OPU044470,,
Department of Health,NHS Birmingham & Solihull CCG,3/31/2019,Hlthcre-Foundation Trsts,ACUTE COMMISSIONING,UNIVERSITY HOSPITALS BIRMINGHAM NHS FOUNDATION TRUST,26190128,"412,500.00 ",GB654912816,OPU046519,,
Department of Health,NHS Birmingham & Solihull CCG,3/31/2019,Clinical&Medical-Voluntary Sector,COMMUNITY SERVICES,UNIVERSITY HOSPITALS BIRMINGHAM NHS FOUNDATION TRUST,26513892,"60,000.00 ",GB654912816,OPU049053,,
Department of Health,NHS Birmingham & Solihull CCG,3/31/2019,Hlthcre-Foundation Trsts,ACUTE COMMISSIONING,UNIVERSITY HOSPITALS BIRMINGHAM NHS FOUNDATION TRUST,26422763,"834,667.00 ",GB654912816,OPU049398,,
Department of Health,NHS Birmingham & Solihull CCG,3/31/2019,Hlthcre-Foundation Trsts,ACUTE COMMISSIONING,UNIVERSITY HOSPITALS BIRMINGHAM NHS FOUNDATION TRUST,26545613,"2,000,000.00 ",GB654912816,OPU052950,,
Department of Health,NHS Birmingham & Solihull CCG,3/31/2019,Hcare Srv Rec NHS Trust,ACUTE COMMISSIONING,UNIVERSITY HOSPITALS COVENTRY AND WARWICKSHIRE NHS TRUST,26429484,"240,745.83 ",654949096,BS16M121819,,
Department of Health,NHS Birmingham & Solihull CCG,3/31/2019,Hcare Srv Rec NHS Trust,ACUTE COMMISSIONING,UNIVERSITY HOSPITALS COVENTRY AND WARWICKSHIRE NHS TRUST,26521738,"602,925.00 ",654949096,BS16M121819B,,
Department of Health,NHS Birmingham & Solihull CCG,3/31/2019,Hcare Srv Rec NHS Trust,ACUTE COMMISSIONING,UNIVERSITY HOSPITALS COVENTRY AND WARWICKSHIRE NHS TRUST,26429487,"51,064.62 ",654949096,BS17M121819,,
Department of Health,NHS Birmingham & Solihull CCG,3/31/2019,Hlthcre-Foundation Trsts,ACUTE COMMISSIONING,UNIVERSITY HOSPITALS OF DERBY & BURTON NHS FOUNDATION TRUST,26429440,"58,123.75 ",654967976,BS04M121819,,
Department of Health,NHS Birmingham & Solihull CCG,3/31/2019,Hcare Srv Rec NHS Trust-Non Contract,NCAS/OATS,UNIVERSITY HOSPITALS OF LEICESTER NHS TRUST,26421921,"40,043.03 ",654972400,L0217194,,
Department of Health,NHS Birmingham & Solihull CCG,3/31/2019,Hcare Srv Rec NHS Trust,ACUTE COMMISSIONING,UNIVERSITY HOSPITALS OF NORTH MIDLANDS NHS TRUST,26429491,"58,567.33 ",654932808,BS18M121819,,
Department of Health,NHS Birmingham & Solihull CCG,3/31/2019,Hcare Srv Rec NHS Trust-Prior Year,NCAS/OATS,UNIVERSITY HOSPITALS OF NORTH MIDLANDS NHS TRUST,26245883,"(28,168.93) ",654932808,C0000227,,
Department of Health,NHS Birmingham & Solihull CCG,3/31/2019,Hcare Srv Rec NHS Trust-Prior Year,NCAS/OATS,UNIVERSITY HOSPITALS OF NORTH MIDLANDS NHS TRUST,26245674,"28,168.93 ",654932808,I0003096,,
Department of Health,NHS Birmingham & Solihull CCG,3/31/2019,Hcare Srv Rec NHS Trust-Non Contract,NCAS/OATS,UNIVERSITY HOSPITALS PLYMOUTH NHS TRUST,26439599,"83,952.97 ",GB654936600,920864,,
Department of Health,NHS Birmingham & Solihull CCG,3/31/2019,Clinical&Medical-Independent Sector,OUT OF HOURS,VIRGIN CARE VERTIS LLP,26264082,"164,153.00 ",GB918510332-1,VIRGINMAR19,,
Department of Health,NHS Birmingham & Solihull CCG,3/31/2019,Hcare Srv Rec NHS Trust,ACUTE COMMISSIONING,WALSALL HEALTHCARE NHS TRUST,26429503,"153,649.50 ",654948981,BS21M121819,,
Department of Health,NHS Birmingham & Solihull CCG,3/31/2019,Hlthcre-Foundation Trsts,AMBULANCE SERVICES,WEST MIDLANDS AMBULANCE SERVICE NHS FOUNDATION TRUST,26245869,"72,386.00 ",GB654950708,B0001840,,
Department of Health,NHS Birmingham & Solihull CCG,3/31/2019,Hlthcre-Foundation Trsts,AMBULANCE SERVICES,WEST MIDLANDS AMBULANCE SERVICE NHS FOUNDATION TRUST,26245852,"191,736.63 ",GB654950708,B0001862,,
Department of Health,NHS Birmingham & Solihull CCG,3/31/2019,Other Transport Costs,ACUTE COMMISSIONING,WEST MIDLANDS AMBULANCE SERVICE NHS FOUNDATION TRUST,26429438,"569,239.08 ",GB654950708,BS03M121819,,
Department of Health,NHS Birmingham & Solihull CCG,3/31/2019,Hlthcre-Foundation Trsts,AMBULANCE SERVICES,WEST MIDLANDS AMBULANCE SERVICE NHS FOUNDATION TRUST,26429511,"3,452,900.17 ",GB654950708,BS23M121819,,
Department of Health,NHS Birmingham & Solihull CCG,3/31/2019,Clinical&Medical-Independent Sector,LEARNING DIFFICULTIES,WIDER OPTIONS (3) LTD,26343680,"63,105.18 ",,LD1819MAR24,,
Department of Health,NHS Birmingham & Solihull CCG,3/31/2019,Cont Care-Interim Funding(Pre Panel),CHC ADULT FULLY FUNDED,WILLINBROOK HEALTHCARE LTD,26317755,"61,308.41 ",,0120194975A,,
Department of Health,NHS Birmingham & Solihull CCG,3/31/2019,Cont Care-Mental Health (65+),CHC ADULT FULLY FUNDED,WILLINBROOK HEALTHCARE LTD,26349836,"45,720.00 ",,BC1656362202,,
Department of Health,NHS Birmingham & Solihull CCG,3/31/2019,C&M-GMS Global Sum,PRC DELEGATED CO-COMMISSIONING,WOODLAND ROAD SURGERY,26519995,"45,261.29 ",,BIR000039901,,
Department of Health,NHS Birmingham & Solihull CCG,3/31/2019,Hcare Srv Rec NHS Trust-Prior Year,ACUTE COMMISSIONING,WORCESTERSHIRE ACUTE HOSPITALS NHS TRUST,25868643,"(25,553.13) ",654973788,4454241,,
Department of Health,NHS Birmingham & Solihull CCG,3/31/2019,Hcare Srv Rec NHS Trust-Prior Year,ACUTE COMMISSIONING,WORCESTERSHIRE ACUTE HOSPITALS NHS TRUST,26429545,"25,553.28 ",654973788,19ADJM121819,,
Department of Health,NHS Birmingham & Solihull CCG,3/31/2019,Hcare Srv Rec NHS Trust,ACUTE COMMISSIONING,WORCESTERSHIRE ACUTE HOSPITALS NHS TRUST,26429495,"341,003.17 ",654973788,BS19M121819,,
Department of Health,NHS Birmingham & Solihull CCG,3/31/2019,Hcare Srv Rec NHS Trust,COMMUNITY SERVICES,WORCESTERSHIRE HEALTH & CARE NHS TRUST,26429500,"41,121.98 ",654973690,BS20M121819,,
Department of Health,NHS Birmingham & Solihull CCG,3/31/2019,C&M-GMS Global Sum,PRC DELEGATED CO-COMMISSIONING,YARDLEY WOOD HEALTH CENTRE,26496319,"67,797.75 ",,BIR000039672,,
,,,,,,,"126,301,394.00 ",,,,
,,,,,,,,,,,
,,,,,,,,,,,
,,,,,,,,,,,
,,,,,,,,,,,
,,,,,,,,,,,
,,,,,,,,,,,
,,,,,,,,,,,
,,,,,,,,,,,
,,,,,,,,,,,
,,,,,,,,,,,
,,,,,,,,,,,
,,,,,,,,,,,
,,,,,,,,,,,
,,,,,,,,,,,
,,,,,,,,,,,
,,,,,,,,,,,
,,,,,,,,,,,
,,,,,,,,,,,
,,,,,,,,,,,
,,,,,,,,,,,
,,,,,,,,,,,
,,,,,,,,,,,
,,,,,,,,,,,
,,,,,,,,,,,
,,,,,,,,,,,
,,,,,,,,,,,
,,,,,,,,,,,
,,,,,,,,,,,
,,,,,,,,,,,
,,,,,,,,,,,
,,,,,,,,,,,
,,,,,,,,,,,
,,,,,,,,,,,
,,,,,,,,,,,
,,,,,,,,,,,
,,,,,,,,,,,
,,,,,,,,,,,
,,,,,,,,,,,
,,,,,,,,,,,
,,,,,,,,,,,
,,,,,,,,,,,
,,,,,,,,,,,
,,,,,,,,,,,
,,,,,,,,,,,
,,,,,,,,,,,
,,,,,,,,,,,
,,,,,,,,,,,
,,,,,,,,,,,
,,,,,,,,,,,
,,,,,,,,,,,
,,,,,,,,,,,
,,,,,,,,,,,
,,,,,,,,,,,
,,,,,,,,,,,
,,,,,,,,,,,
,,,,,,,,,,,
,,,,,,,,,,,
,,,,,,,,,,,
,,,,,,,,,,,
,,,,,,,,,,,
,,,,,,,,,,,
,,,,,,,,,,,
,,,,,,,,,,,
,,,,,,,,,,,
,,,,,,,,,,,
,,,,,,,,,,,
,,,,,,,,,,,
,,,,,,,,,,,
,,,,,,,,,,,
,,,,,,,,,,,
,,,,,,,,,,,
,,,,,,,,,,,
,,,,,,,,,,,
,,,,,,,,,,,
,,,,,,,,,,,
,,,,,,,,,,,
,,,,,,,,,,,
,,,,,,,,,,,
,,,,,,,,,,,
,,,,,,,,,,,
,,,,,,,,,,,
,,,,,,,,,,,
,,,,,,,,,,,
,,,,,,,,,,,
,,,,,,,,,,,
,,,,,,,,,,,
,,,,,,,,,,,
,,,,,,,,,,,
,,,,,,,,,,,
,,,,,,,,,,,
,,,,,,,,,,,
,,,,,,,,,,,
,,,,,,,,,,,
,,,,,,,,,,,
,,,,,,,,,,,
,,,,,,,,,,,
,,,,,,,,,,,
,,,,,,,,,,,
,,,,,,,,,,,
,,,,,,,,,,,
,,,,,,,,,,,
,,,,,,,,,,,
,,,,,,,,,,,
,,,,,,,,,,,
,,,,,,,,,,,
,,,,,,,,,,,
,,,,,,,,,,,
,,,,,,,,,,,
,,,,,,,,,,,
,,,,,,,,,,,
,,,,,,,,,,,
,,,,,,,,,,,
,,,,,,,,,,,
,,,,,,,,,,,
,,,,,,,,,,,
,,,,,,,,,,,
,,,,,,,,,,,
,,,,,,,,,,,
,,,,,,,,,,,
,,,,,,,,,,,
,,,,,,,,,,,
,,,,,,,,,,,
,,,,,,,,,,,
,,,,,,,,,,,
,,,,,,,,,,,
,,,,,,,,,,,
,,,,,,,,,,,
,,,,,,,,,,,
,,,,,,,,,,,
,,,,,,,,,,,
,,,,,,,,,,,
,,,,,,,,,,,
,,,,,,,,,,,
,,,,,,,,,,,
,,,,,,,,,,,
,,,,,,,,,,,
,,,,,,,,,,,
,,,,,,,,,,,
,,,,,,,,,,,
,,,,,,,,,,,
,,,,,,,,,,,
,,,,,,,,,,,
,,,,,,,,,,,
,,,,,,,,,,,
,,,,,,,,,,,
,,,,,,,,,,,
,,,,,,,,,,,
,,,,,,,,,,,
,,,,,,,,,,,
,,,,,,,,,,,
,,,,,,,,,,,
,,,,,,,,,,,
,,,,,,,,,,,
,,,,,,,,,,,
,,,,,,,,,,,
,,,,,,,,,,,
,,,,,,,,,,,
,,,,,,,,,,,
,,,,,,,,,,,
,,,,,,,,,,,
,,,,,,,,,,,
,,,,,,,,,,,
,,,,,,,,,,,
,,,,,,,,,,,
,,,,,,,,,,,
,,,,,,,,,,,
,,,,,,,,,,,
,,,,,,,,,,,
,,,,,,,,,,,
,,,,,,,,,,,
,,,,,,,,,,,
,,,,,,,,,,,
,,,,,,,,,,,
,,,,,,,,,,,
,,,,,,,,,,,
,,,,,,,,,,,
,,,,,,,,,,,
,,,,,,,,,,,
,,,,,,,,,,,
,,,,,,,,,,,
,,,,,,,,,,,
,,,,,,,,,,,
,,,,,,,,,,,
,,,,,,,,,,,
,,,,,,,,,,,
,,,,,,,,,,,
,,,,,,,,,,,
,,,,,,,,,,,
,,,,,,,,,,,
,,,,,,,,,,,
,,,,,,,,,,,
,,,,,,,,,,,
,,,,,,,,,,,
,,,,,,,,,,,
,,,,,,,,,,,
,,,,,,,,,,,
,,,,,,,,,,,
,,,,,,,,,,,
,,,,,,,,,,,
,,,,,,,,,,,
,,,,,,,,,,,
,,,,,,,,,,,
,,,,,,,,,,,
,,,,,,,,,,,
,,,,,,,,,,,
,,,,,,,,,,,
,,,,,,,,,,,
,,,,,,,,,,,
,,,,,,,,,,,
,,,,,,,,,,,
,,,,,,,,,,,
,,,,,,,,,,,
,,,,,,,,,,,
,,,,,,,,,,,
,,,,,,,,,,,
,,,,,,,,,,,
,,,,,,,,,,,
,,,,,,,,,,,
,,,,,,,,,,,
,,,,,,,,,,,
,,,,,,,,,,,
,,,,,,,,,,,
,,,,,,,,,,,
,,,,,,,,,,,
,,,,,,,,,,,
,,,,,,,,,,,
,,,,,,,,,,,
,,,,,,,,,,,
,,,,,,,,,,,
,,,,,,,,,,,
,,,,,,,,,,,
,,,,,,,,,,,
,,,,,,,,,,,
,,,,,,,,,,,
,,,,,,,,,,,
,,,,,,,,,,,
,,,,,,,,,,,
,,,,,,,,,,,
,,,,,,,,,,,
,,,,,,,,,,,
,,,,,,,,,,,
,,,,,,,,,,,
,,,,,,,,,,,
,,,,,,,,,,,
,,,,,,,,,,,
,,,,,,,,,,,
,,,,,,,,,,,
,,,,,,,,,,,
,,,,,,,,,,,
,,,,,,,,,,,
,,,,,,,,,,,
,,,,,,,,,,,
,,,,,,,,,,,
,,,,,,,,,,,
,,,,,,,,,,,
,,,,,,,,,,,
,,,,,,,,,,,
,,,,,,,,,,,
,,,,,,,,,,,
,,,,,,,,,,,
,,,,,,,,,,,
,,,,,,,,,,,
,,,,,,,,,,,
,,,,,,,,,,,
,,,,,,,,,,,
,,,,,,,,,,,
,,,,,,,,,,,
,,,,,,,,,,,
,,,,,,,,,,,
,,,,,,,,,,,
,,,,,,,,,,,
,,,,,,,,,,,
,,,,,,,,,,,
,,,,,,,,,,,
,,,,,,,,,,,
,,,,,,,,,,,
,,,,,,,,,,,
,,,,,,,,,,,
,,,,,,,,,,,
,,,,,,,,,,,
,,,,,,,,,,,
,,,,,,,,,,,
,,,,,,,,,,,
,,,,,,,,,,,
,,,,,,,,,,,
,,,,,,,,,,,
,,,,,,,,,,,
,,,,,,,,,,,
,,,,,,,,,,,
,,,,,,,,,,,
,,,,,,,,,,,
,,,,,,,,,,,
,,,,,,,,,,,
,,,,,,,,,,,
,,,,,,,,,,,
,,,,,,,,,,,
,,,,,,,,,,,
,,,,,,,,,,,
,,,,,,,,,,,
,,,,,,,,,,,
,,,,,,,,,,,
,,,,,,,,,,,
,,,,,,,,,,,
,,,,,,,,,,,
,,,,,,,,,,,
,,,,,,,,,,,
,,,,,,,,,,,
,,,,,,,,,,,
,,,,,,,,,,,
,,,,,,,,,,,
,,,,,,,,,,,
,,,,,,,,,,,
,,,,,,,,,,,
,,,,,,,,,,,
,,,,,,,,,,,
,,,,,,,,,,,
,,,,,,,,,,,
,,,,,,,,,,,
,,,,,,,,,,,
,,,,,,,,,,,
,,,,,,,,,,,
,,,,,,,,,,,
,,,,,,,,,,,
,,,,,,,,,,,
,,,,,,,,,,,
,,,,,,,,,,,
,,,,,,,,,,,
,,,,,,,,,,,
,,,,,,,,,,,
,,,,,,,,,,,
,,,,,,,,,,,
,,,,,,,,,,,
,,,,,,,,,,,
,,,,,,,,,,,
,,,,,,,,,,,
,,,,,,,,,,,
,,,,,,,,,,,
,,,,,,,,,,,
,,,,,,,,,,,
,,,,,,,,,,,
,,,,,,,,,,,
,,,,,,,,,,,
,,,,,,,,,,,
,,,,,,,,,,,
,,,,,,,,,,,
,,,,,,,,,,,
,,,,,,,,,,,
,,,,,,,,,,,
,,,,,,,,,,,
,,,,,,,,,,,
,,,,,,,,,,,
,,,,,,,,,,,
,,,,,,,,,,,
,,,,,,,,,,,
,,,,,,,,,,,
,,,,,,,,,,,
,,,,,,,,,,,
,,,,,,,,,,,
,,,,,,,,,,,
,,,,,,,,,,,
,,,,,,,,,,,
,,,,,,,,,,,
,,,,,,,,,,,
,,,,,,,,,,,
,,,,,,,,,,,
,,,,,,,,,,,
,,,,,,,,,,,
,,,,,,,,,,,
,,,,,,,,,,,
,,,,,,,,,,,
,,,,,,,,,,,
,,,,,,,,,,,
,,,,,,,,,,,
,,,,,,,,,,,
,,,,,,,,,,,
,,,,,,,,,,,
,,,,,,,,,,,
,,,,,,,,,,,
,,,,,,,,,,,
,,,,,,,,,,,
,,,,,,,,,,,
,,,,,,,,,,,
,,,,,,,,,,,
,,,,,,,,,,,
,,,,,,,,,,,
,,,,,,,,,,,
,,,,,,,,,,,
,,,,,,,,,,,
,,,,,,,,,,,
,,,,,,,,,,,
,,,,,,,,,,,
,,,,,,,,,,,
,,,,,,,,,,,
,,,,,,,,,,,
,,,,,,,,,,,
,,,,,,,,,,,
,,,,,,,,,,,
,,,,,,,,,,,
,,,,,,,,,,,
,,,,,,,,,,,
,,,,,,,,,,,
,,,,,,,,,,,
,,,,,,,,,,,
,,,,,,,,,,,
,,,,,,,,,,,
,,,,,,,,,,,
,,,,,,,,,,,
,,,,,,,,,,,
,,,,,,,,,,,
,,,,,,,,,,,
,,,,,,,,,,,
,,,,,,,,,,,
,,,,,,,,,,,
,,,,,,,,,,,
,,,,,,,,,,,
,,,,,,,,,,,
,,,,,,,,,,,
,,,,,,,,,,,
,,,,,,,,,,,
,,,,,,,,,,,
,,,,,,,,,,,
,,,,,,,,,,,
,,,,,,,,,,,
,,,,,,,,,,,
,,,,,,,,,,,
,,,,,,,,,,,
,,,,,,,,,,,
,,,,,,,,,,,
,,,,,,,,,,,
,,,,,,,,,,,
,,,,,,,,,,,
,,,,,,,,,,,
,,,,,,,,,,,
,,,,,,,,,,,
,,,,,,,,,,,
,,,,,,,,,,,
,,,,,,,,,,,
,,,,,,,,,,,
,,,,,,,,,,,
,,,,,,,,,,,
,,,,,,,,,,,
,,,,,,,,,,,
,,,,,,,,,,,
,,,,,,,,,,,
,,,,,,,,,,,
,,,,,,,,,,,
,,,,,,,,,,,
,,,,,,,,,,,
,,,,,,,,,,,
,,,,,,,,,,,
,,,,,,,,,,,
,,,,,,,,,,,
,,,,,,,,,,,
,,,,,,,,,,,
,,,,,,,,,,,
,,,,,,,,,,,
,,,,,,,,,,,
,,,,,,,,,,,
,,,,,,,,,,,
,,,,,,,,,,,
,,,,,,,,,,,
,,,,,,,,,,,
,,,,,,,,,,,
,,,,,,,,,,,
,,,,,,,,,,,
,,,,,,,,,,,
,,,,,,,,,,,
,,,,,,,,,,,
,,,,,,,,,,,
,,,,,,,,,,,
,,,,,,,,,,,
,,,,,,,,,,,
,,,,,,,,,,,
,,,,,,,,,,,
,,,,,,,,,,,
,,,,,,,,,,,
,,,,,,,,,,,
,,,,,,,,,,,
,,,,,,,,,,,
,,,,,,,,,,,
,,,,,,,,,,,
,,,,,,,,,,,
,,,,,,,,,,,
,,,,,,,,,,,
,,,,,,,,,,,
,,,,,,,,,,,
,,,,,,,,,,,
,,,,,,,,,,,
,,,,,,,,,,,
,,,,,,,,,,,
,,,,,,,,,,,
,,,,,,,,,,,
,,,,,,,,,,,
,,,,,,,,,,,
,,,,,,,,,,,
,,,,,,,,,,,
,,,,,,,,,,,
,,,,,,,,,,,
,,,,,,,,,,,
,,,,,,,,,,,
,,,,,,,,,,,
,,,,,,,,,,,
,,,,,,,,,,,
,,,,,,,,,,,
,,,,,,,,,,,
,,,,,,,,,,,
,,,,,,,,,,,
,,,,,,,,,,,
,,,,,,,,,,,
,,,,,,,,,,,
,,,,,,,,,,,
,,,,,,,,,,,
,,,,,,,,,,,
,,,,,,,,,,,
,,,,,,,,,,,
,,,,,,,,,,,
,,,,,,,,,,,
,,,,,,,,,,,
,,,,,,,,,,,
,,,,,,,,,,,
,,,,,,,,,,,
,,,,,,,,,,,
,,,,,,,,,,,
,,,,,,,,,,,
,,,,,,,,,,,
,,,,,,,,,,,
,,,,,,,,,,,
,,,,,,,,,,,
,,,,,,,,,,,
,,,,,,,,,,,
,,,,,,,,,,,
,,,,,,,,,,,
,,,,,,,,,,,
,,,,,,,,,,,
,,,,,,,,,,,
,,,,,,,,,,,
,,,,,,,,,,,
,,,,,,,,,,,
,,,,,,,,,,,
,,,,,,,,,,,
,,,,,,,,,,,
,,,,,,,,,,,
,,,,,,,,,,,
,,,,,,,,,,,
,,,,,,,,,,,
,,,,,,,,,,,
,,,,,,,,,,,
,,,,,,,,,,,
,,,,,,,,,,,
,,,,,,,,,,,
,,,,,,,,,,,
,,,,,,,,,,,
,,,,,,,,,,,
,,,,,,,,,,,
,,,,,,,,,,,
,,,,,,,,,,,
,,,,,,,,,,,
,,,,,,,,,,,
,,,,,,,,,,,
,,,,,,,,,,,
,,,,,,,,,,,
,,,,,,,,,,,
,,,,,,,,,,,
,,,,,,,,,,,
,,,,,,,,,,,
,,,,,,,,,,,
,,,,,,,,,,,
,,,,,,,,,,,
,,,,,,,,,,,
,,,,,,,,,,,
,,,,,,,,,,,
,,,,,,,,,,,
,,,,,,,,,,,
,,,,,,,,,,,
,,,,,,,,,,,
,,,,,,,,,,,
,,,,,,,,,,,
,,,,,,,,,,,
,,,,,,,,,,,
,,,,,,,,,,,
,,,,,,,,,,,
,,,,,,,,,,,
,,,,,,,,,,,
,,,,,,,,,,,
,,,,,,,,,,,
,,,,,,,,,,,
,,,,,,,,,,,
,,,,,,,,,,,
,,,,,,,,,,,
,,,,,,,,,,,
,,,,,,,,,,,
,,,,,,,,,,,
,,,,,,,,,,,
,,,,,,,,,,,
,,,,,,,,,,,
,,,,,,,,,,,
,,,,,,,,,,,
,,,,,,,,,,,
,,,,,,,,,,,
,,,,,,,,,,,
,,,,,,,,,,,
,,,,,,,,,,,
,,,,,,,,,,,
,,,,,,,,,,,
,,,,,,,,,,,
,,,,,,,,,,,
,,,,,,,,,,,
,,,,,,,,,,,
,,,,,,,,,,,
,,,,,,,,,,,
,,,,,,,,,,,
,,,,,,,,,,,
,,,,,,,,,,,
,,,,,,,,,,,
,,,,,,,,,,,
,,,,,,,,,,,
,,,,,,,,,,,
,,,,,,,,,,,
,,,,,,,,,,,
,,,,,,,,,,,
,,,,,,,,,,,
,,,,,,,,,,,
,,,,,,,,,,,
,,,,,,,,,,,
,,,,,,,,,,,
,,,,,,,,,,,
,,,,,,,,,,,
,,,,,,,,,,,
,,,,,,,,,,,
,,,,,,,,,,,
,,,,,,,,,,,
,,,,,,,,,,,
,,,,,,,,,,,
,,,,,,,,,,,
,,,,,,,,,,,
,,,,,,,,,,,
,,,,,,,,,,,
,,,,,,,,,,,
,,,,,,,,,,,
,,,,,,,,,,,
,,,,,,,,,,,
,,,,,,,,,,,
,,,,,,,,,,,
,,,,,,,,,,,
,,,,,,,,,,,
,,,,,,,,,,,
,,,,,,,,,,,
,,,,,,,,,,,
,,,,,,,,,,,
,,,,,,,,,,,
,,,,,,,,,,,
,,,,,,,,,,,
,,,,,,,,,,,
,,,,,,,,,,,
